ISO-10303-21;
HEADER;
FILE_DESCRIPTION (( 'STEP AP214' ),
    '1' );
FILE_NAME ('F920CF57-A7A5-453B-BFCC-1C78B470FC32.STEP',
    '2026-05-01T06:01:01',
    ( '' ),
    ( '' ),
    'SwSTEP 2.0',
    'SolidWorks 2022',
    '' );
FILE_SCHEMA (( 'AUTOMOTIVE_DESIGN' ));
ENDSEC;

DATA;
#1 = VERTEX_POINT ( 'NONE', #841 ) ;
#2 = DIRECTION ( 'NONE',  ( 1.000000000000000000, 0.0000000000000000000, 0.0000000000000000000 ) ) ;
#3 = DIRECTION ( 'NONE',  ( 0.0000000000000000000, -5.656953280976839459E-17, 1.000000000000000000 ) ) ;
#4 = EDGE_CURVE ( 'NONE', #763, #2482, #2140, .T. ) ;
#5 = ADVANCED_FACE ( 'NONE', ( #2344 ), #1268, .T. ) ;
#6 = LINE ( 'NONE', #1035, #915 ) ;
#7 = VERTEX_POINT ( 'NONE', #1450 ) ;
#8 = CARTESIAN_POINT ( 'NONE',  ( 6.990000000000000213, -0.8699999999999993294, 6.990000000000000213 ) ) ;
#9 = LINE ( 'NONE', #844, #1004 ) ;
#10 = VERTEX_POINT ( 'NONE', #1084 ) ;
#11 = LINE ( 'NONE', #1276, #1265 ) ;
#12 = CARTESIAN_POINT ( 'NONE',  ( 3.600000000000000533, 5.679999999999999716, 2.780000000000002025 ) ) ;
#13 = ORIENTED_EDGE ( 'NONE', *, *, #736, .F. ) ;
#14 = CARTESIAN_POINT ( 'NONE',  ( 0.0000000000000000000, -0.8699999999999997735, 0.0000000000000000000 ) ) ;
#15 = PLANE ( 'NONE',  #1394 ) ;
#16 = VERTEX_POINT ( 'NONE', #1709 ) ;
#17 = EDGE_CURVE ( 'NONE', #1203, #1626, #2356, .T. ) ;
#18 = DIRECTION ( 'NONE',  ( -0.0000000000000000000, 0.0000000000000000000, -1.000000000000000000 ) ) ;
#19 = EDGE_CURVE ( 'NONE', #1103, #328, #456, .T. ) ;
#20 = DIRECTION ( 'NONE',  ( -0.0000000000000000000, 1.000000000000000000, 0.0000000000000000000 ) ) ;
#21 = ADVANCED_FACE ( 'NONE', ( #828 ), #1675, .F. ) ;
#22 = ORIENTED_EDGE ( 'NONE', *, *, #1228, .F. ) ;
#23 = ORIENTED_EDGE ( 'NONE', *, *, #829, .T. ) ;
#24 = LINE ( 'NONE', #1233, #2553 ) ;
#25 = CARTESIAN_POINT ( 'NONE',  ( -0.9099999999999999201, -0.05000000000000004441, 8.165000000000002700 ) ) ;
#26 = EDGE_LOOP ( 'NONE', ( #1775, #1764, #40, #1157 ) ) ;
#27 = LINE ( 'NONE', #1046, #1740 ) ;
#28 = LINE ( 'NONE', #840, #2420 ) ;
#29 = ORIENTED_EDGE ( 'NONE', *, *, #1899, .T. ) ;
#30 = AXIS2_PLACEMENT_3D ( 'NONE', #1328, #1540, #1080 ) ;
#31 = DIRECTION ( 'NONE',  ( 0.0000000000000000000, 1.000000000000000000, 0.0000000000000000000 ) ) ;
#32 = VECTOR ( 'NONE', #974, 1000.000000000000000 ) ;
#33 = ORIENTED_EDGE ( 'NONE', *, *, #1588, .T. ) ;
#34 = VECTOR ( 'NONE', #2234, 1000.000000000000000 ) ;
#35 = EDGE_CURVE ( 'NONE', #877, #801, #1333, .T. ) ;
#36 = ORIENTED_EDGE ( 'NONE', *, *, #2054, .F. ) ;
#37 = CARTESIAN_POINT ( 'NONE',  ( -3.459999999999999964, -5.600000000000000533, 5.099999999999999645 ) ) ;
#38 = AXIS2_PLACEMENT_3D ( 'NONE', #1488, #2383, #1321 ) ;
#39 = LINE ( 'NONE', #898, #1214 ) ;
#40 = ORIENTED_EDGE ( 'NONE', *, *, #624, .T. ) ;
#41 = VECTOR ( 'NONE', #2431, 1000.000000000000000 ) ;
#42 = DIRECTION ( 'NONE',  ( 1.000000000000000000, -7.813816312992057195E-18, -1.357136517519679699E-16 ) ) ;
#43 = VECTOR ( 'NONE', #2655, 1000.000000000000000 ) ;
#44 = ORIENTED_EDGE ( 'NONE', *, *, #587, .F. ) ;
#45 = CYLINDRICAL_SURFACE ( 'NONE', #778, 0.8000000000000009326 ) ;
#46 = ORIENTED_EDGE ( 'NONE', *, *, #1732, .F. ) ;
#47 = CARTESIAN_POINT ( 'NONE',  ( -6.989999999999996660, -0.04999999999999978767, -5.820000000000000284 ) ) ;
#48 = VERTEX_POINT ( 'NONE', #949 ) ;
#49 = ORIENTED_EDGE ( 'NONE', *, *, #1930, .T. ) ;
#50 = ORIENTED_EDGE ( 'NONE', *, *, #1909, .F. ) ;
#51 = FACE_OUTER_BOUND ( 'NONE', #311, .T. ) ;
#52 = EDGE_CURVE ( 'NONE', #1203, #2205, #1557, .T. ) ;
#53 = CARTESIAN_POINT ( 'NONE',  ( 4.949999999999999289, -5.600000000000000533, -6.828762922874113952E-16 ) ) ;
#54 = EDGE_CURVE ( 'NONE', #895, #448, #905, .T. ) ;
#55 = CARTESIAN_POINT ( 'NONE',  ( 4.200000000000000178, -5.599999999999975664, 2.800000000000000711 ) ) ;
#56 = DIRECTION ( 'NONE',  ( -1.000000000000000000, 0.0000000000000000000, -0.0000000000000000000 ) ) ;
#57 = CARTESIAN_POINT ( 'NONE',  ( -4.949999999999999289, -7.857179676972450899, -6.828762922874113952E-16 ) ) ;
#58 = DIRECTION ( 'NONE',  ( -1.000000000000000000, -0.0000000000000000000, 0.0000000000000000000 ) ) ;
#59 = EDGE_LOOP ( 'NONE', ( #1866, #2612, #2351, #1687 ) ) ;
#60 = ORIENTED_EDGE ( 'NONE', *, *, #231, .F. ) ;
#61 = CARTESIAN_POINT ( 'NONE',  ( 0.9100000000000000311, -0.8699999999999998845, 8.165000000000002700 ) ) ;
#62 = PLANE ( 'NONE',  #2194 ) ;
#63 = ADVANCED_FACE ( 'NONE', ( #2605 ), #294, .T. ) ;
#64 = DIRECTION ( 'NONE',  ( 0.0000000000000000000, 0.0000000000000000000, 1.000000000000000000 ) ) ;
#65 = EDGE_CURVE ( 'NONE', #953, #285, #88, .T. ) ;
#66 = CARTESIAN_POINT ( 'NONE',  ( 6.990000000000000213, -0.04999999999999978767, 5.820000000000000284 ) ) ;
#67 = VERTEX_POINT ( 'NONE', #1112 ) ;
#68 = CARTESIAN_POINT ( 'NONE',  ( 2.819999999999999396, -0.8699999999999993294, -7.820000000000000284 ) ) ;
#69 = CARTESIAN_POINT ( 'NONE',  ( 7.820000000000000284, -0.04999999999999978767, 7.820000000000000284 ) ) ;
#70 = ADVANCED_FACE ( 'NONE', ( #510 ), #933, .F. ) ;
#71 = CARTESIAN_POINT ( 'NONE',  ( -6.990000000000001990, 0.0000000000000000000, -6.989999999999997549 ) ) ;
#72 = EDGE_LOOP ( 'NONE', ( #2486, #1297, #1953, #1640 ) ) ;
#73 = ORIENTED_EDGE ( 'NONE', *, *, #2707, .T. ) ;
#74 = AXIS2_PLACEMENT_3D ( 'NONE', #1347, #527, #1742 ) ;
#75 = ORIENTED_EDGE ( 'NONE', *, *, #2707, .F. ) ;
#76 = DIRECTION ( 'NONE',  ( -1.000000000000000000, 0.0000000000000000000, 0.0000000000000000000 ) ) ;
#77 = DIRECTION ( 'NONE',  ( -0.0000000000000000000, -1.000000000000000000, -0.0000000000000000000 ) ) ;
#78 = VECTOR ( 'NONE', #1280, 1000.000000000000000 ) ;
#79 = VECTOR ( 'NONE', #1886, 1000.000000000000000 ) ;
#80 = AXIS2_PLACEMENT_3D ( 'NONE', #694, #275, #928 ) ;
#81 = CARTESIAN_POINT ( 'NONE',  ( 0.9100000000000001421, -0.8699999999999998845, 6.990000000000001101 ) ) ;
#82 = CARTESIAN_POINT ( 'NONE',  ( 4.949999999999999289, -5.599999999999963229, -0.8000000000000015987 ) ) ;
#83 = ORIENTED_EDGE ( 'NONE', *, *, #2709, .F. ) ;
#84 = VECTOR ( 'NONE', #1682, 1000.000000000000000 ) ;
#85 = VECTOR ( 'NONE', #58, 1000.000000000000000 ) ;
#86 = ORIENTED_EDGE ( 'NONE', *, *, #925, .T. ) ;
#87 = DIRECTION ( 'NONE',  ( -0.0000000000000000000, -1.000000000000000000, -0.0000000000000000000 ) ) ;
#88 = LINE ( 'NONE', #686, #1260 ) ;
#89 = VECTOR ( 'NONE', #2032, 1000.000000000000000 ) ;
#90 = EDGE_CURVE ( 'NONE', #1369, #1296, #1958, .T. ) ;
#91 = CARTESIAN_POINT ( 'NONE',  ( -6.989999999999996660, -0.04999999999999978767, -5.820000000000000284 ) ) ;
#92 = ORIENTED_EDGE ( 'NONE', *, *, #993, .F. ) ;
#93 = ORIENTED_EDGE ( 'NONE', *, *, #2307, .T. ) ;
#94 = VERTEX_POINT ( 'NONE', #1731 ) ;
#95 = DIRECTION ( 'NONE',  ( 1.000000000000000000, -0.0000000000000000000, 0.0000000000000000000 ) ) ;
#96 = FACE_OUTER_BOUND ( 'NONE', #885, .T. ) ;
#97 = DIRECTION ( 'NONE',  ( 0.0000000000000000000, 0.0000000000000000000, 1.000000000000000000 ) ) ;
#98 = FACE_OUTER_BOUND ( 'NONE', #148, .T. ) ;
#99 = ORIENTED_EDGE ( 'NONE', *, *, #189, .F. ) ;
#100 = CARTESIAN_POINT ( 'NONE',  ( 4.949999999999999289, -7.857179676972450899, -6.828762922874113952E-16 ) ) ;
#101 = CARTESIAN_POINT ( 'NONE',  ( -4.949999999999999289, -5.599999999999963229, -6.828762922874113952E-16 ) ) ;
#102 = ADVANCED_FACE ( 'NONE', ( #1996 ), #2631, .T. ) ;
#103 = LINE ( 'NONE', #1997, #2159 ) ;
#104 = ADVANCED_FACE ( 'NONE', ( #922 ), #713, .T. ) ;
#105 = ORIENTED_EDGE ( 'NONE', *, *, #2532, .T. ) ;
#106 = CARTESIAN_POINT ( 'NONE',  ( 6.370000000000000995, -5.599999999999976552, 6.800000000000000711 ) ) ;
#107 = EDGE_CURVE ( 'NONE', #1696, #2253, #2198, .T. ) ;
#108 = LINE ( 'NONE', #957, #1225 ) ;
#109 = CARTESIAN_POINT ( 'NONE',  ( 0.0000000000000000000, -5.599999999999963229, 6.800000000000000711 ) ) ;
#110 = FACE_OUTER_BOUND ( 'NONE', #2635, .T. ) ;
#111 = VERTEX_POINT ( 'NONE', #701 ) ;
#112 = DIRECTION ( 'NONE',  ( -1.000000000000000000, 0.0000000000000000000, 0.0000000000000000000 ) ) ;
#113 = DIRECTION ( 'NONE',  ( 1.000000000000000000, 0.0000000000000000000, -0.0000000000000000000 ) ) ;
#114 = PLANE ( 'NONE',  #2020 ) ;
#115 = ORIENTED_EDGE ( 'NONE', *, *, #326, .T. ) ;
#116 = ORIENTED_EDGE ( 'NONE', *, *, #1588, .F. ) ;
#117 = SURFACE_STYLE_USAGE ( .BOTH. , #770 ) ;
#118 = LINE ( 'NONE', #360, #43 ) ;
#119 = EDGE_CURVE ( 'NONE', #727, #2280, #2587, .T. ) ;
#120 = PLANE ( 'NONE',  #2016 ) ;
#121 = CARTESIAN_POINT ( 'NONE',  ( -7.819999999999993179, -0.04999999999999978767, 5.820000000000000284 ) ) ;
#122 = ORIENTED_EDGE ( 'NONE', *, *, #2114, .T. ) ;
#123 = EDGE_LOOP ( 'NONE', ( #1879, #1960 ) ) ;
#124 = AXIS2_PLACEMENT_3D ( 'NONE', #53, #1299, #2568 ) ;
#125 = VECTOR ( 'NONE', #2413, 1000.000000000000000 ) ;
#126 =( NAMED_UNIT ( * ) SI_UNIT ( $, .STERADIAN. ) SOLID_ANGLE_UNIT ( ) );
#127 = CARTESIAN_POINT ( 'NONE',  ( -0.9100000000000000311, -0.05000000000000004441, 8.165000000000002700 ) ) ;
#128 = VECTOR ( 'NONE', #2306, 1000.000000000000000 ) ;
#129 = VECTOR ( 'NONE', #2160, 1000.000000000000000 ) ;
#130 = DIRECTION ( 'NONE',  ( 0.0000000000000000000, -0.0000000000000000000, -1.000000000000000000 ) ) ;
#131 = CARTESIAN_POINT ( 'NONE',  ( 4.949999999999999289, -7.857179677159820130, -0.7999999999128717398 ) ) ;
#132 = ORIENTED_EDGE ( 'NONE', *, *, #2674, .T. ) ;
#133 = DIRECTION ( 'NONE',  ( 1.861291283236917406E-16, 0.0000000000000000000, 1.000000000000000000 ) ) ;
#134 = CARTESIAN_POINT ( 'NONE',  ( -0.6750000000000001554, 5.680000000000010374, 0.5749999999999995115 ) ) ;
#135 = ADVANCED_FACE ( 'NONE', ( #281 ), #1543, .T. ) ;
#136 = DIRECTION ( 'NONE',  ( 0.0000000000000000000, -0.0000000000000000000, 1.000000000000000000 ) ) ;
#137 = DIRECTION ( 'NONE',  ( -1.000000000000000000, -0.0000000000000000000, 0.0000000000000000000 ) ) ;
#138 = EDGE_CURVE ( 'NONE', #2046, #2225, #2419, .T. ) ;
#139 = VERTEX_POINT ( 'NONE', #1512 ) ;
#140 = ORIENTED_EDGE ( 'NONE', *, *, #1884, .T. ) ;
#141 = DIRECTION ( 'NONE',  ( 0.0000000000000000000, 0.0000000000000000000, -1.000000000000000000 ) ) ;
#142 = DIRECTION ( 'NONE',  ( 0.0000000000000000000, 0.0000000000000000000, -1.000000000000000000 ) ) ;
#143 = EDGE_CURVE ( 'NONE', #10, #285, #1524, .T. ) ;
#144 = DIRECTION ( 'NONE',  ( -0.0000000000000000000, 0.0000000000000000000, -1.000000000000000000 ) ) ;
#145 = LINE ( 'NONE', #317, #742 ) ;
#146 = CARTESIAN_POINT ( 'NONE',  ( 6.106731999698552293, 2.688103525100943969, 3.491263631338565604E-15 ) ) ;
#147 = CARTESIAN_POINT ( 'NONE',  ( 6.989999999999997549, -0.8699999999999999956, -6.990000000000000213 ) ) ;
#148 = EDGE_LOOP ( 'NONE', ( #1114, #1546, #140, #2264 ) ) ;
#149 = DIRECTION ( 'NONE',  ( -1.000000000000000000, -0.0000000000000000000, 0.0000000000000000000 ) ) ;
#150 = DIRECTION ( 'NONE',  ( 0.0000000000000000000, -0.0000000000000000000, -1.000000000000000000 ) ) ;
#151 = ORIENTED_EDGE ( 'NONE', *, *, #2447, .F. ) ;
#152 = ORIENTED_EDGE ( 'NONE', *, *, #1563, .T. ) ;
#153 = EDGE_CURVE ( 'NONE', #420, #2064, #2381, .T. ) ;
#154 = SURFACE_STYLE_FILL_AREA ( #366 ) ;
#155 = CARTESIAN_POINT ( 'NONE',  ( 3.339999999999999858, -5.600000000000000533, 2.600000000000000533 ) ) ;
#156 = EDGE_CURVE ( 'NONE', #272, #615, #1950, .T. ) ;
#157 = DIRECTION ( 'NONE',  ( 0.0000000000000000000, 1.000000000000000000, 0.0000000000000000000 ) ) ;
#158 = EDGE_LOOP ( 'NONE', ( #1401, #2483, #2642, #1151 ) ) ;
#159 = LINE ( 'NONE', #1781, #2560 ) ;
#160 = ADVANCED_BREP_SHAPE_REPRESENTATION ( 'F920CF57-A7A5-453B-BFCC-1C78B470FC32', ( #969, #741 ), #2556 ) ;
#161 = LINE ( 'NONE', #998, #1743 ) ;
#162 = ORIENTED_EDGE ( 'NONE', *, *, #642, .T. ) ;
#163 = CARTESIAN_POINT ( 'NONE',  ( -6.989999999999997549, -2.299999999999998490, -6.990000000000001101 ) ) ;
#164 = DIRECTION ( 'NONE',  ( 0.0000000000000000000, -5.877849825170612600E-17, 1.000000000000000000 ) ) ;
#165 = ORIENTED_EDGE ( 'NONE', *, *, #2097, .F. ) ;
#166 = ORIENTED_EDGE ( 'NONE', *, *, #470, .T. ) ;
#167 = AXIS2_PLACEMENT_3D ( 'NONE', #14, #2341, #1237 ) ;
#168 = CARTESIAN_POINT ( 'NONE',  ( 0.9099999999999999201, -0.8699999999999997735, 0.0000000000000000000 ) ) ;
#169 = VECTOR ( 'NONE', #2259, 1000.000000000000000 ) ;
#170 = VECTOR ( 'NONE', #1213, 1000.000000000000000 ) ;
#171 = ORIENTED_EDGE ( 'NONE', *, *, #2338, .T. ) ;
#172 = CARTESIAN_POINT ( 'NONE',  ( 0.0000000000000000000, -0.04999999999999975298, 0.0000000000000000000 ) ) ;
#173 = ORIENTED_EDGE ( 'NONE', *, *, #361, .T. ) ;
#174 = VECTOR ( 'NONE', #1730, 1000.000000000000000 ) ;
#175 = AXIS2_PLACEMENT_3D ( 'NONE', #412, #1700, #2551 ) ;
#176 = ADVANCED_FACE ( 'NONE', ( #2052 ), #2457, .F. ) ;
#177 = CIRCLE ( 'NONE', #2463, 0.8000000000000009326 ) ;
#178 = DIRECTION ( 'NONE',  ( -0.0000000000000000000, -1.000000000000000000, -0.0000000000000000000 ) ) ;
#179 = AXIS2_PLACEMENT_3D ( 'NONE', #2262, #2275, #1811 ) ;
#180 = DIRECTION ( 'NONE',  ( -0.0000000000000000000, 0.0000000000000000000, -1.000000000000000000 ) ) ;
#181 = ORIENTED_EDGE ( 'NONE', *, *, #1900, .T. ) ;
#182 = LINE ( 'NONE', #194, #2244 ) ;
#183 = CARTESIAN_POINT ( 'NONE',  ( -3.599999999999999645, 5.349999999999999645, -2.780000000000000693 ) ) ;
#184 = ORIENTED_EDGE ( 'NONE', *, *, #1413, .T. ) ;
#185 = CARTESIAN_POINT ( 'NONE',  ( 7.820000000000000284, -0.04999999999999975298, 0.0000000000000000000 ) ) ;
#186 = EDGE_LOOP ( 'NONE', ( #2311, #1724, #1336, #2308 ) ) ;
#187 = FACE_OUTER_BOUND ( 'NONE', #1931, .T. ) ;
#188 = ORIENTED_EDGE ( 'NONE', *, *, #703, .T. ) ;
#189 = EDGE_CURVE ( 'NONE', #2491, #292, #2254, .T. ) ;
#190 = EDGE_CURVE ( 'NONE', #267, #7, #578, .T. ) ;
#191 = DIRECTION ( 'NONE',  ( 0.0000000000000000000, 0.0000000000000000000, 1.000000000000000000 ) ) ;
#192 = LINE ( 'NONE', #1661, #128 ) ;
#193 = ORIENTED_EDGE ( 'NONE', *, *, #993, .T. ) ;
#194 = CARTESIAN_POINT ( 'NONE',  ( 0.9100000000000000311, -0.04999999999999997502, 8.165000000000002700 ) ) ;
#195 = CARTESIAN_POINT ( 'NONE',  ( -4.949999999999999289, -7.857179677159820130, -7.047314121155778821E-16 ) ) ;
#196 = VERTEX_POINT ( 'NONE', #550 ) ;
#197 = FACE_OUTER_BOUND ( 'NONE', #2427, .T. ) ;
#198 = ORIENTED_EDGE ( 'NONE', *, *, #2588, .T. ) ;
#199 = CARTESIAN_POINT ( 'NONE',  ( 4.949999999999999289, -8.550000000000002487, -6.828762922874113952E-16 ) ) ;
#200 = ORIENTED_EDGE ( 'NONE', *, *, #312, .F. ) ;
#201 = CARTESIAN_POINT ( 'NONE',  ( 3.835680304720848956E-17, -7.857179676972449123, 1.925000000038099124 ) ) ;
#202 = PLANE ( 'NONE',  #2558 ) ;
#203 = CARTESIAN_POINT ( 'NONE',  ( -2.600000000000000533, -8.550000000000002487, 0.0000000000000000000 ) ) ;
#204 = ORIENTED_EDGE ( 'NONE', *, *, #2176, .F. ) ;
#205 = LINE ( 'NONE', #1663, #2645 ) ;
#206 = ADVANCED_FACE ( 'NONE', ( #388 ), #1386, .F. ) ;
#207 = DIRECTION ( 'NONE',  ( 1.000000000000000000, 0.0000000000000000000, 5.507058653894628811E-16 ) ) ;
#208 = EDGE_LOOP ( 'NONE', ( #46, #1503, #1925, #1575, #446, #485, #1631, #2208, #1801, #1936, #2359, #2323 ) ) ;
#209 = EDGE_CURVE ( 'NONE', #663, #2404, #1165, .T. ) ;
#210 = VERTEX_POINT ( 'NONE', #1416 ) ;
#211 = DIRECTION ( 'NONE',  ( 0.0000000000000000000, 0.0000000000000000000, -1.000000000000000000 ) ) ;
#212 = CARTESIAN_POINT ( 'NONE',  ( -2.249999999999999556, 9.299999999999998934, -0.5750000000000008438 ) ) ;
#213 = VERTEX_POINT ( 'NONE', #1194 ) ;
#214 = CIRCLE ( 'NONE', #774, 1.925000000000000044 ) ;
#215 = VECTOR ( 'NONE', #1059, 1000.000000000000000 ) ;
#216 = VECTOR ( 'NONE', #1942, 1000.000000000000114 ) ;
#217 = DIRECTION ( 'NONE',  ( -1.000000000000000000, 0.0000000000000000000, -7.800015629392118115E-17 ) ) ;
#218 = CARTESIAN_POINT ( 'NONE',  ( -0.9100000000000000311, -0.8699999999999999956, -6.990000000000001990 ) ) ;
#219 = AXIS2_PLACEMENT_3D ( 'NONE', #2418, #293, #1098 ) ;
#220 = ORIENTED_EDGE ( 'NONE', *, *, #2054, .T. ) ;
#221 = AXIS2_PLACEMENT_3D ( 'NONE', #2444, #1193, #2456 ) ;
#222 = VECTOR ( 'NONE', #945, 1000.000000000000000 ) ;
#223 = LINE ( 'NONE', #436, #1789 ) ;
#224 = CARTESIAN_POINT ( 'NONE',  ( -2.249999999999999556, 5.679999999999999716, 0.5749999999999988454 ) ) ;
#225 = ORIENTED_EDGE ( 'NONE', *, *, #1241, .T. ) ;
#226 = EDGE_CURVE ( 'NONE', #272, #1435, #1803, .T. ) ;
#227 = DIRECTION ( 'NONE',  ( -8.241547455572600452E-17, -0.3470859744479210529, 0.9378333147961513960 ) ) ;
#228 = VERTEX_POINT ( 'NONE', #2435 ) ;
#229 = CARTESIAN_POINT ( 'NONE',  ( -6.106731999698551405, 2.688103525100949298, -2.493759736670402481E-15 ) ) ;
#230 = ORIENTED_EDGE ( 'NONE', *, *, #1548, .T. ) ;
#231 = EDGE_CURVE ( 'NONE', #2280, #845, #2701, .T. ) ;
#232 = DIRECTION ( 'NONE',  ( -0.0000000000000000000, 0.0000000000000000000, -1.000000000000000000 ) ) ;
#233 = DIRECTION ( 'NONE',  ( -1.240860855491278271E-16, 0.0000000000000000000, -1.000000000000000000 ) ) ;
#234 = ORIENTED_EDGE ( 'NONE', *, *, #1119, .F. ) ;
#235 = ORIENTED_EDGE ( 'NONE', *, *, #2663, .T. ) ;
#236 = ORIENTED_EDGE ( 'NONE', *, *, #659, .T. ) ;
#237 = FACE_OUTER_BOUND ( 'NONE', #1734, .T. ) ;
#238 = DIRECTION ( 'NONE',  ( -0.0000000000000000000, -0.0000000000000000000, 1.000000000000000000 ) ) ;
#239 = ORIENTED_EDGE ( 'NONE', *, *, #2607, .T. ) ;
#240 = CARTESIAN_POINT ( 'NONE',  ( -3.600000000000000089, 5.349999999999999645, 2.779999999999998916 ) ) ;
#241 = CARTESIAN_POINT ( 'NONE',  ( 0.9099999999999999201, -0.04999999999999982930, 0.0000000000000000000 ) ) ;
#242 = CARTESIAN_POINT ( 'NONE',  ( 4.200000000000000178, -8.550000000000002487, 2.600000000000000977 ) ) ;
#243 = LINE ( 'NONE', #2183, #2018 ) ;
#244 = VERTEX_POINT ( 'NONE', #2030 ) ;
#245 = VERTEX_POINT ( 'NONE', #781 ) ;
#246 = CARTESIAN_POINT ( 'NONE',  ( -0.9099999999999993650, 0.0000000000000000000, -6.989999999999998437 ) ) ;
#247 = CARTESIAN_POINT ( 'NONE',  ( 0.0000000000000000000, -8.550000000000002487, 2.600000000000000977 ) ) ;
#248 = ORIENTED_EDGE ( 'NONE', *, *, #2336, .T. ) ;
#249 = DIRECTION ( 'NONE',  ( 0.0000000000000000000, 1.000000000000000000, 0.0000000000000000000 ) ) ;
#250 = VERTEX_POINT ( 'NONE', #335 ) ;
#251 = CARTESIAN_POINT ( 'NONE',  ( 0.6749999999999996003, 9.299999999999998934, 2.250000000000000888 ) ) ;
#252 = EDGE_CURVE ( 'NONE', #1545, #228, #214, .T. ) ;
#253 = VECTOR ( 'NONE', #487, 1000.000000000000000 ) ;
#254 = LINE ( 'NONE', #2576, #1971 ) ;
#255 = VECTOR ( 'NONE', #1068, 1000.000000000000000 ) ;
#256 = VERTEX_POINT ( 'NONE', #1023 ) ;
#257 = VECTOR ( 'NONE', #2535, 1000.000000000000000 ) ;
#258 = EDGE_LOOP ( 'NONE', ( #2577, #152, #380, #2056 ) ) ;
#259 = PLANE ( 'NONE',  #2201 ) ;
#260 = AXIS2_PLACEMENT_3D ( 'NONE', #565, #2675, #2227 ) ;
#261 = EDGE_CURVE ( 'NONE', #2617, #763, #2070, .T. ) ;
#262 = CIRCLE ( 'NONE', #1747, 1.525000000015097168 ) ;
#263 = FACE_OUTER_BOUND ( 'NONE', #2331, .T. ) ;
#264 = ORIENTED_EDGE ( 'NONE', *, *, #1585, .T. ) ;
#265 = VECTOR ( 'NONE', #1993, 1000.000000000000000 ) ;
#266 = CARTESIAN_POINT ( 'NONE',  ( -0.6750000000000002665, 9.299999999999998934, -0.5750000000000003997 ) ) ;
#267 = VERTEX_POINT ( 'NONE', #1816 ) ;
#268 = CARTESIAN_POINT ( 'NONE',  ( 0.0000000000000000000, 5.350000000000014744, -2.779999999999997584 ) ) ;
#269 = CARTESIAN_POINT ( 'NONE',  ( 4.200000000000000178, -5.600000000000000533, 2.600000000000000977 ) ) ;
#270 = LINE ( 'NONE', #1100, #1443 ) ;
#271 = EDGE_CURVE ( 'NONE', #2404, #378, #2673, .T. ) ;
#272 = VERTEX_POINT ( 'NONE', #766 ) ;
#273 = EDGE_CURVE ( 'NONE', #1717, #2617, #1182, .T. ) ;
#274 = ORIENTED_EDGE ( 'NONE', *, *, #19, .F. ) ;
#275 = DIRECTION ( 'NONE',  ( 0.0000000000000000000, 1.000000000000000000, 0.0000000000000000000 ) ) ;
#276 = DIRECTION ( 'NONE',  ( -1.000000000000000000, -0.0000000000000000000, 1.861291283236917653E-16 ) ) ;
#277 = ORIENTED_EDGE ( 'NONE', *, *, #470, .F. ) ;
#278 = ADVANCED_FACE ( 'NONE', ( #2646 ), #561, .T. ) ;
#279 = CARTESIAN_POINT ( 'NONE',  ( -4.949999999999999289, -7.857179677159820130, -7.047314121155778821E-16 ) ) ;
#280 = DIRECTION ( 'NONE',  ( 0.0000000000000000000, 1.000000000000000000, 0.0000000000000000000 ) ) ;
#281 = FACE_OUTER_BOUND ( 'NONE', #1774, .T. ) ;
#282 = LINE ( 'NONE', #1927, #1623 ) ;
#283 = VERTEX_POINT ( 'NONE', #755 ) ;
#284 = ORIENTED_EDGE ( 'NONE', *, *, #788, .T. ) ;
#285 = VERTEX_POINT ( 'NONE', #590 ) ;
#286 = LINE ( 'NONE', #1117, #1620 ) ;
#287 = LINE ( 'NONE', #719, #1306 ) ;
#288 = EDGE_CURVE ( 'NONE', #2699, #2491, #2041, .T. ) ;
#289 = DIRECTION ( 'NONE',  ( 0.0000000000000000000, -0.9983466255983596271, -0.05748056329202649861 ) ) ;
#290 = CARTESIAN_POINT ( 'NONE',  ( -7.819999999999993179, -0.04999999999999978767, -5.820000000000001172 ) ) ;
#291 = EDGE_CURVE ( 'NONE', #1473, #2519, #743, .T. ) ;
#292 = VERTEX_POINT ( 'NONE', #2279 ) ;
#293 = DIRECTION ( 'NONE',  ( -0.0000000000000000000, 1.000000000000000000, 0.0000000000000000000 ) ) ;
#294 = CYLINDRICAL_SURFACE ( 'NONE', #74, 0.8000000000000009326 ) ;
#295 = CARTESIAN_POINT ( 'NONE',  ( 0.0000000000000000000, -0.04999999999999975298, 0.0000000000000000000 ) ) ;
#296 = ORIENTED_EDGE ( 'NONE', *, *, #1655, .F. ) ;
#297 = ORIENTED_EDGE ( 'NONE', *, *, #339, .F. ) ;
#298 = ORIENTED_EDGE ( 'NONE', *, *, #153, .T. ) ;
#299 = CARTESIAN_POINT ( 'NONE',  ( -7.290000000000000036, -1.923507849901281516E-15, -7.290000000000000036 ) ) ;
#300 = CARTESIAN_POINT ( 'NONE',  ( -7.819999999999993179, -0.04999999999999972522, 7.820000000000000284 ) ) ;
#301 = VECTOR ( 'NONE', #847, 1000.000000000000000 ) ;
#302 = VECTOR ( 'NONE', #1070, 1000.000000000000000 ) ;
#303 = AXIS2_PLACEMENT_3D ( 'NONE', #1632, #983, #1612 ) ;
#304 = AXIS2_PLACEMENT_3D ( 'NONE', #1976, #95, #2349 ) ;
#305 = CARTESIAN_POINT ( 'NONE',  ( 3.835680304720848956E-17, -7.857179676989289874, 3.252606517456513302E-16 ) ) ;
#306 = DIRECTION ( 'NONE',  ( 0.0000000000000000000, 0.0000000000000000000, -1.000000000000000000 ) ) ;
#307 = EDGE_LOOP ( 'NONE', ( #1081, #817 ) ) ;
#308 = VECTOR ( 'NONE', #549, 1000.000000000000000 ) ;
#309 = VECTOR ( 'NONE', #398, 1000.000000000000000 ) ;
#310 = ADVANCED_FACE ( 'NONE', ( #1587 ), #538, .T. ) ;
#311 = EDGE_LOOP ( 'NONE', ( #1902, #298, #2724, #1434 ) ) ;
#312 = EDGE_CURVE ( 'NONE', #1385, #459, #2514, .T. ) ;
#313 = LINE ( 'NONE', #68, #431 ) ;
#314 = DIRECTION ( 'NONE',  ( -0.0000000000000000000, -0.0000000000000000000, -1.000000000000000000 ) ) ;
#315 = AXIS2_PLACEMENT_3D ( 'NONE', #66, #306, #2403 ) ;
#316 = EDGE_CURVE ( 'NONE', #2592, #283, #2312, .T. ) ;
#317 = CARTESIAN_POINT ( 'NONE',  ( 0.6749999999999998224, 9.299999999999998934, -0.5749999999999995115 ) ) ;
#318 = ORIENTED_EDGE ( 'NONE', *, *, #1206, .F. ) ;
#319 = ORIENTED_EDGE ( 'NONE', *, *, #1727, .F. ) ;
#320 = FACE_OUTER_BOUND ( 'NONE', #2163, .T. ) ;
#321 = FACE_OUTER_BOUND ( 'NONE', #1608, .T. ) ;
#322 = ORIENTED_EDGE ( 'NONE', *, *, #1153, .T. ) ;
#323 = CARTESIAN_POINT ( 'NONE',  ( -2.600000000000000533, -8.550000000000002487, 5.099999999999999645 ) ) ;
#324 = EDGE_CURVE ( 'NONE', #1559, #913, #1291, .T. ) ;
#325 = DIRECTION ( 'NONE',  ( -1.000000000000000000, 2.860525529576200035E-17, -7.729197769309438564E-17 ) ) ;
#326 = EDGE_CURVE ( 'NONE', #2053, #2365, #27, .T. ) ;
#327 = EDGE_LOOP ( 'NONE', ( #188, #2563, #2634, #1999 ) ) ;
#328 = VERTEX_POINT ( 'NONE', #603 ) ;
#329 = DIRECTION ( 'NONE',  ( 0.0000000000000000000, 0.9378333147961511740, -0.3470859744479213860 ) ) ;
#330 = CARTESIAN_POINT ( 'NONE',  ( -2.600000000000000533, -5.600000000000000533, 5.299999999999998934 ) ) ;
#331 = CARTESIAN_POINT ( 'NONE',  ( -0.6750000000000002665, 5.679999999999999716, -0.5750000000000003997 ) ) ;
#332 = FACE_OUTER_BOUND ( 'NONE', #1278, .T. ) ;
#333 = ORIENTED_EDGE ( 'NONE', *, *, #1513, .T. ) ;
#334 = SURFACE_STYLE_USAGE ( .BOTH. , #991 ) ;
#335 = CARTESIAN_POINT ( 'NONE',  ( 6.989999999999997549, -3.128573788924172482E-16, -6.989999999999999325 ) ) ;
#336 = PLANE ( 'NONE',  #480 ) ;
#337 = LINE ( 'NONE', #131, #1090 ) ;
#338 = VERTEX_POINT ( 'NONE', #1867 ) ;
#339 = EDGE_CURVE ( 'NONE', #615, #1554, #1671, .T. ) ;
#340 = ADVANCED_FACE ( 'NONE', ( #2098 ), #2324, .F. ) ;
#341 = CARTESIAN_POINT ( 'NONE',  ( 7.820000000000000284, -0.8699999999999996625, -5.820000000000000284 ) ) ;
#342 = PLANE ( 'NONE',  #1788 ) ;
#343 = EDGE_CURVE ( 'NONE', #448, #895, #1522, .T. ) ;
#344 = FACE_BOUND ( 'NONE', #1286, .T. ) ;
#345 = VECTOR ( 'NONE', #1444, 1000.000000000000000 ) ;
#346 = DIRECTION ( 'NONE',  ( -1.000000000000000000, -0.0000000000000000000, 1.861291283236917653E-16 ) ) ;
#347 = ORIENTED_EDGE ( 'NONE', *, *, #469, .F. ) ;
#348 = ORIENTED_EDGE ( 'NONE', *, *, #792, .T. ) ;
#349 = VECTOR ( 'NONE', #2439, 1000.000000000000000 ) ;
#350 = VECTOR ( 'NONE', #1029, 1000.000000000000000 ) ;
#351 = CARTESIAN_POINT ( 'NONE',  ( 3.835680304720848956E-17, -7.857179676989289874, 3.252606517456513302E-16 ) ) ;
#352 = DIRECTION ( 'NONE',  ( -0.0000000000000000000, 0.0000000000000000000, -1.000000000000000000 ) ) ;
#353 = AXIS2_PLACEMENT_3D ( 'NONE', #1449, #812, #1657 ) ;
#354 = VECTOR ( 'NONE', #843, 1000.000000000000000 ) ;
#355 = CARTESIAN_POINT ( 'NONE',  ( 0.6749999999999998224, 5.679999999999999716, -2.249999999999999112 ) ) ;
#356 = VECTOR ( 'NONE', #325, 1000.000000000000000 ) ;
#357 = DIRECTION ( 'NONE',  ( 1.861291283236917406E-16, 0.0000000000000000000, 1.000000000000000000 ) ) ;
#358 = DIRECTION ( 'NONE',  ( 1.000000000000000000, -0.0000000000000000000, 7.542275982507857147E-16 ) ) ;
#359 = EDGE_CURVE ( 'NONE', #285, #244, #2714, .T. ) ;
#360 = CARTESIAN_POINT ( 'NONE',  ( -2.249999999999999556, 9.299999999999998934, -0.5750000000000012879 ) ) ;
#361 = EDGE_CURVE ( 'NONE', #871, #2653, #1250, .T. ) ;
#362 = CARTESIAN_POINT ( 'NONE',  ( 6.989999999999997549, 0.0000000000000000000, -6.990000000000000213 ) ) ;
#363 = LINE ( 'NONE', #2067, #1136 ) ;
#364 = VERTEX_POINT ( 'NONE', #1883 ) ;
#365 = ORIENTED_EDGE ( 'NONE', *, *, #2709, .T. ) ;
#366 = FILL_AREA_STYLE ('',( #1402 ) ) ;
#367 = CARTESIAN_POINT ( 'NONE',  ( -2.600000000000000533, -8.550000000000002487, 5.299999999999998934 ) ) ;
#368 = CARTESIAN_POINT ( 'NONE',  ( -0.6750000000000003775, 5.680000000000010374, -2.249999999999999556 ) ) ;
#369 = ORIENTED_EDGE ( 'NONE', *, *, #2517, .T. ) ;
#370 = FACE_OUTER_BOUND ( 'NONE', #548, .T. ) ;
#371 = CARTESIAN_POINT ( 'NONE',  ( 6.989999999999997549, 0.0000000000000000000, -6.990000000000000213 ) ) ;
#372 = DIRECTION ( 'NONE',  ( -0.0000000000000000000, -0.0000000000000000000, -1.000000000000000000 ) ) ;
#373 = DIRECTION ( 'NONE',  ( -1.000000000000000000, 0.0000000000000000000, 1.240860855491278271E-16 ) ) ;
#374 = ORIENTED_EDGE ( 'NONE', *, *, #1615, .F. ) ;
#375 = EDGE_LOOP ( 'NONE', ( #2237, #1330, #1325, #1196 ) ) ;
#376 = DIRECTION ( 'NONE',  ( -0.0000000000000000000, -1.000000000000000000, -0.0000000000000000000 ) ) ;
#377 = EDGE_CURVE ( 'NONE', #10, #1974, #1654, .T. ) ;
#378 = VERTEX_POINT ( 'NONE', #860 ) ;
#379 = CARTESIAN_POINT ( 'NONE',  ( -6.989999999999998437, -2.299999999999998934, -6.989999999999998437 ) ) ;
#380 = ORIENTED_EDGE ( 'NONE', *, *, #2176, .T. ) ;
#381 = CARTESIAN_POINT ( 'NONE',  ( -0.9100000000000000311, -0.04999999999999984318, 6.990000000000001101 ) ) ;
#382 = CARTESIAN_POINT ( 'NONE',  ( -2.249999999999999556, 5.679999999999999716, -0.5750000000000012879 ) ) ;
#383 = CARTESIAN_POINT ( 'NONE',  ( -7.819999999999993179, -0.04999999999999975298, 0.0000000000000000000 ) ) ;
#384 = ORIENTED_EDGE ( 'NONE', *, *, #1316, .F. ) ;
#385 = CARTESIAN_POINT ( 'NONE',  ( -0.9100000000000000311, -0.04999999999999956563, -8.165000000000002700 ) ) ;
#386 = DIRECTION ( 'NONE',  ( -0.0000000000000000000, -1.000000000000000000, -0.0000000000000000000 ) ) ;
#387 = ORIENTED_EDGE ( 'NONE', *, *, #2660, .T. ) ;
#388 = FACE_OUTER_BOUND ( 'NONE', #1644, .T. ) ;
#389 = EDGE_CURVE ( 'NONE', #1894, #754, #837, .T. ) ;
#390 = VECTOR ( 'NONE', #422, 1000.000000000000000 ) ;
#391 = VECTOR ( 'NONE', #149, 1000.000000000000000 ) ;
#392 = VERTEX_POINT ( 'NONE', #2725 ) ;
#393 = EDGE_CURVE ( 'NONE', #2474, #2398, #2300, .T. ) ;
#394 = CARTESIAN_POINT ( 'NONE',  ( -6.989999999999996660, -0.8699999999999997735, -5.820000000000000284 ) ) ;
#395 = ORIENTED_EDGE ( 'NONE', *, *, #1888, .F. ) ;
#396 = VECTOR ( 'NONE', #1415, 1000.000000000000000 ) ;
#397 = ADVANCED_FACE ( 'NONE', ( #1264 ), #2497, .F. ) ;
#398 = DIRECTION ( 'NONE',  ( 0.0000000000000000000, 1.000000000000000000, 0.0000000000000000000 ) ) ;
#399 = CARTESIAN_POINT ( 'NONE',  ( 2.819999999999999396, -0.04999999999999987094, -6.989999999999999325 ) ) ;
#400 = ORIENTED_EDGE ( 'NONE', *, *, #2162, .T. ) ;
#401 = FACE_OUTER_BOUND ( 'NONE', #572, .T. ) ;
#402 = FACE_OUTER_BOUND ( 'NONE', #1295, .T. ) ;
#403 = ORIENTED_EDGE ( 'NONE', *, *, #2713, .T. ) ;
#404 = FACE_OUTER_BOUND ( 'NONE', #2369, .T. ) ;
#405 = ORIENTED_EDGE ( 'NONE', *, *, #1686, .F. ) ;
#406 = PLANE ( 'NONE',  #1353 ) ;
#407 = CARTESIAN_POINT ( 'NONE',  ( 6.989999999999997549, -0.8699999999999999956, -6.990000000000000213 ) ) ;
#408 = ADVANCED_FACE ( 'NONE', ( #404 ), #1895, .T. ) ;
#409 = CARTESIAN_POINT ( 'NONE',  ( 3.600000000000000977, 5.349999999999999645, -2.779999999999997584 ) ) ;
#410 = DIRECTION ( 'NONE',  ( 0.0000000000000000000, 0.0000000000000000000, 1.000000000000000000 ) ) ;
#411 = EDGE_LOOP ( 'NONE', ( #936, #1139, #715, #460 ) ) ;
#412 = CARTESIAN_POINT ( 'NONE',  ( -9.666102032661372793E-16, -0.4087240643962600228, -7.098891644777182819 ) ) ;
#413 = LINE ( 'NONE', #2136, #2425 ) ;
#414 = ORIENTED_EDGE ( 'NONE', *, *, #273, .T. ) ;
#415 = CARTESIAN_POINT ( 'NONE',  ( 0.0000000000000000000, -0.8699999999999996625, 7.820000000000000284 ) ) ;
#416 = LINE ( 'NONE', #2313, #79 ) ;
#417 = ORIENTED_EDGE ( 'NONE', *, *, #1888, .T. ) ;
#418 = CARTESIAN_POINT ( 'NONE',  ( 3.600000000000000533, 5.349999999999998757, 2.780000000000002025 ) ) ;
#419 = FACE_OUTER_BOUND ( 'NONE', #411, .T. ) ;
#420 = VERTEX_POINT ( 'NONE', #2082 ) ;
#421 = LINE ( 'NONE', #1465, #1048 ) ;
#422 = DIRECTION ( 'NONE',  ( 0.0000000000000000000, 1.000000000000000000, 0.0000000000000000000 ) ) ;
#423 = ORIENTED_EDGE ( 'NONE', *, *, #457, .T. ) ;
#424 = ADVANCED_FACE ( 'NONE', ( #197 ), #2127, .F. ) ;
#425 = CARTESIAN_POINT ( 'NONE',  ( -2.249999999999999556, 9.299999999999998934, 0.5749999999999988454 ) ) ;
#426 = AXIS2_PLACEMENT_3D ( 'NONE', #269, #1365, #1152 ) ;
#427 = DIRECTION ( 'NONE',  ( 4.789113348886925961E-16, 2.108105034883865583E-16, -1.000000000000000000 ) ) ;
#428 = EDGE_LOOP ( 'NONE', ( #2467, #1802, #2579, #1031 ) ) ;
#429 = AXIS2_PLACEMENT_3D ( 'NONE', #121, #961, #2441 ) ;
#430 = VECTOR ( 'NONE', #376, 1000.000000000000000 ) ;
#431 = VECTOR ( 'NONE', #1319, 1000.000000000000000 ) ;
#432 = VECTOR ( 'NONE', #2135, 1000.000000000000000 ) ;
#433 = CARTESIAN_POINT ( 'NONE',  ( -2.249999999999999556, 5.680000000000011262, -0.5750000000000010658 ) ) ;
#434 = CARTESIAN_POINT ( 'NONE',  ( 0.0000000000000000000, -0.04999999999999975298, 0.0000000000000000000 ) ) ;
#435 = ORIENTED_EDGE ( 'NONE', *, *, #2232, .T. ) ;
#436 = CARTESIAN_POINT ( 'NONE',  ( 6.989999999999997549, 0.0000000000000000000, -6.990000000000000213 ) ) ;
#437 = DIRECTION ( 'NONE',  ( -1.000000000000000000, -0.0000000000000000000, 0.0000000000000000000 ) ) ;
#438 = EDGE_LOOP ( 'NONE', ( #1921, #1322, #631, #1840 ) ) ;
#439 = EDGE_CURVE ( 'NONE', #628, #139, #1565, .T. ) ;
#440 = DIRECTION ( 'NONE',  ( 0.0000000000000000000, 0.0000000000000000000, -1.000000000000000000 ) ) ;
#441 = ADVANCED_FACE ( 'NONE', ( #522 ), #1096, .T. ) ;
#442 = PLANE ( 'NONE',  #353 ) ;
#443 = DIRECTION ( 'NONE',  ( 0.0000000000000000000, 1.000000000000000000, 0.0000000000000000000 ) ) ;
#444 = CARTESIAN_POINT ( 'NONE',  ( 0.0000000000000000000, -0.8699999999999996625, -7.820000000000000284 ) ) ;
#445 = LINE ( 'NONE', #1748, #1669 ) ;
#446 = ORIENTED_EDGE ( 'NONE', *, *, #1830, .F. ) ;
#447 = ORIENTED_EDGE ( 'NONE', *, *, #852, .F. ) ;
#448 = VERTEX_POINT ( 'NONE', #1507 ) ;
#449 = LINE ( 'NONE', #246, #1968 ) ;
#450 = LINE ( 'NONE', #708, #2597 ) ;
#451 = ORIENTED_EDGE ( 'NONE', *, *, #2572, .F. ) ;
#452 = CARTESIAN_POINT ( 'NONE',  ( 0.0000000000000000000, -0.04999999999999975298, 5.820000000000000284 ) ) ;
#453 = EDGE_CURVE ( 'NONE', #1914, #717, #721, .T. ) ;
#454 = ADVANCED_FACE ( 'NONE', ( #698 ), #1120, .F. ) ;
#455 = LINE ( 'NONE', #2728, #610 ) ;
#456 = LINE ( 'NONE', #407, #1520 ) ;
#457 = EDGE_CURVE ( 'NONE', #754, #2482, #709, .T. ) ;
#458 = LINE ( 'NONE', #1310, #1707 ) ;
#459 = VERTEX_POINT ( 'NONE', #1755 ) ;
#460 = ORIENTED_EDGE ( 'NONE', *, *, #2027, .T. ) ;
#461 = ORIENTED_EDGE ( 'NONE', *, *, #271, .F. ) ;
#462 = CARTESIAN_POINT ( 'NONE',  ( -7.289999999999995595, -4.133486490409654563E-15, -7.290000000000000036 ) ) ;
#463 = CARTESIAN_POINT ( 'NONE',  ( 4.949999999999999289, -7.857179677159820130, 0.7999999999128704076 ) ) ;
#464 = CARTESIAN_POINT ( 'NONE',  ( 2.250000000000000888, 9.300000000000002487, 0.0000000000000000000 ) ) ;
#465 = ORIENTED_EDGE ( 'NONE', *, *, #2449, .F. ) ;
#466 = ORIENTED_EDGE ( 'NONE', *, *, #2498, .T. ) ;
#467 = DIRECTION ( 'NONE',  ( -0.0000000000000000000, -1.000000000000000000, -0.0000000000000000000 ) ) ;
#468 = CARTESIAN_POINT ( 'NONE',  ( -0.6750000000000001554, 9.300000000000000711, 0.0000000000000000000 ) ) ;
#469 = EDGE_CURVE ( 'NONE', #2617, #1559, #1300, .T. ) ;
#470 = EDGE_CURVE ( 'NONE', #2443, #2053, #683, .T. ) ;
#471 = VECTOR ( 'NONE', #2085, 1000.000000000000000 ) ;
#472 = VECTOR ( 'NONE', #2169, 1000.000000000000000 ) ;
#473 = CARTESIAN_POINT ( 'NONE',  ( -2.819999999999998508, -0.04999999999999987094, 6.990000000000001101 ) ) ;
#474 = EDGE_CURVE ( 'NONE', #2253, #877, #2177, .T. ) ;
#475 = VECTOR ( 'NONE', #1439, 1000.000000000000000 ) ;
#476 = ORIENTED_EDGE ( 'NONE', *, *, #2179, .F. ) ;
#477 = VECTOR ( 'NONE', #1421, 1000.000000000000000 ) ;
#478 = ORIENTED_EDGE ( 'NONE', *, *, #687, .T. ) ;
#479 = DIRECTION ( 'NONE',  ( 0.0000000000000000000, -0.0000000000000000000, -1.000000000000000000 ) ) ;
#480 = AXIS2_PLACEMENT_3D ( 'NONE', #172, #157, #1010 ) ;
#481 = CONICAL_SURFACE ( 'NONE', #2506, 0.7999999999128710737, 0.5235987755790314502 ) ;
#482 = CARTESIAN_POINT ( 'NONE',  ( -0.9100000000000000311, -0.05000000000000004441, -8.165000000000002700 ) ) ;
#483 = AXIS2_PLACEMENT_3D ( 'NONE', #351, #2672, #1610 ) ;
#484 = CARTESIAN_POINT ( 'NONE',  ( 4.949999999999999289, -5.599999999999963229, -6.828762922874113952E-16 ) ) ;
#485 = ORIENTED_EDGE ( 'NONE', *, *, #2249, .F. ) ;
#486 = CARTESIAN_POINT ( 'NONE',  ( 3.600000000000000977, 5.680000000000004157, -2.779999999999998472 ) ) ;
#487 = DIRECTION ( 'NONE',  ( -0.0000000000000000000, -0.0000000000000000000, -1.000000000000000000 ) ) ;
#488 = CARTESIAN_POINT ( 'NONE',  ( -2.819999999999998508, -0.8699999999999996625, 6.990000000000001101 ) ) ;
#489 = ORIENTED_EDGE ( 'NONE', *, *, #769, .F. ) ;
#490 = EDGE_LOOP ( 'NONE', ( #1427, #489, #2601, #704 ) ) ;
#491 = ADVANCED_FACE ( 'NONE', ( #918 ), #2364, .F. ) ;
#492 = EDGE_CURVE ( 'NONE', #2569, #559, #2582, .T. ) ;
#493 = ORIENTED_EDGE ( 'NONE', *, *, #2338, .F. ) ;
#494 = CARTESIAN_POINT ( 'NONE',  ( -4.949999999999999289, -7.857179676972450899, 0.8000000000210480966 ) ) ;
#495 = FACE_OUTER_BOUND ( 'NONE', #1240, .T. ) ;
#496 = DIRECTION ( 'NONE',  ( 0.0000000000000000000, 0.0000000000000000000, 1.000000000000000000 ) ) ;
#497 = DIRECTION ( 'NONE',  ( -1.000000000000000000, 0.0000000000000000000, -0.0000000000000000000 ) ) ;
#498 = DIRECTION ( 'NONE',  ( 0.0000000000000000000, 1.000000000000000000, 0.0000000000000000000 ) ) ;
#499 = DIRECTION ( 'NONE',  ( -6.195440985631451373E-16, 0.0000000000000000000, 1.000000000000000000 ) ) ;
#500 = DIRECTION ( 'NONE',  ( -1.000000000000000000, -0.0000000000000000000, 1.861291283236917653E-16 ) ) ;
#501 = ORIENTED_EDGE ( 'NONE', *, *, #316, .T. ) ;
#502 = ORIENTED_EDGE ( 'NONE', *, *, #65, .F. ) ;
#503 = DIRECTION ( 'NONE',  ( 0.0000000000000000000, 1.000000000000000000, 0.0000000000000000000 ) ) ;
#504 = ADVANCED_FACE ( 'NONE', ( #2390 ), #1935, .T. ) ;
#505 = CARTESIAN_POINT ( 'NONE',  ( -6.990000000000001101, -3.128573788924172482E-16, -6.989999999999998437 ) ) ;
#506 = DIRECTION ( 'NONE',  ( -0.0000000000000000000, 1.000000000000000000, 0.0000000000000000000 ) ) ;
#507 = DIRECTION ( 'NONE',  ( 6.123233995909213495E-17, 0.8660254037763087664, -0.5000000000140814027 ) ) ;
#508 = ORIENTED_EDGE ( 'NONE', *, *, #1190, .F. ) ;
#509 = FACE_OUTER_BOUND ( 'NONE', #2007, .T. ) ;
#510 = FACE_OUTER_BOUND ( 'NONE', #72, .T. ) ;
#511 = LINE ( 'NONE', #1806, #965 ) ;
#512 = ORIENTED_EDGE ( 'NONE', *, *, #2142, .F. ) ;
#513 = VERTEX_POINT ( 'NONE', #81 ) ;
#514 = VECTOR ( 'NONE', #1598, 1000.000000000000000 ) ;
#515 = ORIENTED_EDGE ( 'NONE', *, *, #2585, .F. ) ;
#516 = DIRECTION ( 'NONE',  ( -1.000000000000000000, 0.0000000000000000000, 0.0000000000000000000 ) ) ;
#517 = FACE_OUTER_BOUND ( 'NONE', #1313, .T. ) ;
#518 = AXIS2_PLACEMENT_3D ( 'NONE', #1652, #2493, #1865 ) ;
#519 = AXIS2_PLACEMENT_3D ( 'NONE', #1000, #1161, #1837 ) ;
#520 = AXIS2_PLACEMENT_3D ( 'NONE', #199, #2562, #1025 ) ;
#521 = VECTOR ( 'NONE', #2450, 1000.000000000000114 ) ;
#522 = FACE_OUTER_BOUND ( 'NONE', #1039, .T. ) ;
#523 = DIRECTION ( 'NONE',  ( -0.0000000000000000000, 0.0000000000000000000, -1.000000000000000000 ) ) ;
#524 = ORIENTED_EDGE ( 'NONE', *, *, #1532, .T. ) ;
#525 = VECTOR ( 'NONE', #2589, 1000.000000000000000 ) ;
#526 = CARTESIAN_POINT ( 'NONE',  ( 0.6749999999999998224, 5.680000000000010374, -2.249999999999999112 ) ) ;
#527 = DIRECTION ( 'NONE',  ( -0.0000000000000000000, -1.000000000000000000, -0.0000000000000000000 ) ) ;
#528 = VECTOR ( 'NONE', #595, 1000.000000000000000 ) ;
#529 = CARTESIAN_POINT ( 'NONE',  ( 6.989999999999997549, -0.05000000000000000278, -6.990000000000000213 ) ) ;
#530 = EDGE_LOOP ( 'NONE', ( #601, #1870, #2575, #23 ) ) ;
#531 = ORIENTED_EDGE ( 'NONE', *, *, #2352, .T. ) ;
#532 = LINE ( 'NONE', #1819, #1576 ) ;
#533 = DIRECTION ( 'NONE',  ( -0.0000000000000000000, -1.000000000000000000, 0.0000000000000000000 ) ) ;
#534 = CARTESIAN_POINT ( 'NONE',  ( 0.0000000000000000000, -8.550000000000002487, 0.0000000000000000000 ) ) ;
#535 = CARTESIAN_POINT ( 'NONE',  ( -0.9099999999999998090, -0.8699999999999998845, -6.990000000000000213 ) ) ;
#536 = ORIENTED_EDGE ( 'NONE', *, *, #1187, .F. ) ;
#537 = DIRECTION ( 'NONE',  ( -0.0000000000000000000, -1.000000000000000000, 0.0000000000000000000 ) ) ;
#538 = CYLINDRICAL_SURFACE ( 'NONE', #2374, 0.8000000000000009326 ) ;
#539 = EDGE_CURVE ( 'NONE', #1536, #833, #2332, .T. ) ;
#540 = EDGE_CURVE ( 'NONE', #228, #1484, #2616, .T. ) ;
#541 = LINE ( 'NONE', #1183, #1922 ) ;
#542 = DIRECTION ( 'NONE',  ( 0.0000000000000000000, 0.0000000000000000000, -1.000000000000000000 ) ) ;
#543 = ORIENTED_EDGE ( 'NONE', *, *, #1430, .T. ) ;
#544 = FILL_AREA_STYLE_COLOUR ( '', #1219 ) ;
#545 = CARTESIAN_POINT ( 'NONE',  ( 3.600000000000000977, 5.350000000000014744, 0.0000000000000000000 ) ) ;
#546 = PLANE ( 'NONE',  #657 ) ;
#547 = ORIENTED_EDGE ( 'NONE', *, *, #4, .T. ) ;
#548 = EDGE_LOOP ( 'NONE', ( #1723, #1447, #2670, #2488 ) ) ;
#549 = DIRECTION ( 'NONE',  ( -7.800015629392118115E-17, -0.0000000000000000000, 1.000000000000000000 ) ) ;
#550 = CARTESIAN_POINT ( 'NONE',  ( 7.820000000000000284, -0.04999999999999978073, -5.820000000000000284 ) ) ;
#551 = PLANE ( 'NONE',  #2462 ) ;
#552 = ADVANCED_FACE ( 'NONE', ( #1108 ), #1393, .T. ) ;
#553 = CARTESIAN_POINT ( 'NONE',  ( 6.989999999999997549, -0.04999999999999972522, -6.990000000000000213 ) ) ;
#554 = ADVANCED_FACE ( 'NONE', ( #2190 ), #865, .T. ) ;
#555 = CARTESIAN_POINT ( 'NONE',  ( -7.819999999999993179, -0.8699999999999998845, -7.820000000000000284 ) ) ;
#556 = LINE ( 'NONE', #331, #2335 ) ;
#557 = DIRECTION ( 'NONE',  ( 0.0000000000000000000, -1.000000000000000000, 0.0000000000000000000 ) ) ;
#558 = ORIENTED_EDGE ( 'NONE', *, *, #2713, .F. ) ;
#559 = VERTEX_POINT ( 'NONE', #930 ) ;
#560 = VECTOR ( 'NONE', #2719, 1000.000000000000000 ) ;
#561 = PLANE ( 'NONE',  #954 ) ;
#562 = AXIS2_PLACEMENT_3D ( 'NONE', #1890, #803, #2733 ) ;
#563 = AXIS2_PLACEMENT_3D ( 'NONE', #146, #1357, #718 ) ;
#564 = CIRCLE ( 'NONE', #2293, 0.4000000000308668313 ) ;
#565 = CARTESIAN_POINT ( 'NONE',  ( 2.819999999999999396, -0.05000000000000016931, 7.820000000000000284 ) ) ;
#566 = VECTOR ( 'NONE', #18, 1000.000000000000000 ) ;
#567 = ORIENTED_EDGE ( 'NONE', *, *, #2196, .F. ) ;
#568 = DIRECTION ( 'NONE',  ( 0.0000000000000000000, 0.0000000000000000000, 1.000000000000000000 ) ) ;
#569 =( NAMED_UNIT ( * ) SI_UNIT ( $, .STERADIAN. ) SOLID_ANGLE_UNIT ( ) );
#570 = DIRECTION ( 'NONE',  ( 1.000000000000000000, 0.0000000000000000000, -1.861291283236917653E-16 ) ) ;
#571 = EDGE_CURVE ( 'NONE', #1994, #2393, #1769, .T. ) ;
#572 = EDGE_LOOP ( 'NONE', ( #44, #927, #1454, #29 ) ) ;
#573 = EDGE_CURVE ( 'NONE', #717, #1379, #879, .T. ) ;
#574 = DIRECTION ( 'NONE',  ( 0.0000000000000000000, 1.000000000000000000, 0.0000000000000000000 ) ) ;
#575 = CARTESIAN_POINT ( 'NONE',  ( 4.200000000000000178, -8.550000000000002487, 2.800000000000000711 ) ) ;
#576 = ORIENTED_EDGE ( 'NONE', *, *, #439, .F. ) ;
#577 = ORIENTED_EDGE ( 'NONE', *, *, #226, .T. ) ;
#578 = LINE ( 'NONE', #981, #999 ) ;
#579 = ORIENTED_EDGE ( 'NONE', *, *, #1410, .F. ) ;
#580 = CARTESIAN_POINT ( 'NONE',  ( -2.600000000000000533, -5.599999999999981881, 5.099999999999999645 ) ) ;
#581 = EDGE_LOOP ( 'NONE', ( #946, #2392, #1912, #50 ) ) ;
#582 = CARTESIAN_POINT ( 'NONE',  ( -7.819999999999993179, -0.04999999999999978767, 5.820000000000000284 ) ) ;
#583 = DIRECTION ( 'NONE',  ( 2.017120320903263751E-15, 0.0000000000000000000, -1.000000000000000000 ) ) ;
#584 = EDGE_CURVE ( 'NONE', #94, #2527, #975, .T. ) ;
#585 = FACE_BOUND ( 'NONE', #1412, .T. ) ;
#586 = DIRECTION ( 'NONE',  ( 0.0000000000000000000, 1.000000000000000000, 0.0000000000000000000 ) ) ;
#587 = EDGE_CURVE ( 'NONE', #2253, #2292, #1382, .T. ) ;
#588 = ORIENTED_EDGE ( 'NONE', *, *, #2058, .F. ) ;
#589 = ORIENTED_EDGE ( 'NONE', *, *, #2433, .F. ) ;
#590 = CARTESIAN_POINT ( 'NONE',  ( -0.6750000000000002665, 9.299999999999998934, 2.249999999999999556 ) ) ;
#591 = ADVANCED_FACE ( 'NONE', ( #1624, #344, #2479, #585, #1397, #2430 ), #2005, .F. ) ;
#592 = EDGE_LOOP ( 'NONE', ( #543, #73, #2690, #1423 ) ) ;
#593 = CARTESIAN_POINT ( 'NONE',  ( 4.949999999999999289, -5.600000000000000533, -0.8000000000000015987 ) ) ;
#594 = ORIENTED_EDGE ( 'NONE', *, *, #35, .F. ) ;
#595 = DIRECTION ( 'NONE',  ( -0.0000000000000000000, 0.0000000000000000000, -1.000000000000000000 ) ) ;
#596 = PLANE ( 'NONE',  #2735 ) ;
#597 = DIRECTION ( 'NONE',  ( 1.000000000000000000, -0.0000000000000000000, 0.0000000000000000000 ) ) ;
#598 = VERTEX_POINT ( 'NONE', #2223 ) ;
#599 = CARTESIAN_POINT ( 'NONE',  ( 0.0000000000000000000, -0.04999999999999982930, 8.165000000000002700 ) ) ;
#600 = FACE_OUTER_BOUND ( 'NONE', #490, .T. ) ;
#601 = ORIENTED_EDGE ( 'NONE', *, *, #1363, .F. ) ;
#602 = AXIS2_PLACEMENT_3D ( 'NONE', #2395, #725, #1569 ) ;
#603 = CARTESIAN_POINT ( 'NONE',  ( 6.990000000000000213, -0.8699999999999997735, 5.820000000000000284 ) ) ;
#604 = VECTOR ( 'NONE', #2045, 1000.000000000000000 ) ;
#605 = EDGE_CURVE ( 'NONE', #1429, #250, #2024, .T. ) ;
#606 = EDGE_LOOP ( 'NONE', ( #1283, #1441 ) ) ;
#607 = ADVANCED_FACE ( 'NONE', ( #321 ), #120, .F. ) ;
#608 = LINE ( 'NONE', #2355, #1269 ) ;
#609 = VERTEX_POINT ( 'NONE', #1150 ) ;
#610 = VECTOR ( 'NONE', #1251, 1000.000000000000000 ) ;
#611 = VECTOR ( 'NONE', #537, 1000.000000000000000 ) ;
#612 = VECTOR ( 'NONE', #2453, 1000.000000000000000 ) ;
#613 = CARTESIAN_POINT ( 'NONE',  ( 4.949999999999999289, -7.857179676972450899, -6.828762922874113952E-16 ) ) ;
#614 = LINE ( 'NONE', #832, #560 ) ;
#615 = VERTEX_POINT ( 'NONE', #987 ) ;
#616 = CARTESIAN_POINT ( 'NONE',  ( 3.835680304720848956E-17, -7.857179676989289874, 1.925000000028376235 ) ) ;
#617 = DIRECTION ( 'NONE',  ( -0.0000000000000000000, -1.000000000000000000, -0.0000000000000000000 ) ) ;
#618 = ORIENTED_EDGE ( 'NONE', *, *, #90, .T. ) ;
#619 = ORIENTED_EDGE ( 'NONE', *, *, #1615, .T. ) ;
#620 = CARTESIAN_POINT ( 'NONE',  ( 7.820000000000000284, -0.8699999999999996625, 0.0000000000000000000 ) ) ;
#621 = CARTESIAN_POINT ( 'NONE',  ( 2.250000000000001332, 9.299999999999998934, -0.5749999999999987343 ) ) ;
#622 = CARTESIAN_POINT ( 'NONE',  ( -6.990000000000001990, 0.0000000000000000000, -6.989999999999997549 ) ) ;
#623 = DIRECTION ( 'NONE',  ( 0.0000000000000000000, 0.0000000000000000000, -1.000000000000000000 ) ) ;
#624 = EDGE_CURVE ( 'NONE', #1369, #448, #1992, .T. ) ;
#625 = DIRECTION ( 'NONE',  ( 1.000000000000000000, 0.0000000000000000000, -0.0000000000000000000 ) ) ;
#626 = LINE ( 'NONE', #1433, #2243 ) ;
#627 = EDGE_CURVE ( 'NONE', #1515, #2659, #1821, .T. ) ;
#628 = VERTEX_POINT ( 'NONE', #1606 ) ;
#629 = LINE ( 'NONE', #385, #257 ) ;
#630 = DIRECTION ( 'NONE',  ( 0.0000000000000000000, 1.000000000000000000, 0.0000000000000000000 ) ) ;
#631 = ORIENTED_EDGE ( 'NONE', *, *, #787, .T. ) ;
#632 = DIRECTION ( 'NONE',  ( -0.0000000000000000000, -1.000000000000000000, 0.0000000000000000000 ) ) ;
#633 = DIRECTION ( 'NONE',  ( 0.1846481539326270127, 0.9828046902865660295, 0.0000000000000000000 ) ) ;
#634 = DIRECTION ( 'NONE',  ( 0.0000000000000000000, -0.0000000000000000000, 1.000000000000000000 ) ) ;
#635 = DIRECTION ( 'NONE',  ( 1.000000000000000000, -0.0000000000000000000, 0.0000000000000000000 ) ) ;
#636 = EDGE_CURVE ( 'NONE', #1793, #1473, #2452, .T. ) ;
#637 = EDGE_CURVE ( 'NONE', #2053, #213, #556, .T. ) ;
#638 = LINE ( 'NONE', #2075, #2603 ) ;
#639 = CARTESIAN_POINT ( 'NONE',  ( 4.200000000000000178, -5.599999999999972999, 2.600000000000000533 ) ) ;
#640 = ORIENTED_EDGE ( 'NONE', *, *, #2660, .F. ) ;
#641 = ADVANCED_FACE ( 'NONE', ( #2656 ), #2680, .F. ) ;
#642 = EDGE_CURVE ( 'NONE', #2671, #272, #1594, .T. ) ;
#643 = LINE ( 'NONE', #2309, #350 ) ;
#644 = DIRECTION ( 'NONE',  ( 0.0000000000000000000, -0.0000000000000000000, 1.000000000000000000 ) ) ;
#645 = ORIENTED_EDGE ( 'NONE', *, *, #261, .T. ) ;
#646 = CARTESIAN_POINT ( 'NONE',  ( -0.6750000000000004885, 5.679999999999999716, 2.250000000000000000 ) ) ;
#647 = FACE_OUTER_BOUND ( 'NONE', #1009, .T. ) ;
#648 = ORIENTED_EDGE ( 'NONE', *, *, #1311, .T. ) ;
#649 = CARTESIAN_POINT ( 'NONE',  ( 3.835680304720848956E-17, -5.599999999999963229, -1.924999999999999600 ) ) ;
#650 = AXIS2_PLACEMENT_3D ( 'NONE', #2188, #1716, #668 ) ;
#651 = VECTOR ( 'NONE', #2662, 1000.000000000000000 ) ;
#652 = AXIS2_PLACEMENT_3D ( 'NONE', #100, #2586, #1965 ) ;
#653 = VECTOR ( 'NONE', #503, 1000.000000000000000 ) ;
#654 = CARTESIAN_POINT ( 'NONE',  ( 6.989999999999997549, -0.8700000000000001066, -6.990000000000000213 ) ) ;
#655 = VERTEX_POINT ( 'NONE', #2035 ) ;
#656 = ORIENTED_EDGE ( 'NONE', *, *, #756, .T. ) ;
#657 = AXIS2_PLACEMENT_3D ( 'NONE', #1625, #1189, #164 ) ;
#658 = LINE ( 'NONE', #2093, #1919 ) ;
#659 = EDGE_CURVE ( 'NONE', #2474, #1249, #1582, .T. ) ;
#660 = CARTESIAN_POINT ( 'NONE',  ( 2.250000000000000444, 5.680000000000013038, 0.5750000000000011768 ) ) ;
#661 = EDGE_CURVE ( 'NONE', #139, #2205, #793, .T. ) ;
#662 = EDGE_LOOP ( 'NONE', ( #193, #33, #2621, #1252 ) ) ;
#663 = VERTEX_POINT ( 'NONE', #1200 ) ;
#664 = DIRECTION ( 'NONE',  ( 1.000000000000000000, 0.0000000000000000000, -0.0000000000000000000 ) ) ;
#665 = ORIENTED_EDGE ( 'NONE', *, *, #1205, .T. ) ;
#666 = ORIENTED_EDGE ( 'NONE', *, *, #1309, .F. ) ;
#667 = CARTESIAN_POINT ( 'NONE',  ( -6.989999999999998437, 0.0000000000000000000, 6.990000000000001990 ) ) ;
#668 = DIRECTION ( 'NONE',  ( -1.000000000000000000, -5.507058653894628811E-16, 0.0000000000000000000 ) ) ;
#669 = ORIENTED_EDGE ( 'NONE', *, *, #753, .F. ) ;
#670 = DIRECTION ( 'NONE',  ( -1.000000000000000000, -0.0000000000000000000, -4.216341781888072580E-16 ) ) ;
#671 = ADVANCED_FACE ( 'NONE', ( #1372 ), #2047, .T. ) ;
#672 = ORIENTED_EDGE ( 'NONE', *, *, #1697, .F. ) ;
#673 = ORIENTED_EDGE ( 'NONE', *, *, #1395, .T. ) ;
#674 = LINE ( 'NONE', #932, #1218 ) ;
#675 = DIRECTION ( 'NONE',  ( -0.0000000000000000000, -1.000000000000000000, -0.0000000000000000000 ) ) ;
#676 = EDGE_CURVE ( 'NONE', #1823, #1994, #2697, .T. ) ;
#677 = CARTESIAN_POINT ( 'NONE',  ( 3.835680304720848956E-17, -7.857179676972449123, 3.429011037631034323E-16 ) ) ;
#678 = EDGE_LOOP ( 'NONE', ( #1649, #1266, #151, #883 ) ) ;
#679 = ORIENTED_EDGE ( 'NONE', *, *, #1686, .T. ) ;
#680 = ORIENTED_EDGE ( 'NONE', *, *, #1961, .T. ) ;
#681 = DIRECTION ( 'NONE',  ( 0.0000000000000000000, -1.000000000000000000, 0.0000000000000000000 ) ) ;
#682 = DIRECTION ( 'NONE',  ( -1.000000000000000000, 0.0000000000000000000, 0.0000000000000000000 ) ) ;
#683 = LINE ( 'NONE', #266, #1964 ) ;
#684 = ORIENTED_EDGE ( 'NONE', *, *, #2282, .F. ) ;
#685 = LINE ( 'NONE', #1083, #1619 ) ;
#686 = CARTESIAN_POINT ( 'NONE',  ( 0.6749999999999996003, 9.299999999999998934, 2.250000000000000888 ) ) ;
#687 = EDGE_CURVE ( 'NONE', #1337, #942, #24, .T. ) ;
#688 = VECTOR ( 'NONE', #2166, 1000.000000000000000 ) ;
#689 = DIRECTION ( 'NONE',  ( -0.0000000000000000000, -1.000000000000000000, 0.0000000000000000000 ) ) ;
#690 = VECTOR ( 'NONE', #1381, 1000.000000000000000 ) ;
#691 = ORIENTED_EDGE ( 'NONE', *, *, #943, .F. ) ;
#692 = VECTOR ( 'NONE', #1041, 1000.000000000000000 ) ;
#693 = ORIENTED_EDGE ( 'NONE', *, *, #890, .T. ) ;
#694 = CARTESIAN_POINT ( 'NONE',  ( 3.835680304720848956E-17, -7.857179676972449123, 3.429011037631034323E-16 ) ) ;
#695 = VECTOR ( 'NONE', #1542, 1000.000000000000000 ) ;
#696 = DIRECTION ( 'NONE',  ( -1.000000000000000000, -0.0000000000000000000, 0.0000000000000000000 ) ) ;
#697 = VECTOR ( 'NONE', #919, 1000.000000000000000 ) ;
#698 = FACE_OUTER_BOUND ( 'NONE', #1036, .T. ) ;
#699 = LINE ( 'NONE', #1694, #1445 ) ;
#700 = LINE ( 'NONE', #526, #959 ) ;
#701 = CARTESIAN_POINT ( 'NONE',  ( 2.819999999999999396, -0.04999999999999975991, -7.820000000000000284 ) ) ;
#702 = LINE ( 'NONE', #47, #85 ) ;
#703 = EDGE_CURVE ( 'NONE', #848, #1824, #182, .T. ) ;
#704 = ORIENTED_EDGE ( 'NONE', *, *, #2058, .T. ) ;
#705 = EDGE_LOOP ( 'NONE', ( #1050, #821, #417, #796 ) ) ;
#706 = CARTESIAN_POINT ( 'NONE',  ( -0.9100000000000000311, -0.04999999999999969746, 6.990000000000001990 ) ) ;
#707 = EDGE_CURVE ( 'NONE', #2426, #655, #658, .T. ) ;
#708 = CARTESIAN_POINT ( 'NONE',  ( 0.0000000000000000000, -5.599999999999963229, -6.800000000000000711 ) ) ;
#709 = LINE ( 'NONE', #464, #2241 ) ;
#710 = LINE ( 'NONE', #290, #697 ) ;
#711 = ORIENTED_EDGE ( 'NONE', *, *, #1909, .T. ) ;
#712 = CARTESIAN_POINT ( 'NONE',  ( 7.820000000000000284, -0.04999999999999975298, 0.0000000000000000000 ) ) ;
#713 = PLANE ( 'NONE',  #1126 ) ;
#714 = LINE ( 'NONE', #971, #1011 ) ;
#715 = ORIENTED_EDGE ( 'NONE', *, *, #587, .T. ) ;
#716 = ORIENTED_EDGE ( 'NONE', *, *, #1852, .T. ) ;
#717 = VERTEX_POINT ( 'NONE', #846 ) ;
#718 = DIRECTION ( 'NONE',  ( 0.4028819363494547945, -0.9152519573119273222, 0.0000000000000000000 ) ) ;
#719 = CARTESIAN_POINT ( 'NONE',  ( 6.989999999999997549, -0.8699999999999993294, -6.990000000000000213 ) ) ;
#720 = EDGE_CURVE ( 'NONE', #2398, #111, #643, .T. ) ;
#721 = LINE ( 'NONE', #1362, #688 ) ;
#722 = LINE ( 'NONE', #1064, #566 ) ;
#723 = ORIENTED_EDGE ( 'NONE', *, *, #474, .F. ) ;
#724 = LINE ( 'NONE', #2366, #2246 ) ;
#725 = DIRECTION ( 'NONE',  ( -1.000000000000000000, 0.0000000000000000000, 0.0000000000000000000 ) ) ;
#726 = CARTESIAN_POINT ( 'NONE',  ( 5.634585173826576896E-16, 5.350000000000000533, -5.309999999999999609 ) ) ;
#727 = VERTEX_POINT ( 'NONE', #1863 ) ;
#728 = ORIENTED_EDGE ( 'NONE', *, *, #2307, .F. ) ;
#729 = VECTOR ( 'NONE', #1425, 1000.000000000000000 ) ;
#730 = ORIENTED_EDGE ( 'NONE', *, *, #956, .T. ) ;
#731 = FACE_OUTER_BOUND ( 'NONE', #2516, .T. ) ;
#732 = DIRECTION ( 'NONE',  ( -1.000000000000000000, 0.0000000000000000000, -2.017120320903263751E-15 ) ) ;
#733 = AXIS2_PLACEMENT_3D ( 'NONE', #330, #583, #732 ) ;
#734 = VECTOR ( 'NONE', #1247, 1000.000000000000000 ) ;
#735 = AXIS2_PLACEMENT_3D ( 'NONE', #382, #2087, #1849 ) ;
#736 = EDGE_CURVE ( 'NONE', #139, #1626, #2066, .T. ) ;
#737 = DIRECTION ( 'NONE',  ( 1.000000000000000000, 0.0000000000000000000, 4.216341781888072580E-16 ) ) ;
#738 = DIRECTION ( 'NONE',  ( 1.000000000000000000, 0.0000000000000000000, 0.0000000000000000000 ) ) ;
#739 = EDGE_CURVE ( 'NONE', #2491, #1994, #857, .T. ) ;
#740 = ORIENTED_EDGE ( 'NONE', *, *, #624, .F. ) ;
#741 = AXIS2_PLACEMENT_3D ( 'NONE', #1670, #2126, #2 ) ;
#742 = VECTOR ( 'NONE', #984, 1000.000000000000000 ) ;
#743 = LINE ( 'NONE', #1826, #430 ) ;
#744 = ADVANCED_FACE ( 'NONE', ( #401 ), #2320, .T. ) ;
#745 = DIRECTION ( 'NONE',  ( 1.000000000000000000, 0.0000000000000000000, 6.195440985631451373E-16 ) ) ;
#746 = CARTESIAN_POINT ( 'NONE',  ( -7.819999999999993179, -0.8699999999999996625, 7.820000000000000284 ) ) ;
#747 = ORIENTED_EDGE ( 'NONE', *, *, #687, .F. ) ;
#748 = DIRECTION ( 'NONE',  ( 0.1843532454091293127, 0.9812350158872958916, 0.05649534939957097379 ) ) ;
#749 = LINE ( 'NONE', #1593, #1437 ) ;
#750 = CARTESIAN_POINT ( 'NONE',  ( 3.600000000000000977, 5.349999999999999645, -2.779999999999997584 ) ) ;
#751 = PLANE ( 'NONE',  #917 ) ;
#752 = EDGE_LOOP ( 'NONE', ( #2161, #2371, #277, #1656, #1344, #1699, #502, #2629, #296, #423, #1597, #2360 ) ) ;
#753 = EDGE_CURVE ( 'NONE', #1824, #1752, #2274, .T. ) ;
#754 = VERTEX_POINT ( 'NONE', #2710 ) ;
#755 = CARTESIAN_POINT ( 'NONE',  ( -7.819999999999993179, -0.04999999999999978073, 5.820000000000000284 ) ) ;
#756 = EDGE_CURVE ( 'NONE', #1941, #2393, #1853, .T. ) ;
#757 = CARTESIAN_POINT ( 'NONE',  ( -6.369999999999999218, -5.599999999999972999, -6.799999999999998934 ) ) ;
#758 = CARTESIAN_POINT ( 'NONE',  ( 0.0000000000000000000, -8.550000000000002487, 0.0000000000000000000 ) ) ;
#759 = APPLICATION_CONTEXT ( 'automotive_design' ) ;
#760 = DIRECTION ( 'NONE',  ( 1.861291283236917653E-16, -0.0000000000000000000, 1.000000000000000000 ) ) ;
#761 = CARTESIAN_POINT ( 'NONE',  ( -4.949999999999999289, -5.600000000000000533, -0.8000000000000015987 ) ) ;
#762 = CARTESIAN_POINT ( 'NONE',  ( -6.990000000000001990, 0.0000000000000000000, -5.820000000000000284 ) ) ;
#763 = VERTEX_POINT ( 'NONE', #805 ) ;
#764 = ORIENTED_EDGE ( 'NONE', *, *, #707, .F. ) ;
#765 = FACE_OUTER_BOUND ( 'NONE', #438, .T. ) ;
#766 = CARTESIAN_POINT ( 'NONE',  ( 7.820000000000000284, -0.04999999999999972522, 7.820000000000000284 ) ) ;
#767 = DIRECTION ( 'NONE',  ( 0.0000000000000000000, -1.000000000000000000, 0.0000000000000000000 ) ) ;
#768 = DIRECTION ( 'NONE',  ( 1.000000000000000000, -0.0000000000000000000, 0.0000000000000000000 ) ) ;
#769 = EDGE_CURVE ( 'NONE', #10, #2633, #205, .T. ) ;
#770 = SURFACE_SIDE_STYLE ('',( #2258 ) ) ;
#771 = AXIS2_PLACEMENT_3D ( 'NONE', #101, #675, #1305 ) ;
#772 = DIRECTION ( 'NONE',  ( 0.0000000000000000000, 1.000000000000000000, 0.0000000000000000000 ) ) ;
#773 = AXIS2_PLACEMENT_3D ( 'NONE', #1768, #2626, #2412 ) ;
#774 = AXIS2_PLACEMENT_3D ( 'NONE', #2686, #2473, #1629 ) ;
#775 = DIRECTION ( 'NONE',  ( 0.0000000000000000000, 1.000000000000000000, 0.0000000000000000000 ) ) ;
#776 = ORIENTED_EDGE ( 'NONE', *, *, #2663, .F. ) ;
#777 = ORIENTED_EDGE ( 'NONE', *, *, #2367, .T. ) ;
#778 = AXIS2_PLACEMENT_3D ( 'NONE', #1741, #87, #2405 ) ;
#779 = VECTOR ( 'NONE', #2250, 1000.000000000000000 ) ;
#780 = FACE_OUTER_BOUND ( 'NONE', #1839, .T. ) ;
#781 = CARTESIAN_POINT ( 'NONE',  ( 6.370000000000001883, -5.599999999999972999, -6.800000000000000711 ) ) ;
#782 = AXIS2_PLACEMENT_3D ( 'NONE', #677, #1514, #2368 ) ;
#783 = ORIENTED_EDGE ( 'NONE', *, *, #1548, .F. ) ;
#784 = DIRECTION ( 'NONE',  ( -0.3815852278422788291, 0.8668708997690862672, -0.3208232488865028209 ) ) ;
#785 = VECTOR ( 'NONE', #2217, 1000.000000000000000 ) ;
#786 = ORIENTED_EDGE ( 'NONE', *, *, #143, .F. ) ;
#787 = EDGE_CURVE ( 'NONE', #598, #1484, #2510, .T. ) ;
#788 = EDGE_CURVE ( 'NONE', #1823, #2699, #629, .T. ) ;
#789 = DIRECTION ( 'NONE',  ( 0.0000000000000000000, -1.000000000000000000, 0.0000000000000000000 ) ) ;
#790 = CARTESIAN_POINT ( 'NONE',  ( -6.369999999999997442, -5.599999999999963229, 0.0000000000000000000 ) ) ;
#791 = ORIENTED_EDGE ( 'NONE', *, *, #359, .F. ) ;
#792 = EDGE_CURVE ( 'NONE', #210, #1384, #421, .T. ) ;
#793 = LINE ( 'NONE', #2440, #1005 ) ;
#794 = CARTESIAN_POINT ( 'NONE',  ( 0.0000000000000000000, -0.8699999999999997735, 0.0000000000000000000 ) ) ;
#795 = ORIENTED_EDGE ( 'NONE', *, *, #1600, .F. ) ;
#796 = ORIENTED_EDGE ( 'NONE', *, *, #2517, .F. ) ;
#797 = DIRECTION ( 'NONE',  ( 0.0000000000000000000, -0.0000000000000000000, -1.000000000000000000 ) ) ;
#798 = CARTESIAN_POINT ( 'NONE',  ( 2.250000000000001776, 5.680000000000010374, -0.5749999999999987343 ) ) ;
#799 = ORIENTED_EDGE ( 'NONE', *, *, #2162, .F. ) ;
#800 = DIRECTION ( 'NONE',  ( -1.000000000000000000, 0.0000000000000000000, 6.472848790958240707E-17 ) ) ;
#801 = VERTEX_POINT ( 'NONE', #834 ) ;
#802 = FACE_OUTER_BOUND ( 'NONE', #1962, .T. ) ;
#803 = DIRECTION ( 'NONE',  ( -0.0000000000000000000, -1.000000000000000000, -0.0000000000000000000 ) ) ;
#804 = VERTEX_POINT ( 'NONE', #2492 ) ;
#805 = CARTESIAN_POINT ( 'NONE',  ( 0.6749999999999998224, 9.299999999999998934, -0.5749999999999990674 ) ) ;
#806 = ADVANCED_FACE ( 'NONE', ( #1475, #1257 ), #2106, .F. ) ;
#807 = DIRECTION ( 'NONE',  ( 0.0000000000000000000, -0.0000000000000000000, 1.000000000000000000 ) ) ;
#808 = EDGE_CURVE ( 'NONE', #16, #250, #223, .T. ) ;
#809 = ORIENTED_EDGE ( 'NONE', *, *, #2128, .F. ) ;
#810 = CARTESIAN_POINT ( 'NONE',  ( -7.290000000000000924, -1.251429515569668993E-15, 0.0000000000000000000 ) ) ;
#811 = ORIENTED_EDGE ( 'NONE', *, *, #1261, .F. ) ;
#812 = DIRECTION ( 'NONE',  ( -1.000000000000000000, 0.0000000000000000000, 0.0000000000000000000 ) ) ;
#813 = EDGE_LOOP ( 'NONE', ( #2083, #1713, #1075, #2111 ) ) ;
#814 = CARTESIAN_POINT ( 'NONE',  ( 6.990000000000000213, -0.04999999999999978767, -5.820000000000000284 ) ) ;
#815 = CARTESIAN_POINT ( 'NONE',  ( 4.949999999999999289, -8.550000000013824319, 0.4000000000308661097 ) ) ;
#816 = DIRECTION ( 'NONE',  ( -0.0000000000000000000, 0.0000000000000000000, -1.000000000000000000 ) ) ;
#817 = ORIENTED_EDGE ( 'NONE', *, *, #1798, .F. ) ;
#818 = VERTEX_POINT ( 'NONE', #1892 ) ;
#819 = DIRECTION ( 'NONE',  ( 0.0000000000000000000, 1.000000000000000000, -0.0000000000000000000 ) ) ;
#820 = PLANE ( 'NONE',  #518 ) ;
#821 = ORIENTED_EDGE ( 'NONE', *, *, #231, .T. ) ;
#822 = EDGE_CURVE ( 'NONE', #2591, #1246, #11, .T. ) ;
#823 = CARTESIAN_POINT ( 'NONE',  ( 5.634585173826576896E-16, 2.372959078631588170, -6.411783369029802948 ) ) ;
#824 = ADVANCED_FACE ( 'NONE', ( #237 ), #1903, .F. ) ;
#825 = AXIS2_PLACEMENT_3D ( 'NONE', #195, #2094, #1904 ) ;
#826 = VECTOR ( 'NONE', #2468, 1000.000000000000000 ) ;
#827 = PLANE ( 'NONE',  #520 ) ;
#828 = FACE_OUTER_BOUND ( 'NONE', #208, .T. ) ;
#829 = EDGE_CURVE ( 'NONE', #871, #256, #1753, .T. ) ;
#830 = AXIS2_PLACEMENT_3D ( 'NONE', #1370, #2221, #329 ) ;
#831 = CARTESIAN_POINT ( 'NONE',  ( 3.835680304720848956E-17, -5.600000000000000533, 3.429011037631034323E-16 ) ) ;
#832 = CARTESIAN_POINT ( 'NONE',  ( -2.819999999999998508, -0.8699999999999996625, 0.0000000000000000000 ) ) ;
#833 = VERTEX_POINT ( 'NONE', #1104 ) ;
#834 = CARTESIAN_POINT ( 'NONE',  ( 6.989999999999997549, -0.8699999999999998845, -6.989999999999999325 ) ) ;
#835 = DIRECTION ( 'NONE',  ( 4.216341781888072580E-16, 0.0000000000000000000, -1.000000000000000000 ) ) ;
#836 = ORIENTED_EDGE ( 'NONE', *, *, #1323, .T. ) ;
#837 = LINE ( 'NONE', #1480, #345 ) ;
#838 = ADVANCED_FACE ( 'NONE', ( #51 ), #259, .T. ) ;
#839 = ORIENTED_EDGE ( 'NONE', *, *, #636, .T. ) ;
#840 = CARTESIAN_POINT ( 'NONE',  ( 2.819999999999999396, -0.05000000000000016237, 7.820000000000000284 ) ) ;
#841 = CARTESIAN_POINT ( 'NONE',  ( -6.989999999999999325, -0.04999999999999976685, -5.820000000000000284 ) ) ;
#842 = LINE ( 'NONE', #1460, #2206 ) ;
#843 = DIRECTION ( 'NONE',  ( 1.000000000000000000, -0.0000000000000000000, -1.240860855491278271E-16 ) ) ;
#844 = CARTESIAN_POINT ( 'NONE',  ( 4.200000000000000178, -5.599999999999975664, 2.600000000000000977 ) ) ;
#845 = VERTEX_POINT ( 'NONE', #2187 ) ;
#846 = CARTESIAN_POINT ( 'NONE',  ( 0.6749999999999996003, 5.680000000000011262, 0.5750000000000006217 ) ) ;
#847 = DIRECTION ( 'NONE',  ( 0.0000000000000000000, 1.000000000000000000, 0.0000000000000000000 ) ) ;
#848 = VERTEX_POINT ( 'NONE', #61 ) ;
#849 = DIRECTION ( 'NONE',  ( -0.0000000000000000000, 0.0000000000000000000, -1.000000000000000000 ) ) ;
#850 = DIRECTION ( 'NONE',  ( 0.9152519573119269891, -0.4028819363494555161, 3.737544860599630035E-16 ) ) ;
#851 = ORIENTED_EDGE ( 'NONE', *, *, #1281, .F. ) ;
#852 = EDGE_CURVE ( 'NONE', #1211, #1917, #2625, .T. ) ;
#853 = PLANE ( 'NONE',  #38 ) ;
#854 = EDGE_CURVE ( 'NONE', #2253, #48, #1315, .T. ) ;
#855 = VERTEX_POINT ( 'NONE', #886 ) ;
#856 = ORIENTED_EDGE ( 'NONE', *, *, #1279, .T. ) ;
#857 = LINE ( 'NONE', #1875, #170 ) ;
#858 = DIRECTION ( 'NONE',  ( 0.0000000000000000000, 1.000000000000000000, 0.0000000000000000000 ) ) ;
#859 = ORIENTED_EDGE ( 'NONE', *, *, #1779, .T. ) ;
#860 = CARTESIAN_POINT ( 'NONE',  ( -3.459999999999999964, -5.599999999999981881, 5.299999999999997158 ) ) ;
#861 = VECTOR ( 'NONE', #2011, 1000.000000000000000 ) ;
#862 = FACE_OUTER_BOUND ( 'NONE', #2265, .T. ) ;
#863 = VERTEX_POINT ( 'NONE', #1504 ) ;
#864 = VECTOR ( 'NONE', #533, 1000.000000000000000 ) ;
#865 = CONICAL_SURFACE ( 'NONE', #958, 1.925000000028375791, 0.5235987756145586980 ) ;
#866 = AXIS2_PLACEMENT_3D ( 'NONE', #355, #1404, #2042 ) ;
#867 = VECTOR ( 'NONE', #500, 1000.000000000000000 ) ;
#868 = CARTESIAN_POINT ( 'NONE',  ( 4.200000000000000178, -8.550000000000002487, 2.600000000000000977 ) ) ;
#869 = CIRCLE ( 'NONE', #2422, 0.8000000000000009326 ) ;
#870 = ADVANCED_FACE ( 'NONE', ( #2164 ), #1482, .T. ) ;
#871 = VERTEX_POINT ( 'NONE', #299 ) ;
#872 = EDGE_CURVE ( 'NONE', #1696, #2591, #897, .T. ) ;
#873 = ORIENTED_EDGE ( 'NONE', *, *, #1599, .F. ) ;
#874 = VECTOR ( 'NONE', #1761, 1000.000000000000000 ) ;
#875 = DIRECTION ( 'NONE',  ( 1.000000000000000000, -0.0000000000000000000, 0.0000000000000000000 ) ) ;
#876 = CARTESIAN_POINT ( 'NONE',  ( 6.989999999999997549, 0.0000000000000000000, -6.990000000000000213 ) ) ;
#877 = VERTEX_POINT ( 'NONE', #1736 ) ;
#878 = ADVANCED_FACE ( 'NONE', ( #1491 ), #1288, .T. ) ;
#879 = LINE ( 'NONE', #1718, #34 ) ;
#880 = CARTESIAN_POINT ( 'NONE',  ( -7.290000000000000924, -1.014209232266810258E-15, 7.290000000000000036 ) ) ;
#881 = VERTEX_POINT ( 'NONE', #2372 ) ;
#882 = FACE_OUTER_BOUND ( 'NONE', #911, .T. ) ;
#883 = ORIENTED_EDGE ( 'NONE', *, *, #2611, .F. ) ;
#884 = ORIENTED_EDGE ( 'NONE', *, *, #872, .F. ) ;
#885 = EDGE_LOOP ( 'NONE', ( #2416, #1535, #2189, #1591 ) ) ;
#886 = CARTESIAN_POINT ( 'NONE',  ( -2.819999999999998064, -0.04999999999999975991, 7.820000000000000284 ) ) ;
#887 = DIRECTION ( 'NONE',  ( 1.000000000000000000, -0.0000000000000000000, -1.240860855491278271E-16 ) ) ;
#888 = EDGE_CURVE ( 'NONE', #1345, #1484, #2460, .T. ) ;
#889 = DIRECTION ( 'NONE',  ( 1.000000000000000000, -0.0000000000000000000, 0.0000000000000000000 ) ) ;
#890 = EDGE_CURVE ( 'NONE', #1435, #1093, #1537, .T. ) ;
#891 = DIRECTION ( 'NONE',  ( -0.0000000000000000000, 0.0000000000000000000, 1.000000000000000000 ) ) ;
#892 = DIRECTION ( 'NONE',  ( -1.000000000000000000, -0.0000000000000000000, -6.424901762877063495E-16 ) ) ;
#893 = CARTESIAN_POINT ( 'NONE',  ( 6.989999999999997549, -0.04999999999999939909, -6.990000000000000213 ) ) ;
#894 = ORIENTED_EDGE ( 'NONE', *, *, #2336, .F. ) ;
#895 = VERTEX_POINT ( 'NONE', #494 ) ;
#896 = ORIENTED_EDGE ( 'NONE', *, *, #1509, .F. ) ;
#897 = LINE ( 'NONE', #667, #1131 ) ;
#898 = CARTESIAN_POINT ( 'NONE',  ( 6.990000000000000213, 0.0000000000000000000, 6.990000000000000213 ) ) ;
#899 = DIRECTION ( 'NONE',  ( 0.0000000000000000000, 0.0000000000000000000, -1.000000000000000000 ) ) ;
#900 = LINE ( 'NONE', #1329, #1400 ) ;
#901 = ORIENTED_EDGE ( 'NONE', *, *, #1092, .F. ) ;
#902 = EDGE_CURVE ( 'NONE', #1337, #801, #286, .T. ) ;
#903 = FACE_OUTER_BOUND ( 'NONE', #2534, .T. ) ;
#904 = CARTESIAN_POINT ( 'NONE',  ( 4.200000000000000178, -5.600000000000000533, 2.600000000000000977 ) ) ;
#905 = CIRCLE ( 'NONE', #1043, 0.8000000000000009326 ) ;
#906 = EDGE_CURVE ( 'NONE', #1473, #1752, #2614, .T. ) ;
#907 = VECTOR ( 'NONE', #113, 1000.000000000000000 ) ;
#908 = DIRECTION ( 'NONE',  ( -0.0000000000000000000, -1.000000000000000000, -0.0000000000000000000 ) ) ;
#909 = ORIENTED_EDGE ( 'NONE', *, *, #17, .T. ) ;
#910 = VECTOR ( 'NONE', #1160, 1000.000000000000000 ) ;
#911 = EDGE_LOOP ( 'NONE', ( #1217, #2133, #680, #234 ) ) ;
#912 = AXIS2_PLACEMENT_3D ( 'NONE', #1766, #1725, #2361 ) ;
#913 = VERTEX_POINT ( 'NONE', #1550 ) ;
#914 = DIRECTION ( 'NONE',  ( -1.861291283236917406E-16, -0.0000000000000000000, -1.000000000000000000 ) ) ;
#915 = VECTOR ( 'NONE', #1869, 1000.000000000000000 ) ;
#916 = CYLINDRICAL_SURFACE ( 'NONE', #124, 0.8000000000000009326 ) ;
#917 = AXIS2_PLACEMENT_3D ( 'NONE', #794, #557, #150 ) ;
#918 = FACE_OUTER_BOUND ( 'NONE', #1814, .T. ) ;
#919 = DIRECTION ( 'NONE',  ( 0.0000000000000000000, 1.000000000000000000, -0.0000000000000000000 ) ) ;
#920 = ORIENTED_EDGE ( 'NONE', *, *, #2570, .F. ) ;
#921 = DIRECTION ( 'NONE',  ( -0.0000000000000000000, 1.000000000000000000, 0.0000000000000000000 ) ) ;
#922 = FACE_OUTER_BOUND ( 'NONE', #2096, .T. ) ;
#923 = ADVANCED_FACE ( 'NONE', ( #1133 ), #2399, .F. ) ;
#924 = DIRECTION ( 'NONE',  ( 0.0000000000000000000, 1.000000000000000000, 0.0000000000000000000 ) ) ;
#925 = EDGE_CURVE ( 'NONE', #1739, #1941, #449, .T. ) ;
#926 = EDGE_LOOP ( 'NONE', ( #1855, #648, #2134, #1324 ) ) ;
#927 = ORIENTED_EDGE ( 'NONE', *, *, #474, .T. ) ;
#928 = DIRECTION ( 'NONE',  ( 0.0000000000000000000, 0.0000000000000000000, -1.000000000000000000 ) ) ;
#929 = PLANE ( 'NONE',  #773 ) ;
#930 = CARTESIAN_POINT ( 'NONE',  ( -3.599999999999999645, 5.680000000000004157, -2.780000000000000693 ) ) ;
#931 = ORIENTED_EDGE ( 'NONE', *, *, #52, .T. ) ;
#932 = CARTESIAN_POINT ( 'NONE',  ( 6.990000000000000213, 0.0000000000000000000, 6.990000000000000213 ) ) ;
#933 = PLANE ( 'NONE',  #426 ) ;
#934 = CARTESIAN_POINT ( 'NONE',  ( 0.0000000000000000000, -8.550000000000002487, 2.800000000000000711 ) ) ;
#935 = ORIENTED_EDGE ( 'NONE', *, *, #1309, .T. ) ;
#936 = ORIENTED_EDGE ( 'NONE', *, *, #979, .F. ) ;
#937 = ADVANCED_FACE ( 'NONE', ( #2567 ), #1915, .F. ) ;
#938 = EDGE_CURVE ( 'NONE', #1093, #2561, #1795, .T. ) ;
#939 = EDGE_LOOP ( 'NONE', ( #2573, #716, #1236, #1456 ) ) ;
#940 = CARTESIAN_POINT ( 'NONE',  ( 2.250000000000001776, 5.679999999999999716, -0.5749999999999987343 ) ) ;
#941 = CARTESIAN_POINT ( 'NONE',  ( -4.949999999999999289, -8.550000000013824319, -7.047314121155778821E-16 ) ) ;
#942 = VERTEX_POINT ( 'NONE', #341 ) ;
#943 = EDGE_CURVE ( 'NONE', #2659, #1091, #1832, .T. ) ;
#944 = DIRECTION ( 'NONE',  ( -1.000000000000000000, 0.0000000000000000000, 1.240860855491278271E-16 ) ) ;
#945 = DIRECTION ( 'NONE',  ( -0.0000000000000000000, -1.000000000000000000, -0.0000000000000000000 ) ) ;
#946 = ORIENTED_EDGE ( 'NONE', *, *, #439, .T. ) ;
#947 = ORIENTED_EDGE ( 'NONE', *, *, #209, .T. ) ;
#948 = CARTESIAN_POINT ( 'NONE',  ( -2.600000000000000533, -5.600000000000000533, 5.099999999999999645 ) ) ;
#949 = CARTESIAN_POINT ( 'NONE',  ( -6.990000000000001101, -0.8699999999999996625, -6.989999999999999325 ) ) ;
#950 = LINE ( 'NONE', #2014, #2691 ) ;
#951 = CARTESIAN_POINT ( 'NONE',  ( 0.6749999999999996003, 9.299999999999998934, 0.5750000000000006217 ) ) ;
#952 = ORIENTED_EDGE ( 'NONE', *, *, #1366, .F. ) ;
#953 = VERTEX_POINT ( 'NONE', #1616 ) ;
#954 = AXIS2_PLACEMENT_3D ( 'NONE', #1611, #1643, #2485 ) ;
#955 = PLANE ( 'NONE',  #2155 ) ;
#956 = EDGE_CURVE ( 'NONE', #2653, #1646, #532, .T. ) ;
#957 = CARTESIAN_POINT ( 'NONE',  ( 2.819999999999999396, -0.05000000000000016931, 7.820000000000000284 ) ) ;
#958 = AXIS2_PLACEMENT_3D ( 'NONE', #305, #1137, #97 ) ;
#959 = VECTOR ( 'NONE', #2630, 1000.000000000000000 ) ;
#960 = DIRECTION ( 'NONE',  ( 1.000000000000000000, 0.0000000000000000000, -0.0000000000000000000 ) ) ;
#961 = DIRECTION ( 'NONE',  ( 1.000000000000000000, -0.0000000000000000000, 0.0000000000000000000 ) ) ;
#962 = ORIENTED_EDGE ( 'NONE', *, *, #1864, .T. ) ;
#963 = VECTOR ( 'NONE', #797, 1000.000000000000000 ) ;
#964 = ADVANCED_FACE ( 'NONE', ( #1158 ), #955, .F. ) ;
#965 = VECTOR ( 'NONE', #2245, 1000.000000000000227 ) ;
#966 = ORIENTED_EDGE ( 'NONE', *, *, #2384, .F. ) ;
#967 = PLANE ( 'NONE',  #221 ) ;
#968 = DIRECTION ( 'NONE',  ( -1.000000000000000000, -0.0000000000000000000, 0.0000000000000000000 ) ) ;
#969 = MANIFOLD_SOLID_BREP ( 'Chamfer1', #1564 ) ;
#970 = CARTESIAN_POINT ( 'NONE',  ( -0.6750000000000003775, 5.679999999999999716, -2.249999999999999556 ) ) ;
#971 = CARTESIAN_POINT ( 'NONE',  ( -3.459999999999999964, -8.550000000000002487, 0.0000000000000000000 ) ) ;
#972 = ORIENTED_EDGE ( 'NONE', *, *, #605, .F. ) ;
#973 = FACE_OUTER_BOUND ( 'NONE', #592, .T. ) ;
#974 = DIRECTION ( 'NONE',  ( -1.941854637287470856E-16, 0.0000000000000000000, 1.000000000000000000 ) ) ;
#975 = LINE ( 'NONE', #545, #477 ) ;
#976 = LINE ( 'NONE', #1822, #1272 ) ;
#977 = ORIENTED_EDGE ( 'NONE', *, *, #1074, .T. ) ;
#978 = EDGE_LOOP ( 'NONE', ( #776, #1998, #512, #1467 ) ) ;
#979 = EDGE_CURVE ( 'NONE', #1696, #1515, #1380, .T. ) ;
#980 = CARTESIAN_POINT ( 'NONE',  ( 2.250000000000001776, 5.679999999999999716, -0.5749999999999987343 ) ) ;
#981 = CARTESIAN_POINT ( 'NONE',  ( 0.0000000000000000000, -0.8699999999999996625, 5.820000000000000284 ) ) ;
#982 = ADVANCED_FACE ( 'NONE', ( #973 ), #2411, .T. ) ;
#983 = DIRECTION ( 'NONE',  ( 0.0000000000000000000, 1.000000000000000000, 0.0000000000000000000 ) ) ;
#984 = DIRECTION ( 'NONE',  ( -0.0000000000000000000, -0.0000000000000000000, 1.000000000000000000 ) ) ;
#985 = DIRECTION ( 'NONE',  ( 0.1843532454091298123, -0.9812350158872957806, -0.05649534939957148033 ) ) ;
#986 = LINE ( 'NONE', #1820, #864 ) ;
#987 = CARTESIAN_POINT ( 'NONE',  ( 7.820000000000000284, -0.8699999999999998845, 7.820000000000000284 ) ) ;
#988 = CARTESIAN_POINT ( 'NONE',  ( -4.935000000000002274, 5.350000000000004086, 5.309999999999998721 ) ) ;
#989 = ORIENTED_EDGE ( 'NONE', *, *, #2268, .F. ) ;
#990 = ORIENTED_EDGE ( 'NONE', *, *, #2549, .F. ) ;
#991 = SURFACE_SIDE_STYLE ('',( #154 ) ) ;
#992 = CARTESIAN_POINT ( 'NONE',  ( -2.600000000000000533, -5.600000000000000533, 5.099999999999999645 ) ) ;
#993 = EDGE_CURVE ( 'NONE', #256, #1646, #1185, .T. ) ;
#994 = PRODUCT_DEFINITION_CONTEXT ( 'detailed design', #2322, 'design' ) ;
#995 = DIRECTION ( 'NONE',  ( 6.472848790958240707E-17, 0.0000000000000000000, 1.000000000000000000 ) ) ;
#996 = ORIENTED_EDGE ( 'NONE', *, *, #938, .T. ) ;
#997 = EDGE_CURVE ( 'NONE', #2432, #1180, #2002, .T. ) ;
#998 = CARTESIAN_POINT ( 'NONE',  ( 0.0000000000000000000, 5.350000000000014744, 2.779999999999998916 ) ) ;
#999 = VECTOR ( 'NONE', #968, 1000.000000000000000 ) ;
#1000 = CARTESIAN_POINT ( 'NONE',  ( -0.6750000000000002665, 5.679999999999999716, -0.5750000000000003997 ) ) ;
#1001 = DIRECTION ( 'NONE',  ( 0.0000000000000000000, 0.0000000000000000000, 1.000000000000000000 ) ) ;
#1002 = ORIENTED_EDGE ( 'NONE', *, *, #573, .F. ) ;
#1003 = EDGE_LOOP ( 'NONE', ( #2348, #2297, #2363, #1192 ) ) ;
#1004 = VECTOR ( 'NONE', #1685, 1000.000000000000000 ) ;
#1005 = VECTOR ( 'NONE', #372, 1000.000000000000000 ) ;
#1006 = DIRECTION ( 'NONE',  ( 0.0000000000000000000, 1.000000000000000000, 0.0000000000000000000 ) ) ;
#1007 = AXIS2_PLACEMENT_3D ( 'NONE', #1586, #112, #1164 ) ;
#1008 = VECTOR ( 'NONE', #2678, 1000.000000000000000 ) ;
#1009 = EDGE_LOOP ( 'NONE', ( #1440, #2370, #1238, #319 ) ) ;
#1010 = DIRECTION ( 'NONE',  ( 0.0000000000000000000, -0.0000000000000000000, 1.000000000000000000 ) ) ;
#1011 = VECTOR ( 'NONE', #2676, 1000.000000000000000 ) ;
#1012 = ORIENTED_EDGE ( 'NONE', *, *, #573, .T. ) ;
#1013 = FACE_OUTER_BOUND ( 'NONE', #2438, .T. ) ;
#1014 = EDGE_CURVE ( 'NONE', #2301, #1115, #2209, .T. ) ;
#1015 = FACE_OUTER_BOUND ( 'NONE', #158, .T. ) ;
#1016 = ADVANCED_FACE ( 'NONE', ( #370 ), #2033, .F. ) ;
#1017 = DIRECTION ( 'NONE',  ( 0.0000000000000000000, 1.000000000000000000, 0.0000000000000000000 ) ) ;
#1018 = ORIENTED_EDGE ( 'NONE', *, *, #19, .T. ) ;
#1019 = CARTESIAN_POINT ( 'NONE',  ( 4.200000000000000178, -5.600000000000000533, 2.800000000000000711 ) ) ;
#1020 = LINE ( 'NONE', #2025, #1222 ) ;
#1021 = VERTEX_POINT ( 'NONE', #1561 ) ;
#1022 = VERTEX_POINT ( 'NONE', #2636 ) ;
#1023 = CARTESIAN_POINT ( 'NONE',  ( -4.934999999999997833, 5.350000000000004086, -5.310000000000000497 ) ) ;
#1024 = ORIENTED_EDGE ( 'NONE', *, *, #1599, .T. ) ;
#1025 = DIRECTION ( 'NONE',  ( 0.0000000000000000000, -5.656953280976839459E-17, 1.000000000000000000 ) ) ;
#1026 = ORIENTED_EDGE ( 'NONE', *, *, #720, .T. ) ;
#1027 = CARTESIAN_POINT ( 'NONE',  ( -6.990000000000001990, -0.8699999999999997735, -5.820000000000000284 ) ) ;
#1028 = ORIENTED_EDGE ( 'NONE', *, *, #1984, .T. ) ;
#1029 = DIRECTION ( 'NONE',  ( -1.000000000000000000, -0.0000000000000000000, 0.0000000000000000000 ) ) ;
#1030 = CARTESIAN_POINT ( 'NONE',  ( -6.990000000000001990, 0.0000000000000000000, -6.990000000000000213 ) ) ;
#1031 = ORIENTED_EDGE ( 'NONE', *, *, #792, .F. ) ;
#1032 = ADVANCED_FACE ( 'NONE', ( #731 ), #2428, .F. ) ;
#1033 = CARTESIAN_POINT ( 'NONE',  ( -4.949999999999999289, -8.550000000000002487, -6.828762922874113952E-16 ) ) ;
#1034 = ORIENTED_EDGE ( 'NONE', *, *, #1779, .F. ) ;
#1035 = CARTESIAN_POINT ( 'NONE',  ( 0.0000000000000000000, -5.599999999999963229, 5.299999999999998934 ) ) ;
#1036 = EDGE_LOOP ( 'NONE', ( #1302, #1122, #2455, #1477 ) ) ;
#1037 = LINE ( 'NONE', #409, #2291 ) ;
#1038 = LINE ( 'NONE', #218, #2647 ) ;
#1039 = EDGE_LOOP ( 'NONE', ( #414, #645, #547, #75 ) ) ;
#1040 = ADVANCED_FACE ( 'NONE', ( #1015 ), #1635, .T. ) ;
#1041 = DIRECTION ( 'NONE',  ( 0.0000000000000000000, 0.8660254037763087664, 0.5000000000140814027 ) ) ;
#1042 = LINE ( 'NONE', #2738, #215 ) ;
#1043 = AXIS2_PLACEMENT_3D ( 'NONE', #57, #1771, #1759 ) ;
#1044 = ORIENTED_EDGE ( 'NONE', *, *, #1123, .F. ) ;
#1045 = VECTOR ( 'NONE', #249, 1000.000000000000000 ) ;
#1046 = CARTESIAN_POINT ( 'NONE',  ( -0.6750000000000003775, 9.299999999999998934, -2.249999999999999556 ) ) ;
#1047 = ADVANCED_FACE ( 'NONE', ( #1254 ), #596, .F. ) ;
#1048 = VECTOR ( 'NONE', #1651, 1000.000000000000000 ) ;
#1049 = DIRECTION ( 'NONE',  ( 0.9828046902865660295, -0.1846481539326270127, 0.0000000000000000000 ) ) ;
#1050 = ORIENTED_EDGE ( 'NONE', *, *, #119, .T. ) ;
#1051 = CIRCLE ( 'NONE', #219, 0.4000000000308668313 ) ;
#1052 = VECTOR ( 'NONE', #985, 1000.000000000000114 ) ;
#1053 = CARTESIAN_POINT ( 'NONE',  ( -2.819999999999998508, -0.05000000000000016931, -7.820000000000000284 ) ) ;
#1054 = AXIS2_PLACEMENT_3D ( 'NONE', #1553, #2191, #497 ) ;
#1055 = DIRECTION ( 'NONE',  ( -7.800015629392118115E-17, 0.0000000000000000000, 1.000000000000000000 ) ) ;
#1056 = DIRECTION ( 'NONE',  ( 0.1846481539326269294, -0.9828046902865660295, 0.0000000000000000000 ) ) ;
#1057 = ORIENTED_EDGE ( 'NONE', *, *, #1155, .F. ) ;
#1058 = DIRECTION ( 'NONE',  ( -1.861291283236917406E-16, -0.0000000000000000000, -1.000000000000000000 ) ) ;
#1059 = DIRECTION ( 'NONE',  ( -0.0000000000000000000, -1.000000000000000000, -0.0000000000000000000 ) ) ;
#1060 = VERTEX_POINT ( 'NONE', #815 ) ;
#1061 = DIRECTION ( 'NONE',  ( 0.0000000000000000000, -0.9378333147961512850, -0.3470859744479209974 ) ) ;
#1062 = ADVANCED_FACE ( 'NONE', ( #1229 ), #1462, .T. ) ;
#1063 = DIRECTION ( 'NONE',  ( 0.4028819363494554606, 0.9152519573119268781, 0.0000000000000000000 ) ) ;
#1064 = CARTESIAN_POINT ( 'NONE',  ( -6.990000000000001990, -0.8699999999999996625, 0.0000000000000000000 ) ) ;
#1065 = FACE_BOUND ( 'NONE', #978, .T. ) ;
#1066 = ORIENTED_EDGE ( 'NONE', *, *, #822, .T. ) ;
#1067 = DIRECTION ( 'NONE',  ( -0.0000000000000000000, -1.000000000000000000, -0.0000000000000000000 ) ) ;
#1068 = DIRECTION ( 'NONE',  ( -1.000000000000000000, -0.0000000000000000000, 0.0000000000000000000 ) ) ;
#1069 = VERTEX_POINT ( 'NONE', #433 ) ;
#1070 = DIRECTION ( 'NONE',  ( 0.0000000000000000000, -0.0000000000000000000, 1.000000000000000000 ) ) ;
#1071 = CARTESIAN_POINT ( 'NONE',  ( 7.169064429149219819, -1.346915135173485822, 0.0000000000000000000 ) ) ;
#1072 = ADVANCED_FACE ( 'NONE', ( #802 ), #202, .F. ) ;
#1073 = LINE ( 'NONE', #654, #867 ) ;
#1074 = EDGE_CURVE ( 'NONE', #2527, #2569, #1037, .T. ) ;
#1075 = ORIENTED_EDGE ( 'NONE', *, *, #288, .F. ) ;
#1076 = ORIENTED_EDGE ( 'NONE', *, *, #822, .F. ) ;
#1077 = DIRECTION ( 'NONE',  ( 0.0000000000000000000, 1.000000000000000000, 0.0000000000000000000 ) ) ;
#1078 = PLANE ( 'NONE',  #2687 ) ;
#1079 = VERTEX_POINT ( 'NONE', #1027 ) ;
#1080 = DIRECTION ( 'NONE',  ( 0.0000000000000000000, 0.0000000000000000000, -1.000000000000000000 ) ) ;
#1081 = ORIENTED_EDGE ( 'NONE', *, *, #252, .F. ) ;
#1082 = AXIS2_PLACEMENT_3D ( 'NONE', #823, #227, #1061 ) ;
#1083 = CARTESIAN_POINT ( 'NONE',  ( -3.599999999999999645, 5.350000000000014744, 0.0000000000000000000 ) ) ;
#1084 = CARTESIAN_POINT ( 'NONE',  ( -0.6750000000000002665, 9.299999999999998934, 0.5749999999999992895 ) ) ;
#1085 = AXIS2_PLACEMENT_3D ( 'NONE', #941, #1777, #2003 ) ;
#1086 = VECTOR ( 'NONE', #1805, 1000.000000000000000 ) ;
#1087 = CIRCLE ( 'NONE', #782, 1.925000000000000044 ) ;
#1088 = DIRECTION ( 'NONE',  ( 0.0000000000000000000, 0.0000000000000000000, 1.000000000000000000 ) ) ;
#1089 = COLOUR_RGB ( '',0.7921568627450980005, 0.8196078431372548767, 0.9333333333333333481 ) ;
#1090 = VECTOR ( 'NONE', #2448, 1000.000000000000227 ) ;
#1091 = VERTEX_POINT ( 'NONE', #2061 ) ;
#1092 = EDGE_CURVE ( 'NONE', #94, #1384, #2288, .T. ) ;
#1093 = VERTEX_POINT ( 'NONE', #2317 ) ;
#1094 = CARTESIAN_POINT ( 'NONE',  ( -6.990000000000001990, 0.0000000000000000000, -6.990000000000001101 ) ) ;
#1095 = CARTESIAN_POINT ( 'NONE',  ( 4.949999999999999289, -7.857179676972450899, 0.8000000000210480966 ) ) ;
#1096 = PLANE ( 'NONE',  #1212 ) ;
#1097 = ORIENTED_EDGE ( 'NONE', *, *, #2027, .F. ) ;
#1098 = DIRECTION ( 'NONE',  ( 0.0000000000000000000, 0.0000000000000000000, 1.000000000000000000 ) ) ;
#1099 = CARTESIAN_POINT ( 'NONE',  ( 0.6749999999999996003, 5.679999999999999716, 0.5750000000000006217 ) ) ;
#1100 = CARTESIAN_POINT ( 'NONE',  ( 6.989999999999997549, 0.0000000000000000000, -5.820000000000000284 ) ) ;
#1101 = ORIENTED_EDGE ( 'NONE', *, *, #389, .T. ) ;
#1102 = ORIENTED_EDGE ( 'NONE', *, *, #769, .T. ) ;
#1103 = VERTEX_POINT ( 'NONE', #1660 ) ;
#1104 = CARTESIAN_POINT ( 'NONE',  ( 4.949999999999999289, -5.599999999999963229, 0.8000000000000002665 ) ) ;
#1105 = EDGE_CURVE ( 'NONE', #1917, #2592, #638, .T. ) ;
#1106 = DIRECTION ( 'NONE',  ( 0.0000000000000000000, 0.0000000000000000000, 1.000000000000000000 ) ) ;
#1107 = ADVANCED_FACE ( 'NONE', ( #2101 ), #1432, .F. ) ;
#1108 = FACE_OUTER_BOUND ( 'NONE', #1975, .T. ) ;
#1109 = PLANE ( 'NONE',  #1054 ) ;
#1110 = EDGE_CURVE ( 'NONE', #881, #196, #2504, .T. ) ;
#1111 = CARTESIAN_POINT ( 'NONE',  ( -2.819999999999998064, -0.8699999999999996625, -7.820000000000000284 ) ) ;
#1112 = CARTESIAN_POINT ( 'NONE',  ( 3.339999999999999858, -8.550000000000002487, 2.800000000000000711 ) ) ;
#1113 = DIRECTION ( 'NONE',  ( 0.0000000000000000000, 1.000000000000000000, 0.0000000000000000000 ) ) ;
#1114 = ORIENTED_EDGE ( 'NONE', *, *, #890, .F. ) ;
#1115 = VERTEX_POINT ( 'NONE', #2718 ) ;
#1116 = ORIENTED_EDGE ( 'NONE', *, *, #1882, .F. ) ;
#1117 = CARTESIAN_POINT ( 'NONE',  ( 6.989999999999997549, -0.8699999999999997735, -6.990000000000000213 ) ) ;
#1118 = LINE ( 'NONE', #1538, #2059 ) ;
#1119 = EDGE_CURVE ( 'NONE', #818, #1980, #177, .T. ) ;
#1120 = PLANE ( 'NONE',  #30 ) ;
#1121 = LINE ( 'NONE', #1959, #1973 ) ;
#1122 = ORIENTED_EDGE ( 'NONE', *, *, #906, .F. ) ;
#1123 = EDGE_CURVE ( 'NONE', #2426, #1103, #1243, .T. ) ;
#1124 = DIRECTION ( 'NONE',  ( -0.0000000000000000000, 0.0000000000000000000, 1.000000000000000000 ) ) ;
#1125 = CARTESIAN_POINT ( 'NONE',  ( 6.989999999999996660, 0.0000000000000000000, -6.990000000000000213 ) ) ;
#1126 = AXIS2_PLACEMENT_3D ( 'NONE', #2619, #2406, #1785 ) ;
#1127 = CIRCLE ( 'NONE', #2644, 1.925000000000000044 ) ;
#1128 = PLANE ( 'NONE',  #1312 ) ;
#1129 = VECTOR ( 'NONE', #784, 1000.000000000000114 ) ;
#1130 = ORIENTED_EDGE ( 'NONE', *, *, #902, .T. ) ;
#1131 = VECTOR ( 'NONE', #2148, 1000.000000000000000 ) ;
#1132 = ORIENTED_EDGE ( 'NONE', *, *, #1142, .T. ) ;
#1133 = FACE_OUTER_BOUND ( 'NONE', #678, .T. ) ;
#1134 = AXIS2_PLACEMENT_3D ( 'NONE', #2610, #1285, #1544 ) ;
#1135 = CARTESIAN_POINT ( 'NONE',  ( 0.6749999999999996003, 5.679999999999999716, 2.250000000000000888 ) ) ;
#1136 = VECTOR ( 'NONE', #373, 1000.000000000000000 ) ;
#1137 = DIRECTION ( 'NONE',  ( -0.0000000000000000000, 1.000000000000000000, 0.0000000000000000000 ) ) ;
#1138 = LINE ( 'NONE', #1979, #1750 ) ;
#1139 = ORIENTED_EDGE ( 'NONE', *, *, #107, .T. ) ;
#1140 = CARTESIAN_POINT ( 'NONE',  ( 0.6749999999999998224, 5.680000000000013038, -0.5749999999999990674 ) ) ;
#1141 = DIRECTION ( 'NONE',  ( 0.0000000000000000000, 1.000000000000000000, -0.0000000000000000000 ) ) ;
#1142 = EDGE_CURVE ( 'NONE', #598, #1021, #262, .T. ) ;
#1143 = ADVANCED_FACE ( 'NONE', ( #1065, #1471 ), #2328, .F. ) ;
#1144 = DIRECTION ( 'NONE',  ( -0.0000000000000000000, 1.000000000000000000, 0.0000000000000000000 ) ) ;
#1145 = ORIENTED_EDGE ( 'NONE', *, *, #1899, .F. ) ;
#1146 = ORIENTED_EDGE ( 'NONE', *, *, #1547, .T. ) ;
#1147 = ORIENTED_EDGE ( 'NONE', *, *, #1430, .F. ) ;
#1148 = DIRECTION ( 'NONE',  ( 0.3815852278422798838, 0.8668708997690858231, -0.3208232488865028209 ) ) ;
#1149 = DIRECTION ( 'NONE',  ( -1.000000000000000000, 0.0000000000000000000, 1.861291283236917406E-16 ) ) ;
#1150 = CARTESIAN_POINT ( 'NONE',  ( -3.600000000000000089, 5.350000000000011191, 2.779999999999998916 ) ) ;
#1151 = ORIENTED_EDGE ( 'NONE', *, *, #888, .T. ) ;
#1152 = DIRECTION ( 'NONE',  ( 1.000000000000000000, 0.0000000000000000000, 5.042800802258163323E-16 ) ) ;
#1153 = EDGE_CURVE ( 'NONE', #283, #7, #2477, .T. ) ;
#1154 = CARTESIAN_POINT ( 'NONE',  ( 0.6749999999999996003, 5.679999999999999716, 2.250000000000000888 ) ) ;
#1155 = EDGE_CURVE ( 'NONE', #833, #1536, #1710, .T. ) ;
#1156 = ORIENTED_EDGE ( 'NONE', *, *, #1655, .T. ) ;
#1157 = ORIENTED_EDGE ( 'NONE', *, *, #343, .T. ) ;
#1158 = FACE_OUTER_BOUND ( 'NONE', #1374, .T. ) ;
#1159 = ADVANCED_FACE ( 'NONE', ( #1910 ), #2358, .T. ) ;
#1160 = DIRECTION ( 'NONE',  ( 0.0000000000000000000, 1.000000000000000000, 0.0000000000000000000 ) ) ;
#1161 = DIRECTION ( 'NONE',  ( 5.507058653894628811E-16, 0.0000000000000000000, -1.000000000000000000 ) ) ;
#1162 = LINE ( 'NONE', #2681, #1796 ) ;
#1163 = ORIENTED_EDGE ( 'NONE', *, *, #1745, .F. ) ;
#1164 = DIRECTION ( 'NONE',  ( 0.0000000000000000000, 0.0000000000000000000, 1.000000000000000000 ) ) ;
#1165 = LINE ( 'NONE', #367, #2729 ) ;
#1166 = CARTESIAN_POINT ( 'NONE',  ( 0.0000000000000000000, 5.680000000000015703, 0.0000000000000000000 ) ) ;
#1167 = FACE_OUTER_BOUND ( 'NONE', #1516, .T. ) ;
#1168 = VECTOR ( 'NONE', #2182, 1000.000000000000000 ) ;
#1169 = ORIENTED_EDGE ( 'NONE', *, *, #852, .T. ) ;
#1170 = AXIS2_PLACEMENT_3D ( 'NONE', #1033, #1906, #3 ) ;
#1171 = CARTESIAN_POINT ( 'NONE',  ( 0.6749999999999998224, 9.299999999999998934, -2.249999999999999112 ) ) ;
#1172 = CONICAL_SURFACE ( 'NONE', #825, 0.7999999999128710737, 0.5235987755790314502 ) ;
#1173 = AXIS2_PLACEMENT_3D ( 'NONE', #1810, #772, #2668 ) ;
#1174 = VECTOR ( 'NONE', #2540, 1000.000000000000000 ) ;
#1175 = VECTOR ( 'NONE', #1776, 1000.000000000000000 ) ;
#1176 = DIRECTION ( 'NONE',  ( 0.1843532454091277584, -0.9812350158872961137, 0.05649534939957302770 ) ) ;
#1177 = LINE ( 'NONE', #2481, #1361 ) ;
#1178 = ORIENTED_EDGE ( 'NONE', *, *, #1715, .T. ) ;
#1179 = AXIS2_PLACEMENT_3D ( 'NONE', #1053, #635, #1659 ) ;
#1180 = VERTEX_POINT ( 'NONE', #1722 ) ;
#1181 = PLANE ( 'NONE',  #1007 ) ;
#1182 = LINE ( 'NONE', #798, #861 ) ;
#1183 = CARTESIAN_POINT ( 'NONE',  ( 6.990000000000000213, 0.0000000000000000000, 5.820000000000001172 ) ) ;
#1184 = CARTESIAN_POINT ( 'NONE',  ( 2.741013118877397263E-16, -7.857179676972449123, -1.925000000038098236 ) ) ;
#1185 = LINE ( 'NONE', #2231, #1008 ) ;
#1186 = FACE_BOUND ( 'NONE', #1887, .T. ) ;
#1187 = EDGE_CURVE ( 'NONE', #1, #1022, #702, .T. ) ;
#1188 = DIRECTION ( 'NONE',  ( -4.216341781888072580E-16, 0.0000000000000000000, 1.000000000000000000 ) ) ;
#1189 = DIRECTION ( 'NONE',  ( 1.773578488633438844E-17, 1.000000000000000000, 5.877849825170612600E-17 ) ) ;
#1190 = EDGE_CURVE ( 'NONE', #2653, #2326, #282, .T. ) ;
#1191 = ORIENTED_EDGE ( 'NONE', *, *, #1698, .F. ) ;
#1192 = ORIENTED_EDGE ( 'NONE', *, *, #190, .T. ) ;
#1193 = DIRECTION ( 'NONE',  ( 0.0000000000000000000, -1.000000000000000000, 0.0000000000000000000 ) ) ;
#1194 = CARTESIAN_POINT ( 'NONE',  ( -0.6750000000000001554, 5.680000000000011262, -0.5750000000000003997 ) ) ;
#1195 = DIRECTION ( 'NONE',  ( -0.0000000000000000000, -1.000000000000000000, -0.0000000000000000000 ) ) ;
#1196 = ORIENTED_EDGE ( 'NONE', *, *, #261, .F. ) ;
#1197 = DIRECTION ( 'NONE',  ( 1.000000000000000000, 0.0000000000000000000, -0.0000000000000000000 ) ) ;
#1198 = CARTESIAN_POINT ( 'NONE',  ( -2.819999999999998508, -0.05000000000000016931, 7.820000000000000284 ) ) ;
#1199 = CARTESIAN_POINT ( 'NONE',  ( -0.9100000000000000311, -0.8699999999999999956, 6.990000000000001990 ) ) ;
#1200 = CARTESIAN_POINT ( 'NONE',  ( -2.600000000000000533, -8.550000000000002487, 5.299999999999998934 ) ) ;
#1201 = CARTESIAN_POINT ( 'NONE',  ( -6.989999999999999325, -2.299999999999999378, 6.990000000000001101 ) ) ;
#1202 = EDGE_LOOP ( 'NONE', ( #2712, #1208, #1399, #672, #799, #493, #990, #347, #1354, #1147, #894, #1948 ) ) ;
#1203 = VERTEX_POINT ( 'NONE', #868 ) ;
#1204 = DIRECTION ( 'NONE',  ( -0.0000000000000000000, -1.000000000000000000, -0.0000000000000000000 ) ) ;
#1205 = EDGE_CURVE ( 'NONE', #848, #1301, #1695, .T. ) ;
#1206 = EDGE_CURVE ( 'NONE', #2185, #1429, #1531, .T. ) ;
#1207 = LINE ( 'NONE', #2664, #1442 ) ;
#1208 = ORIENTED_EDGE ( 'NONE', *, *, #2076, .F. ) ;
#1209 = CARTESIAN_POINT ( 'NONE',  ( 4.949999999999999289, -5.599999999999963229, -6.828762922874113952E-16 ) ) ;
#1210 = DIRECTION ( 'NONE',  ( -1.000000000000000000, -0.0000000000000000000, 0.0000000000000000000 ) ) ;
#1211 = VERTEX_POINT ( 'NONE', #473 ) ;
#1212 = AXIS2_PLACEMENT_3D ( 'NONE', #1738, #1519, #2211 ) ;
#1213 = DIRECTION ( 'NONE',  ( 0.0000000000000000000, 1.000000000000000000, 0.0000000000000000000 ) ) ;
#1214 = VECTOR ( 'NONE', #887, 1000.000000000000000 ) ;
#1215 = AXIS2_PLACEMENT_3D ( 'NONE', #279, #506, #64 ) ;
#1216 = CARTESIAN_POINT ( 'NONE',  ( 2.250000000000001332, 5.680000000000013038, -0.5749999999999987343 ) ) ;
#1217 = ORIENTED_EDGE ( 'NONE', *, *, #1413, .F. ) ;
#1218 = VECTOR ( 'NONE', #1770, 1000.000000000000000 ) ;
#1219 = COLOUR_RGB ( '',0.7921568627450980005, 0.8196078431372548767, 0.9333333333333333481 ) ;
#1220 = CARTESIAN_POINT ( 'NONE',  ( 0.0000000000000000000, -0.8699999999999997735, -8.165000000000002700 ) ) ;
#1221 = PRODUCT_DEFINITION_FORMATION_WITH_SPECIFIED_SOURCE ( 'ANY', '', #1426, .NOT_KNOWN. ) ;
#1222 = VECTOR ( 'NONE', #1854, 1000.000000000000000 ) ;
#1223 = ORIENTED_EDGE ( 'NONE', *, *, #829, .F. ) ;
#1224 = DIRECTION ( 'NONE',  ( 1.000000000000000000, 0.0000000000000000000, -0.0000000000000000000 ) ) ;
#1225 = VECTOR ( 'NONE', #1797, 1000.000000000000000 ) ;
#1226 = EDGE_LOOP ( 'NONE', ( #1735, #896, #93, #1751 ) ) ;
#1227 = EDGE_CURVE ( 'NONE', #1988, #1335, #1733, .T. ) ;
#1228 = EDGE_CURVE ( 'NONE', #1435, #1554, #243, .T. ) ;
#1229 = FACE_OUTER_BOUND ( 'NONE', #2236, .T. ) ;
#1230 = LINE ( 'NONE', #2077, #2334 ) ;
#1231 = EDGE_CURVE ( 'NONE', #2443, #1069, #458, .T. ) ;
#1232 = EDGE_LOOP ( 'NONE', ( #2624, #1464, #2501, #1163, #972, #318, #451, #36, #594, #723, #1712, #1627 ) ) ;
#1233 = CARTESIAN_POINT ( 'NONE',  ( 0.0000000000000000000, -0.8699999999999996625, -5.820000000000000284 ) ) ;
#1234 = PLANE ( 'NONE',  #1664 ) ;
#1235 = ORIENTED_EDGE ( 'NONE', *, *, #1110, .F. ) ;
#1236 = ORIENTED_EDGE ( 'NONE', *, *, #707, .T. ) ;
#1237 = DIRECTION ( 'NONE',  ( 0.0000000000000000000, -0.0000000000000000000, -1.000000000000000000 ) ) ;
#1238 = ORIENTED_EDGE ( 'NONE', *, *, #703, .F. ) ;
#1239 = FACE_OUTER_BOUND ( 'NONE', #1791, .T. ) ;
#1240 = EDGE_LOOP ( 'NONE', ( #1633, #640, #2720, #1502 ) ) ;
#1241 = EDGE_CURVE ( 'NONE', #292, #1739, #1073, .T. ) ;
#1242 = ADVANCED_FACE ( 'NONE', ( #882 ), #481, .T. ) ;
#1243 = LINE ( 'NONE', #8, #354 ) ;
#1244 = DIRECTION ( 'NONE',  ( -1.000000000000000000, 0.0000000000000000000, -5.507058653894628811E-16 ) ) ;
#1245 = ORIENTED_EDGE ( 'NONE', *, *, #343, .F. ) ;
#1246 = VERTEX_POINT ( 'NONE', #488 ) ;
#1247 = DIRECTION ( 'NONE',  ( -1.000000000000000000, -0.0000000000000000000, -0.0000000000000000000 ) ) ;
#1248 = CARTESIAN_POINT ( 'NONE',  ( 0.0000000000000000000, -0.8699999999999996625, 0.0000000000000000000 ) ) ;
#1249 = VERTEX_POINT ( 'NONE', #1939 ) ;
#1250 = LINE ( 'NONE', #810, #302 ) ;
#1251 = DIRECTION ( 'NONE',  ( 0.0000000000000000000, 1.000000000000000000, -0.0000000000000000000 ) ) ;
#1252 = ORIENTED_EDGE ( 'NONE', *, *, #1363, .T. ) ;
#1253 = PLANE ( 'NONE',  #1179 ) ;
#1254 = FACE_OUTER_BOUND ( 'NONE', #1003, .T. ) ;
#1255 = PLANE ( 'NONE',  #1574 ) ;
#1256 = ORIENTED_EDGE ( 'NONE', *, *, #2447, .T. ) ;
#1257 = FACE_OUTER_BOUND ( 'NONE', #2090, .T. ) ;
#1258 = ADVANCED_FACE ( 'NONE', ( #2143 ), #853, .F. ) ;
#1259 = PLANE ( 'NONE',  #2503 ) ;
#1260 = VECTOR ( 'NONE', #892, 1000.000000000000000 ) ;
#1261 = EDGE_CURVE ( 'NONE', #210, #609, #445, .T. ) ;
#1262 = ORIENTED_EDGE ( 'NONE', *, *, #291, .F. ) ;
#1263 = AXIS2_PLACEMENT_3D ( 'NONE', #1341, #2599, #289 ) ;
#1264 = FACE_OUTER_BOUND ( 'NONE', #530, .T. ) ;
#1265 = VECTOR ( 'NONE', #2123, 1000.000000000000000 ) ;
#1266 = ORIENTED_EDGE ( 'NONE', *, *, #1513, .F. ) ;
#1267 = CARTESIAN_POINT ( 'NONE',  ( 4.949999999999999289, -5.600000000000000533, 0.8000000000000002665 ) ) ;
#1268 = PLANE ( 'NONE',  #2281 ) ;
#1269 = VECTOR ( 'NONE', #2084, 1000.000000000000000 ) ;
#1270 = AXIS2_PLACEMENT_3D ( 'NONE', #1209, #178, #1711 ) ;
#1271 = CARTESIAN_POINT ( 'NONE',  ( 6.370000000000000995, -5.599999999999963229, 0.0000000000000000000 ) ) ;
#1272 = VECTOR ( 'NONE', #1595, 1000.000000000000000 ) ;
#1273 = DIRECTION ( 'NONE',  ( 1.000000000000000000, 0.0000000000000000000, -0.0000000000000000000 ) ) ;
#1274 = CARTESIAN_POINT ( 'NONE',  ( -7.169064429149220707, -1.346915135173485378, 0.0000000000000000000 ) ) ;
#1275 = ORIENTED_EDGE ( 'NONE', *, *, #2199, .T. ) ;
#1276 = CARTESIAN_POINT ( 'NONE',  ( 6.990000000000000213, -0.8699999999999999956, 6.990000000000000213 ) ) ;
#1277 = LINE ( 'NONE', #1289, #2730 ) ;
#1278 = EDGE_LOOP ( 'NONE', ( #1782, #1034, #322, #230 ) ) ;
#1279 = EDGE_CURVE ( 'NONE', #2046, #845, #254, .T. ) ;
#1280 = DIRECTION ( 'NONE',  ( -1.000000000000000000, -0.0000000000000000000, -5.507058653894628811E-16 ) ) ;
#1281 = EDGE_CURVE ( 'NONE', #1484, #1345, #1087, .T. ) ;
#1282 = CARTESIAN_POINT ( 'NONE',  ( 3.600000000000000977, 5.350000000000011191, -2.779999999999997584 ) ) ;
#1283 = ORIENTED_EDGE ( 'NONE', *, *, #1142, .F. ) ;
#1284 = EDGE_CURVE ( 'NONE', #881, #1337, #270, .T. ) ;
#1285 = DIRECTION ( 'NONE',  ( 1.000000000000000000, -0.0000000000000000000, 0.0000000000000000000 ) ) ;
#1286 = EDGE_LOOP ( 'NONE', ( #1851, #1057 ) ) ;
#1287 = ORIENTED_EDGE ( 'NONE', *, *, #1760, .F. ) ;
#1288 = PLANE ( 'NONE',  #2108 ) ;
#1289 = CARTESIAN_POINT ( 'NONE',  ( -3.459999999999999964, -5.599999999999988098, 5.099999999999999645 ) ) ;
#1290 = ORIENTED_EDGE ( 'NONE', *, *, #393, .F. ) ;
#1291 = LINE ( 'NONE', #2538, #1045 ) ;
#1292 = CARTESIAN_POINT ( 'NONE',  ( -7.819999999999993179, -0.8699999999999996625, -5.820000000000000284 ) ) ;
#1293 = ADVANCED_FACE ( 'NONE', ( #2170 ), #1951, .T. ) ;
#1294 = DIRECTION ( 'NONE',  ( 0.0000000000000000000, -0.0000000000000000000, 1.000000000000000000 ) ) ;
#1295 = EDGE_LOOP ( 'NONE', ( #931, #2537, #1773, #2410 ) ) ;
#1296 = VERTEX_POINT ( 'NONE', #2132 ) ;
#1297 = ORIENTED_EDGE ( 'NONE', *, *, #2230, .F. ) ;
#1298 = CARTESIAN_POINT ( 'NONE',  ( 0.0000000000000000000, -0.04999999999999975298, 5.820000000000001172 ) ) ;
#1299 = DIRECTION ( 'NONE',  ( -0.0000000000000000000, -1.000000000000000000, -0.0000000000000000000 ) ) ;
#1300 = LINE ( 'NONE', #1920, #2595 ) ;
#1301 = VERTEX_POINT ( 'NONE', #2396 ) ;
#1302 = ORIENTED_EDGE ( 'NONE', *, *, #1829, .T. ) ;
#1303 = VECTOR ( 'NONE', #352, 1000.000000000000000 ) ;
#1304 = CARTESIAN_POINT ( 'NONE',  ( -0.6750000000000002665, 5.680000000000011262, 0.5749999999999992895 ) ) ;
#1305 = DIRECTION ( 'NONE',  ( 0.0000000000000000000, 0.0000000000000000000, -1.000000000000000000 ) ) ;
#1306 = VECTOR ( 'NONE', #276, 1000.000000000000000 ) ;
#1307 = AXIS2_PLACEMENT_3D ( 'NONE', #1346, #1511, #56 ) ;
#1308 = AXIS2_PLACEMENT_3D ( 'NONE', #295, #1113, #1294 ) ;
#1309 = EDGE_CURVE ( 'NONE', #67, #1626, #1334, .T. ) ;
#1310 = CARTESIAN_POINT ( 'NONE',  ( -2.249999999999999556, 5.679999999999999716, -0.5750000000000012879 ) ) ;
#1311 = EDGE_CURVE ( 'NONE', #2613, #2365, #1772, .T. ) ;
#1312 = AXIS2_PLACEMENT_3D ( 'NONE', #91, #1431, #1197 ) ;
#1313 = EDGE_LOOP ( 'NONE', ( #2028, #369, #461, #1845 ) ) ;
#1314 = EDGE_LOOP ( 'NONE', ( #2037, #2153, #2100, #387, #1026, #333 ) ) ;
#1315 = LINE ( 'NONE', #1094, #653 ) ;
#1316 = EDGE_CURVE ( 'NONE', #2046, #2404, #714, .T. ) ;
#1317 = CARTESIAN_POINT ( 'NONE',  ( -6.990000000000000213, -0.04999999999999972522, 6.990000000000001101 ) ) ;
#1318 = DIRECTION ( 'NONE',  ( -0.0000000000000000000, -1.000000000000000000, -0.0000000000000000000 ) ) ;
#1319 = DIRECTION ( 'NONE',  ( 0.0000000000000000000, 0.0000000000000000000, -1.000000000000000000 ) ) ;
#1320 = CARTESIAN_POINT ( 'NONE',  ( -7.819999999999993179, -0.04999999999999978767, -7.820000000000000284 ) ) ;
#1321 = DIRECTION ( 'NONE',  ( 0.0000000000000000000, -0.0000000000000000000, 1.000000000000000000 ) ) ;
#1322 = ORIENTED_EDGE ( 'NONE', *, *, #2021, .T. ) ;
#1323 = EDGE_CURVE ( 'NONE', #727, #663, #103, .T. ) ;
#1324 = ORIENTED_EDGE ( 'NONE', *, *, #324, .F. ) ;
#1325 = ORIENTED_EDGE ( 'NONE', *, *, #1446, .T. ) ;
#1326 = DIRECTION ( 'NONE',  ( -1.000000000000000000, 0.0000000000000000000, 1.240860855491278271E-16 ) ) ;
#1327 = DIRECTION ( 'NONE',  ( -0.0000000000000000000, 0.0000000000000000000, -1.000000000000000000 ) ) ;
#1328 = CARTESIAN_POINT ( 'NONE',  ( -0.9100000000000000311, -0.04999999999999956563, 6.990000000000001990 ) ) ;
#1329 = CARTESIAN_POINT ( 'NONE',  ( -2.819999999999998508, -0.04999999999999975298, 0.0000000000000000000 ) ) ;
#1330 = ORIENTED_EDGE ( 'NONE', *, *, #324, .T. ) ;
#1331 = EDGE_LOOP ( 'NONE', ( #2180, #105, #1641, #1940 ) ) ;
#1332 = LINE ( 'NONE', #2394, #1834 ) ;
#1333 = LINE ( 'NONE', #1125, #1168 ) ;
#1334 = LINE ( 'NONE', #934, #2693 ) ;
#1335 = VERTEX_POINT ( 'NONE', #2407 ) ;
#1336 = ORIENTED_EDGE ( 'NONE', *, *, #65, .T. ) ;
#1337 = VERTEX_POINT ( 'NONE', #1378 ) ;
#1338 = DIRECTION ( 'NONE',  ( 0.0000000000000000000, 0.0000000000000000000, 1.000000000000000000 ) ) ;
#1339 = DIRECTION ( 'NONE',  ( 1.861291283236917406E-16, 0.0000000000000000000, 1.000000000000000000 ) ) ;
#1340 = EDGE_CURVE ( 'NONE', #1429, #881, #2423, .T. ) ;
#1341 = CARTESIAN_POINT ( 'NONE',  ( 4.833051016330686397E-16, -0.4087240643962601339, 7.098891644777182819 ) ) ;
#1342 = LINE ( 'NONE', #2641, #265 ) ;
#1343 = EDGE_CURVE ( 'NONE', #1115, #871, #1614, .T. ) ;
#1344 = ORIENTED_EDGE ( 'NONE', *, *, #377, .F. ) ;
#1345 = VERTEX_POINT ( 'NONE', #1184 ) ;
#1346 = CARTESIAN_POINT ( 'NONE',  ( 4.200000000000000178, -5.600000000000000533, 2.800000000000000711 ) ) ;
#1347 = CARTESIAN_POINT ( 'NONE',  ( -4.949999999999999289, -5.600000000000000533, -6.828762922874113952E-16 ) ) ;
#1348 = VECTOR ( 'NONE', #2115, 1000.000000000000000 ) ;
#1349 = VECTOR ( 'NONE', #1943, 1000.000000000000227 ) ;
#1350 = VECTOR ( 'NONE', #2721, 1000.000000000000000 ) ;
#1351 = CARTESIAN_POINT ( 'NONE',  ( 0.9100000000000002531, 0.0000000000000000000, -6.989999999999999325 ) ) ;
#1352 = ORIENTED_EDGE ( 'NONE', *, *, #1389, .F. ) ;
#1353 = AXIS2_PLACEMENT_3D ( 'NONE', #1071, #1049, #633 ) ;
#1354 = ORIENTED_EDGE ( 'NONE', *, *, #273, .F. ) ;
#1355 = VECTOR ( 'NONE', #1176, 1000.000000000000114 ) ;
#1356 = ORIENTED_EDGE ( 'NONE', *, *, #2498, .F. ) ;
#1357 = DIRECTION ( 'NONE',  ( -0.9152519573119273222, -0.4028819363494547945, -5.232562804839484415E-16 ) ) ;
#1358 = VECTOR ( 'NONE', #1871, 1000.000000000000000 ) ;
#1359 = FACE_OUTER_BOUND ( 'NONE', #752, .T. ) ;
#1360 = ORIENTED_EDGE ( 'NONE', *, *, #1074, .F. ) ;
#1361 = VECTOR ( 'NONE', #1411, 1000.000000000000227 ) ;
#1362 = CARTESIAN_POINT ( 'NONE',  ( 0.6749999999999997113, 5.680000000000015703, 0.0000000000000000000 ) ) ;
#1363 = EDGE_CURVE ( 'NONE', #2301, #256, #2461, .T. ) ;
#1364 = LINE ( 'NONE', #2434, #308 ) ;
#1365 = DIRECTION ( 'NONE',  ( -5.042800802258163323E-16, 0.0000000000000000000, 1.000000000000000000 ) ) ;
#1366 = EDGE_CURVE ( 'NONE', #2347, #895, #511, .T. ) ;
#1367 = CARTESIAN_POINT ( 'NONE',  ( -4.949999999999999289, -5.599999999999963229, -0.8000000000000015987 ) ) ;
#1368 = ORIENTED_EDGE ( 'NONE', *, *, #1697, .T. ) ;
#1369 = VERTEX_POINT ( 'NONE', #1367 ) ;
#1370 = CARTESIAN_POINT ( 'NONE',  ( 0.0000000000000000000, 2.372959078631590391, 6.411783369029802060 ) ) ;
#1371 = PLANE ( 'NONE',  #733 ) ;
#1372 = FACE_OUTER_BOUND ( 'NONE', #2454, .T. ) ;
#1373 = LINE ( 'NONE', #2224, #2286 ) ;
#1374 = EDGE_LOOP ( 'NONE', ( #2218, #2652, #1667, #2074 ) ) ;
#1375 = DIRECTION ( 'NONE',  ( 0.0000000000000000000, 0.0000000000000000000, -1.000000000000000000 ) ) ;
#1376 = LINE ( 'NONE', #2649, #1622 ) ;
#1377 = ADVANCED_FACE ( 'NONE', ( #1167 ), #114, .T. ) ;
#1378 = CARTESIAN_POINT ( 'NONE',  ( 6.989999999999997549, -0.8699999999999996625, -5.820000000000000284 ) ) ;
#1379 = VERTEX_POINT ( 'NONE', #951 ) ;
#1380 = LINE ( 'NONE', #2044, #1052 ) ;
#1381 = DIRECTION ( 'NONE',  ( 0.0000000000000000000, -0.0000000000000000000, 1.000000000000000000 ) ) ;
#1382 = LINE ( 'NONE', #163, #1355 ) ;
#1383 = LINE ( 'NONE', #2235, #2465 ) ;
#1384 = VERTEX_POINT ( 'NONE', #1790 ) ;
#1385 = VERTEX_POINT ( 'NONE', #746 ) ;
#1386 = PLANE ( 'NONE',  #2195 ) ;
#1387 = FACE_OUTER_BOUND ( 'NONE', #939, .T. ) ;
#1388 = CARTESIAN_POINT ( 'NONE',  ( 7.820000000000000284, -0.04999999999999978073, 5.820000000000000284 ) ) ;
#1389 = EDGE_CURVE ( 'NONE', #67, #2432, #2665, .T. ) ;
#1390 = VECTOR ( 'NONE', #42, 1000.000000000000000 ) ;
#1391 = ADVANCED_FACE ( 'NONE', ( #2229 ), #2204, .F. ) ;
#1392 = CARTESIAN_POINT ( 'NONE',  ( -2.249999999999999556, 5.680000000000011262, 0.5749999999999987343 ) ) ;
#1393 = CONICAL_SURFACE ( 'NONE', #1215, 0.7999999999128710737, 0.5235987755790314502 ) ;
#1394 = AXIS2_PLACEMENT_3D ( 'NONE', #229, #850, #1063 ) ;
#1395 = EDGE_CURVE ( 'NONE', #1060, #1812, #2294, .T. ) ;
#1396 = PRESENTATION_LAYER_ASSIGNMENT (  '', '', ( #1881 ) ) ;
#1397 = FACE_BOUND ( 'NONE', #705, .T. ) ;
#1398 = CARTESIAN_POINT ( 'NONE',  ( -4.949999999999999289, -8.550000000013824319, -0.4000000000308675530 ) ) ;
#1399 = ORIENTED_EDGE ( 'NONE', *, *, #1496, .F. ) ;
#1400 = VECTOR ( 'NONE', #523, 1000.000000000000000 ) ;
#1401 = ORIENTED_EDGE ( 'NONE', *, *, #540, .F. ) ;
#1402 = FILL_AREA_STYLE_COLOUR ( '', #1089 ) ;
#1403 = CARTESIAN_POINT ( 'NONE',  ( 0.6749999999999998224, 5.679999999999999716, -0.5749999999999996225 ) ) ;
#1404 = DIRECTION ( 'NONE',  ( 3.212450881438531748E-16, 0.0000000000000000000, -1.000000000000000000 ) ) ;
#1405 = EDGE_LOOP ( 'NONE', ( #1749, #764, #2172, #1018, #2184, #297 ) ) ;
#1406 = CARTESIAN_POINT ( 'NONE',  ( 3.339999999999999858, -8.550000000000002487, 2.600000000000000533 ) ) ;
#1407 = FILL_AREA_STYLE ('',( #544 ) ) ;
#1408 = LINE ( 'NONE', #1199, #604 ) ;
#1409 = CARTESIAN_POINT ( 'NONE',  ( 0.0000000000000000000, -0.8699999999999996625, -7.820000000000000284 ) ) ;
#1410 = EDGE_CURVE ( 'NONE', #2393, #292, #2437, .T. ) ;
#1411 = DIRECTION ( 'NONE',  ( 6.123233995532419014E-17, 0.8660254037940723348, -0.4999999999833139031 ) ) ;
#1412 = EDGE_LOOP ( 'NONE', ( #2470, #1191 ) ) ;
#1413 = EDGE_CURVE ( 'NONE', #1812, #818, #337, .T. ) ;
#1414 = EDGE_LOOP ( 'NONE', ( #384, #1929, #2512, #947 ) ) ;
#1415 = DIRECTION ( 'NONE',  ( 0.0000000000000000000, 1.000000000000000000, 0.0000000000000000000 ) ) ;
#1416 = CARTESIAN_POINT ( 'NONE',  ( -3.600000000000000089, 5.680000000000004157, 2.779999999999999805 ) ) ;
#1417 = FACE_OUTER_BOUND ( 'NONE', #2378, .T. ) ;
#1418 = ORIENTED_EDGE ( 'NONE', *, *, #1316, .T. ) ;
#1419 = DIRECTION ( 'NONE',  ( 0.0000000000000000000, -0.0000000000000000000, -1.000000000000000000 ) ) ;
#1420 = DIRECTION ( 'NONE',  ( -0.0000000000000000000, 1.000000000000000000, 0.0000000000000000000 ) ) ;
#1421 = DIRECTION ( 'NONE',  ( 0.0000000000000000000, -0.0000000000000000000, -1.000000000000000000 ) ) ;
#1422 = LINE ( 'NONE', #1607, #612 ) ;
#1423 = ORIENTED_EDGE ( 'NONE', *, *, #389, .F. ) ;
#1424 = EDGE_LOOP ( 'NONE', ( #1858, #2178, #836, #2550 ) ) ;
#1425 = DIRECTION ( 'NONE',  ( 1.000000000000000000, 0.0000000000000000000, 0.0000000000000000000 ) ) ;
#1426 = PRODUCT ( 'F920CF57-A7A5-453B-BFCC-1C78B470FC32', 'F920CF57-A7A5-453B-BFCC-1C78B470FC32', '', ( #2278 ) ) ;
#1427 = ORIENTED_EDGE ( 'NONE', *, *, #1496, .T. ) ;
#1428 = DIRECTION ( 'NONE',  ( 0.0000000000000000000, 1.000000000000000000, -0.0000000000000000000 ) ) ;
#1429 = VERTEX_POINT ( 'NONE', #553 ) ;
#1430 = EDGE_CURVE ( 'NONE', #1894, #1717, #2620, .T. ) ;
#1431 = DIRECTION ( 'NONE',  ( 0.0000000000000000000, 0.0000000000000000000, 1.000000000000000000 ) ) ;
#1432 = PLANE ( 'NONE',  #1530 ) ;
#1433 = CARTESIAN_POINT ( 'NONE',  ( -0.6750000000000002665, 5.680000000000010374, -0.5750000000000003997 ) ) ;
#1434 = ORIENTED_EDGE ( 'NONE', *, *, #1509, .T. ) ;
#1435 = VERTEX_POINT ( 'NONE', #1388 ) ;
#1436 = CARTESIAN_POINT ( 'NONE',  ( 6.990000000000000213, 0.0000000000000000000, 6.990000000000000213 ) ) ;
#1437 = VECTOR ( 'NONE', #2233, 1000.000000000000000 ) ;
#1438 = VECTOR ( 'NONE', #944, 1000.000000000000000 ) ;
#1439 = DIRECTION ( 'NONE',  ( 7.800015629392118115E-17, -0.0000000000000000000, -1.000000000000000000 ) ) ;
#1440 = ORIENTED_EDGE ( 'NONE', *, *, #2219, .T. ) ;
#1441 = ORIENTED_EDGE ( 'NONE', *, *, #2021, .F. ) ;
#1442 = VECTOR ( 'NONE', #1195, 1000.000000000000000 ) ;
#1443 = VECTOR ( 'NONE', #2346, 1000.000000000000000 ) ;
#1444 = DIRECTION ( 'NONE',  ( 0.0000000000000000000, 1.000000000000000000, -0.0000000000000000000 ) ) ;
#1445 = VECTOR ( 'NONE', #507, 1000.000000000000000 ) ;
#1446 = EDGE_CURVE ( 'NONE', #913, #763, #145, .T. ) ;
#1447 = ORIENTED_EDGE ( 'NONE', *, *, #2263, .F. ) ;
#1448 = ADVANCED_FACE ( 'NONE', ( #2257 ), #1128, .T. ) ;
#1449 = CARTESIAN_POINT ( 'NONE',  ( 0.9100000000000000311, -0.04999999999999997502, 8.165000000000002700 ) ) ;
#1450 = CARTESIAN_POINT ( 'NONE',  ( -7.819999999999993179, -0.8699999999999996625, 5.820000000000000284 ) ) ;
#1451 = DIRECTION ( 'NONE',  ( 0.0000000000000000000, 1.000000000000000000, 0.0000000000000000000 ) ) ;
#1452 = DIRECTION ( 'NONE',  ( 1.000000000000000000, 0.0000000000000000000, 0.0000000000000000000 ) ) ;
#1453 = ORIENTED_EDGE ( 'NONE', *, *, #540, .T. ) ;
#1454 = ORIENTED_EDGE ( 'NONE', *, *, #1882, .T. ) ;
#1455 = CARTESIAN_POINT ( 'NONE',  ( -0.9100000000000000311, -0.04999999999999989869, 8.165000000000002700 ) ) ;
#1456 = ORIENTED_EDGE ( 'NONE', *, *, #2105, .T. ) ;
#1457 = DIRECTION ( 'NONE',  ( -0.0000000000000000000, -1.000000000000000000, -0.0000000000000000000 ) ) ;
#1458 = DIRECTION ( 'NONE',  ( -0.0000000000000000000, -0.0000000000000000000, -1.000000000000000000 ) ) ;
#1459 = ORIENTED_EDGE ( 'NONE', *, *, #659, .F. ) ;
#1460 = CARTESIAN_POINT ( 'NONE',  ( 6.990000000000000213, -0.8699999999999996625, 6.990000000000000213 ) ) ;
#1461 = EDGE_CURVE ( 'NONE', #2326, #1115, #1634, .T. ) ;
#1462 = PLANE ( 'NONE',  #735 ) ;
#1463 = DIRECTION ( 'NONE',  ( 0.0000000000000000000, -0.0000000000000000000, 1.000000000000000000 ) ) ;
#1464 = ORIENTED_EDGE ( 'NONE', *, *, #2199, .F. ) ;
#1465 = CARTESIAN_POINT ( 'NONE',  ( 3.600000000000000533, 5.679999999999999716, 2.780000000000002025 ) ) ;
#1466 = DIRECTION ( 'NONE',  ( -1.000000000000000000, 0.0000000000000000000, -4.216341781888072580E-16 ) ) ;
#1467 = ORIENTED_EDGE ( 'NONE', *, *, #2608, .F. ) ;
#1468 = CARTESIAN_POINT ( 'NONE',  ( 7.820000000000000284, -0.04999999999999955869, -7.820000000000000284 ) ) ;
#1469 = CARTESIAN_POINT ( 'NONE',  ( -0.9100000000000000311, -0.8699999999999998845, 6.990000000000001101 ) ) ;
#1470 = DIRECTION ( 'NONE',  ( 1.000000000000000000, 0.0000000000000000000, -1.240860855491278271E-16 ) ) ;
#1471 = FACE_OUTER_BOUND ( 'NONE', #662, .T. ) ;
#1472 = PLANE ( 'NONE',  #2154 ) ;
#1473 = VERTEX_POINT ( 'NONE', #381 ) ;
#1474 = ADVANCED_FACE ( 'NONE', ( #1013 ), #2086, .F. ) ;
#1475 = FACE_BOUND ( 'NONE', #1653, .T. ) ;
#1476 = CARTESIAN_POINT ( 'NONE',  ( 3.600000000000000533, 5.349999999999998757, 2.780000000000002025 ) ) ;
#1477 = ORIENTED_EDGE ( 'NONE', *, *, #2141, .F. ) ;
#1478 = ADVANCED_FACE ( 'NONE', ( #2284 ), #1253, .T. ) ;
#1479 = VECTOR ( 'NONE', #1551, 1000.000000000000000 ) ;
#1480 = CARTESIAN_POINT ( 'NONE',  ( 2.250000000000000444, 5.679999999999999716, 0.5750000000000016209 ) ) ;
#1481 = VECTOR ( 'NONE', #2529, 1000.000000000000000 ) ;
#1482 = CONICAL_SURFACE ( 'NONE', #912, 0.7999999999128710737, 0.5235987755790314502 ) ;
#1483 = CARTESIAN_POINT ( 'NONE',  ( 7.820000000000000284, -0.04999999999999972522, -7.820000000000000284 ) ) ;
#1484 = VERTEX_POINT ( 'NONE', #201 ) ;
#1485 = VECTOR ( 'NONE', #1818, 1000.000000000000000 ) ;
#1486 = CARTESIAN_POINT ( 'NONE',  ( 0.6749999999999998224, 5.680000000000013038, -2.249999999999999112 ) ) ;
#1487 = VECTOR ( 'NONE', #2017, 1000.000000000000000 ) ;
#1488 = CARTESIAN_POINT ( 'NONE',  ( 0.0000000000000000000, -0.8699999999999996625, 0.0000000000000000000 ) ) ;
#1489 = ORIENTED_EDGE ( 'NONE', *, *, #2089, .F. ) ;
#1490 = EDGE_LOOP ( 'NONE', ( #1729, #1453, #2555, #515 ) ) ;
#1491 = FACE_OUTER_BOUND ( 'NONE', #1987, .T. ) ;
#1492 = DIRECTION ( 'NONE',  ( -5.507058653894628811E-16, 0.0000000000000000000, 1.000000000000000000 ) ) ;
#1493 = EDGE_LOOP ( 'NONE', ( #2442, #2137, #777, #2145 ) ) ;
#1494 = EDGE_CURVE ( 'NONE', #2519, #513, #842, .T. ) ;
#1495 = CARTESIAN_POINT ( 'NONE',  ( 4.949999999999999289, -5.600000000000000533, -6.828762922874113952E-16 ) ) ;
#1496 = EDGE_CURVE ( 'NONE', #2008, #2633, #159, .T. ) ;
#1497 = PRODUCT_DEFINITION_SHAPE ( 'NONE', 'NONE',  #2023 ) ;
#1498 = CARTESIAN_POINT ( 'NONE',  ( 2.819999999999999396, -0.04999999999999991257, 6.990000000000001101 ) ) ;
#1499 = CARTESIAN_POINT ( 'NONE',  ( 2.250000000000001776, 9.299999999999998934, -0.5749999999999987343 ) ) ;
#1500 = DIRECTION ( 'NONE',  ( 1.000000000000000000, 0.0000000000000000000, -1.861291283236917653E-16 ) ) ;
#1501 = ORIENTED_EDGE ( 'NONE', *, *, #2179, .T. ) ;
#1502 = ORIENTED_EDGE ( 'NONE', *, *, #2196, .T. ) ;
#1503 = ORIENTED_EDGE ( 'NONE', *, *, #1105, .F. ) ;
#1504 = CARTESIAN_POINT ( 'NONE',  ( 4.934999999999999609, 5.350000000000004086, 5.309999999999998721 ) ) ;
#1505 = CARTESIAN_POINT ( 'NONE',  ( 7.820000000000000284, -0.04999999999999978767, -5.820000000000000284 ) ) ;
#1506 = ORIENTED_EDGE ( 'NONE', *, *, #1279, .F. ) ;
#1507 = CARTESIAN_POINT ( 'NONE',  ( -4.949999999999999289, -7.857179676972450899, -0.8000000000210494289 ) ) ;
#1508 = ORIENTED_EDGE ( 'NONE', *, *, #1284, .T. ) ;
#1509 = EDGE_CURVE ( 'NONE', #2476, #1022, #710, .T. ) ;
#1510 = ADVANCED_FACE ( 'NONE', ( #110 ), #1109, .T. ) ;
#1511 = DIRECTION ( 'NONE',  ( 0.0000000000000000000, 0.0000000000000000000, -1.000000000000000000 ) ) ;
#1512 = CARTESIAN_POINT ( 'NONE',  ( 4.200000000000000178, -5.599999999999969447, 2.800000000000000711 ) ) ;
#1513 = EDGE_CURVE ( 'NONE', #111, #2185, #2391, .T. ) ;
#1514 = DIRECTION ( 'NONE',  ( 0.0000000000000000000, 1.000000000000000000, 0.0000000000000000000 ) ) ;
#1515 = VERTEX_POINT ( 'NONE', #1946 ) ;
#1516 = EDGE_LOOP ( 'NONE', ( #2547, #1012, #2081, #1028 ) ) ;
#1517 = CARTESIAN_POINT ( 'NONE',  ( 6.990000000000000213, -0.04999999999999939909, 6.990000000000000213 ) ) ;
#1518 = FACE_OUTER_BOUND ( 'NONE', #813, .T. ) ;
#1519 = DIRECTION ( 'NONE',  ( 6.195440985631448415E-16, 0.0000000000000000000, -1.000000000000000000 ) ) ;
#1520 = VECTOR ( 'NONE', #2314, 1000.000000000000000 ) ;
#1521 = EDGE_LOOP ( 'NONE', ( #1541, #1873, #99, #1555 ) ) ;
#1522 = CIRCLE ( 'NONE', #2543, 0.8000000000000009326 ) ;
#1523 = CARTESIAN_POINT ( 'NONE',  ( -6.990000000000000213, 0.0000000000000000000, 6.990000000000001990 ) ) ;
#1524 = LINE ( 'NONE', #468, #2150 ) ;
#1525 = ADVANCED_FACE ( 'NONE', ( #98 ), #2600, .T. ) ;
#1526 = AXIS2_PLACEMENT_3D ( 'NONE', #1648, #597, #2329 ) ;
#1527 = VECTOR ( 'NONE', #2402, 1000.000000000000000 ) ;
#1528 = PRODUCT_RELATED_PRODUCT_CATEGORY ( 'part', '', ( #1426 ) ) ;
#1529 = VECTOR ( 'NONE', #498, 1000.000000000000000 ) ;
#1530 = AXIS2_PLACEMENT_3D ( 'NONE', #418, #217, #1055 ) ;
#1531 = LINE ( 'NONE', #893, #2648 ) ;
#1532 = EDGE_CURVE ( 'NONE', #1021, #1345, #699, .T. ) ;
#1533 = EDGE_LOOP ( 'NONE', ( #901, #1891, #977, #2700 ) ) ;
#1534 = VECTOR ( 'NONE', #357, 1000.000000000000000 ) ;
#1535 = ORIENTED_EDGE ( 'NONE', *, *, #2105, .F. ) ;
#1536 = VERTEX_POINT ( 'NONE', #82 ) ;
#1537 = LINE ( 'NONE', #1298, #2692 ) ;
#1538 = CARTESIAN_POINT ( 'NONE',  ( 3.339999999999999858, -5.599999999999963229, 0.0000000000000000000 ) ) ;
#1539 = ORIENTED_EDGE ( 'NONE', *, *, #2637, .T. ) ;
#1540 = DIRECTION ( 'NONE',  ( 1.000000000000000000, -0.0000000000000000000, 0.0000000000000000000 ) ) ;
#1541 = ORIENTED_EDGE ( 'NONE', *, *, #571, .T. ) ;
#1542 = DIRECTION ( 'NONE',  ( -0.0000000000000000000, -0.0000000000000000000, 1.000000000000000000 ) ) ;
#1543 = PLANE ( 'NONE',  #602 ) ;
#1544 = DIRECTION ( 'NONE',  ( 0.0000000000000000000, 0.0000000000000000000, -1.000000000000000000 ) ) ;
#1545 = VERTEX_POINT ( 'NONE', #649 ) ;
#1546 = ORIENTED_EDGE ( 'NONE', *, *, #1228, .T. ) ;
#1547 = EDGE_CURVE ( 'NONE', #855, #1211, #900, .T. ) ;
#1548 = EDGE_CURVE ( 'NONE', #7, #1385, #1121, .T. ) ;
#1549 = ORIENTED_EDGE ( 'NONE', *, *, #636, .F. ) ;
#1550 = CARTESIAN_POINT ( 'NONE',  ( 0.6749999999999998224, 9.299999999999998934, -2.249999999999999112 ) ) ;
#1551 = DIRECTION ( 'NONE',  ( -0.0000000000000000000, -1.000000000000000000, -0.0000000000000000000 ) ) ;
#1552 = CARTESIAN_POINT ( 'NONE',  ( -2.600000000000000533, -5.600000000000000533, 5.099999999999999645 ) ) ;
#1553 = CARTESIAN_POINT ( 'NONE',  ( -7.819999999999993179, -0.04999999999999955869, -7.820000000000000284 ) ) ;
#1554 = VERTEX_POINT ( 'NONE', #2542 ) ;
#1555 = ORIENTED_EDGE ( 'NONE', *, *, #739, .T. ) ;
#1556 = DIRECTION ( 'NONE',  ( -0.0000000000000000000, 0.0000000000000000000, -1.000000000000000000 ) ) ;
#1557 = LINE ( 'NONE', #904, #2239 ) ;
#1558 = DIRECTION ( 'NONE',  ( 1.000000000000000000, 0.0000000000000000000, -0.0000000000000000000 ) ) ;
#1559 = VERTEX_POINT ( 'NONE', #1486 ) ;
#1560 = ORIENTED_EDGE ( 'NONE', *, *, #2643, .F. ) ;
#1561 = CARTESIAN_POINT ( 'NONE',  ( 2.496083759033842052E-16, -8.550000000013824319, -1.525000000015096724 ) ) ;
#1562 = CARTESIAN_POINT ( 'NONE',  ( 0.0000000000000000000, -0.8699999999999996625, 0.0000000000000000000 ) ) ;
#1563 = EDGE_CURVE ( 'NONE', #804, #2043, #1898, .T. ) ;
#1564 = CLOSED_SHELL ( 'NONE', ( #310, #2174, #2623, #870, #554, #1804, #591, #504, #2228, #744, #2515, #1944, #1040, #63, #2001, #206, #806, #21, #2129, #1911, #1242, #2723, #552, #1391, #2694, #937, #607, #2557, #70, #454, #2726, #2496, #1637, #1258, #1847, #2304, #2354, #1617, #1159, #964, #1047, #1448, #2248, #1478, #2215, #5, #923, #1970, #824, #135, #408, #2144, #1474, #1525, #2480, #1613, #340, #491, #1813, #176, #2677, #1746, #104, #2000, #1016, #1032, #2401, #397, #838, #1510, #1072, #1947, #1986, #1143, #424, #641, #1107, #1762, #2260, #1377, #102, #278, #1934, #982, #878, #441, #1848, #1293, #1062, #2316, #671, #2357 ) ) ;
#1565 = LINE ( 'NONE', #55, #2414 ) ;
#1566 = DIRECTION ( 'NONE',  ( 1.000000000000000000, 0.0000000000000000000, 5.507058653894628811E-16 ) ) ;
#1567 = ORIENTED_EDGE ( 'NONE', *, *, #637, .T. ) ;
#1568 = PLANE ( 'NONE',  #1307 ) ;
#1569 = DIRECTION ( 'NONE',  ( 0.0000000000000000000, 0.0000000000000000000, 1.000000000000000000 ) ) ;
#1570 = AXIS2_PLACEMENT_3D ( 'NONE', #127, #1375, #2445 ) ;
#1571 = CIRCLE ( 'NONE', #1085, 0.4000000000308668313 ) ;
#1572 = VECTOR ( 'NONE', #574, 1000.000000000000000 ) ;
#1573 = ORIENTED_EDGE ( 'NONE', *, *, #1340, .F. ) ;
#1574 = AXIS2_PLACEMENT_3D ( 'NONE', #1274, #2102, #1056 ) ;
#1575 = ORIENTED_EDGE ( 'NONE', *, *, #1227, .F. ) ;
#1576 = VECTOR ( 'NONE', #1148, 1000.000000000000000 ) ;
#1577 = ORIENTED_EDGE ( 'NONE', *, *, #1715, .F. ) ;
#1578 = CARTESIAN_POINT ( 'NONE',  ( 6.989999999999997549, -0.04999999999999978767, -6.990000000000000213 ) ) ;
#1579 = VECTOR ( 'NONE', #586, 1000.000000000000000 ) ;
#1580 = CARTESIAN_POINT ( 'NONE',  ( -0.6750000000000002665, 9.299999999999998934, -0.5750000000000003997 ) ) ;
#1581 = AXIS2_PLACEMENT_3D ( 'NONE', #482, #1737, #2594 ) ;
#1582 = LINE ( 'NONE', #1409, #391 ) ;
#1583 = CARTESIAN_POINT ( 'NONE',  ( -6.990000000000000213, 0.0000000000000000000, 5.820000000000000284 ) ) ;
#1584 = ORIENTED_EDGE ( 'NONE', *, *, #1961, .F. ) ;
#1585 = EDGE_CURVE ( 'NONE', #267, #2591, #1342, .T. ) ;
#1586 = CARTESIAN_POINT ( 'NONE',  ( -2.600000000000000533, -5.600000000000000533, 5.099999999999999645 ) ) ;
#1587 = FACE_OUTER_BOUND ( 'NONE', #1331, .T. ) ;
#1588 = EDGE_CURVE ( 'NONE', #1646, #863, #1138, .T. ) ;
#1589 = DIRECTION ( 'NONE',  ( -0.0000000000000000000, -0.0000000000000000000, 1.000000000000000000 ) ) ;
#1590 = CARTESIAN_POINT ( 'NONE',  ( 4.949999999999999289, -8.550000000013824319, -7.047314121155778821E-16 ) ) ;
#1591 = ORIENTED_EDGE ( 'NONE', *, *, #156, .F. ) ;
#1592 =( LENGTH_UNIT ( ) NAMED_UNIT ( * ) SI_UNIT ( .MILLI., .METRE. ) );
#1593 = CARTESIAN_POINT ( 'NONE',  ( -2.819999999999998508, -0.8699999999999996625, 0.0000000000000000000 ) ) ;
#1594 = LINE ( 'NONE', #2639, #779 ) ;
#1595 = DIRECTION ( 'NONE',  ( -1.000000000000000000, -0.0000000000000000000, -6.195440985631451373E-16 ) ) ;
#1596 = ORIENTED_EDGE ( 'NONE', *, *, #54, .F. ) ;
#1597 = ORIENTED_EDGE ( 'NONE', *, *, #4, .F. ) ;
#1598 = DIRECTION ( 'NONE',  ( -1.000000000000000000, -0.0000000000000000000, 0.0000000000000000000 ) ) ;
#1599 = EDGE_CURVE ( 'NONE', #2659, #245, #2628, .T. ) ;
#1600 = EDGE_CURVE ( 'NONE', #1079, #48, #722, .T. ) ;
#1601 = LINE ( 'NONE', #368, #2602 ) ;
#1602 = CARTESIAN_POINT ( 'NONE',  ( 0.0000000000000000000, -1.251429515569668993E-15, -7.290000000000000036 ) ) ;
#1603 = EDGE_CURVE ( 'NONE', #2590, #2064, #2345, .T. ) ;
#1604 = CARTESIAN_POINT ( 'NONE',  ( 4.935000000000003162, 5.349999999999997868, -5.309999999999999609 ) ) ;
#1605 = DIRECTION ( 'NONE',  ( 0.0000000000000000000, -0.0000000000000000000, 1.000000000000000000 ) ) ;
#1606 = CARTESIAN_POINT ( 'NONE',  ( 3.339999999999999858, -5.599999999999972999, 2.800000000000000711 ) ) ;
#1607 = CARTESIAN_POINT ( 'NONE',  ( 3.339999999999999858, -5.600000000000000533, 2.800000000000000711 ) ) ;
#1608 = EDGE_LOOP ( 'NONE', ( #1765, #1897, #909, #666 ) ) ;
#1609 = VERTEX_POINT ( 'NONE', #1398 ) ;
#1610 = DIRECTION ( 'NONE',  ( 0.0000000000000000000, 0.0000000000000000000, 1.000000000000000000 ) ) ;
#1611 = CARTESIAN_POINT ( 'NONE',  ( 0.6749999999999996003, 5.679999999999999716, 2.250000000000000888 ) ) ;
#1612 = DIRECTION ( 'NONE',  ( 0.0000000000000000000, -0.0000000000000000000, 1.000000000000000000 ) ) ;
#1613 = ADVANCED_FACE ( 'NONE', ( #1800 ), #546, .F. ) ;
#1614 = LINE ( 'NONE', #1602, #785 ) ;
#1615 = EDGE_CURVE ( 'NONE', #628, #67, #1422, .T. ) ;
#1616 = CARTESIAN_POINT ( 'NONE',  ( 0.6749999999999996003, 9.299999999999998934, 2.250000000000000444 ) ) ;
#1617 = ADVANCED_FACE ( 'NONE', ( #2251, #2669 ), #2036, .F. ) ;
#1618 = LINE ( 'NONE', #1636, #2107 ) ;
#1619 = VECTOR ( 'NONE', #1124, 1000.000000000000000 ) ;
#1620 = VECTOR ( 'NONE', #914, 1000.000000000000000 ) ;
#1621 = ORIENTED_EDGE ( 'NONE', *, *, #1603, .F. ) ;
#1622 = VECTOR ( 'NONE', #1589, 1000.000000000000000 ) ;
#1623 = VECTOR ( 'NONE', #664, 1000.000000000000000 ) ;
#1624 = FACE_OUTER_BOUND ( 'NONE', #2068, .T. ) ;
#1625 = CARTESIAN_POINT ( 'NONE',  ( 3.835680304720848956E-17, -8.550000000000002487, 3.429011037631034323E-16 ) ) ;
#1626 = VERTEX_POINT ( 'NONE', #575 ) ;
#1627 = ORIENTED_EDGE ( 'NONE', *, *, #1900, .F. ) ;
#1628 = FACE_OUTER_BOUND ( 'NONE', #1424, .T. ) ;
#1629 = DIRECTION ( 'NONE',  ( 0.0000000000000000000, 0.0000000000000000000, -1.000000000000000000 ) ) ;
#1630 = UNCERTAINTY_MEASURE_WITH_UNIT (LENGTH_MEASURE( 1.000000000000000082E-05 ), #2051, 'distance_accuracy_value', 'NONE');
#1631 = ORIENTED_EDGE ( 'NONE', *, *, #1672, .F. ) ;
#1632 = CARTESIAN_POINT ( 'NONE',  ( 0.0000000000000000000, -0.8699999999999996625, 0.0000000000000000000 ) ) ;
#1633 = ORIENTED_EDGE ( 'NONE', *, *, #393, .T. ) ;
#1634 = LINE ( 'NONE', #2520, #528 ) ;
#1635 = CYLINDRICAL_SURFACE ( 'NONE', #1923, 1.925000000000000044 ) ;
#1636 = CARTESIAN_POINT ( 'NONE',  ( -7.819999999999993179, -0.8699999999999996625, 0.0000000000000000000 ) ) ;
#1637 = ADVANCED_FACE ( 'NONE', ( #2657 ), #751, .T. ) ;
#1638 = CARTESIAN_POINT ( 'NONE',  ( 0.0000000000000000000, -0.04999999999999982930, -8.165000000000002700 ) ) ;
#1639 = LINE ( 'NONE', #183, #1579 ) ;
#1640 = ORIENTED_EDGE ( 'NONE', *, *, #1767, .T. ) ;
#1641 = ORIENTED_EDGE ( 'NONE', *, *, #2609, .T. ) ;
#1642 = FACE_OUTER_BOUND ( 'NONE', #2622, .T. ) ;
#1643 = DIRECTION ( 'NONE',  ( -6.424901762877063495E-16, 0.0000000000000000000, 1.000000000000000000 ) ) ;
#1644 = EDGE_LOOP ( 'NONE', ( #374, #711, #2131, #1352 ) ) ;
#1645 = DIRECTION ( 'NONE',  ( 6.472848790958240707E-17, 0.0000000000000000000, 1.000000000000000000 ) ) ;
#1646 = VERTEX_POINT ( 'NONE', #988 ) ;
#1647 = CARTESIAN_POINT ( 'NONE',  ( 0.0000000000000000000, -0.04999999999999975298, -5.820000000000000284 ) ) ;
#1648 = CARTESIAN_POINT ( 'NONE',  ( 0.9100000000000000311, -0.04999999999999997502, -8.165000000000002700 ) ) ;
#1649 = ORIENTED_EDGE ( 'NONE', *, *, #2572, .T. ) ;
#1650 = EDGE_CURVE ( 'NONE', #2561, #2408, #363, .T. ) ;
#1651 = DIRECTION ( 'NONE',  ( 1.000000000000000000, -0.0000000000000000000, 4.216341781888072580E-16 ) ) ;
#1652 = CARTESIAN_POINT ( 'NONE',  ( 4.200000000000000178, -5.600000000000000533, 2.600000000000000977 ) ) ;
#1653 = EDGE_LOOP ( 'NONE', ( #1549, #1678, #2103, #1262 ) ) ;
#1654 = LINE ( 'NONE', #425, #78 ) ;
#1655 = EDGE_CURVE ( 'NONE', #754, #1379, #976, .T. ) ;
#1656 = ORIENTED_EDGE ( 'NONE', *, *, #2114, .F. ) ;
#1657 = DIRECTION ( 'NONE',  ( 0.0000000000000000000, 0.0000000000000000000, 1.000000000000000000 ) ) ;
#1658 = ORIENTED_EDGE ( 'NONE', *, *, #906, .T. ) ;
#1659 = DIRECTION ( 'NONE',  ( 0.0000000000000000000, 0.0000000000000000000, -1.000000000000000000 ) ) ;
#1660 = CARTESIAN_POINT ( 'NONE',  ( 6.990000000000000213, -0.8699999999999996625, 6.990000000000001101 ) ) ;
#1661 = CARTESIAN_POINT ( 'NONE',  ( 6.989999999999997549, -0.05000000000000000278, -6.990000000000000213 ) ) ;
#1662 = ORIENTED_EDGE ( 'NONE', *, *, #1650, .F. ) ;
#1663 = CARTESIAN_POINT ( 'NONE',  ( -0.6750000000000001554, 5.679999999999999716, 0.5749999999999995115 ) ) ;
#1664 = AXIS2_PLACEMENT_3D ( 'NONE', #224, #1492, #207 ) ;
#1665 = LINE ( 'NONE', #12, #475 ) ;
#1666 = EDGE_LOOP ( 'NONE', ( #248, #1101, #1156, #1002 ) ) ;
#1667 = ORIENTED_EDGE ( 'NONE', *, *, #2464, .F. ) ;
#1668 = VECTOR ( 'NONE', #1210, 1000.000000000000000 ) ;
#1669 = VECTOR ( 'NONE', #908, 1000.000000000000000 ) ;
#1670 = CARTESIAN_POINT ( 'NONE',  ( 0.0000000000000000000, 0.0000000000000000000, 0.0000000000000000000 ) ) ;
#1671 = LINE ( 'NONE', #620, #2285 ) ;
#1672 = EDGE_CURVE ( 'NONE', #1079, #1, #2469, .T. ) ;
#1673 = EDGE_CURVE ( 'NONE', #1246, #1211, #1162, .T. ) ;
#1674 = LINE ( 'NONE', #2325, #2734 ) ;
#1675 = PLANE ( 'NONE',  #2010 ) ;
#1676 = DIRECTION ( 'NONE',  ( -0.0000000000000000000, -1.000000000000000000, -0.0000000000000000000 ) ) ;
#1677 = LINE ( 'NONE', #203, #1880 ) ;
#1678 = ORIENTED_EDGE ( 'NONE', *, *, #2219, .F. ) ;
#1679 = DIRECTION ( 'NONE',  ( 1.000000000000000000, 0.0000000000000000000, 0.0000000000000000000 ) ) ;
#1680 = LINE ( 'NONE', #247, #255 ) ;
#1681 = ORIENTED_EDGE ( 'NONE', *, *, #627, .F. ) ;
#1682 = DIRECTION ( 'NONE',  ( -1.000000000000000000, -3.906908156496029368E-18, 6.785682587598398495E-17 ) ) ;
#1683 = DIRECTION ( 'NONE',  ( 1.000000000000000000, -0.0000000000000000000, 6.195440985631448415E-16 ) ) ;
#1684 = DIRECTION ( 'NONE',  ( -0.0000000000000000000, 1.000000000000000000, 0.0000000000000000000 ) ) ;
#1685 = DIRECTION ( 'NONE',  ( -1.000000000000000000, -0.0000000000000000000, -5.042800802258163323E-16 ) ) ;
#1686 = EDGE_CURVE ( 'NONE', #1609, #448, #1177, .T. ) ;
#1687 = ORIENTED_EDGE ( 'NONE', *, *, #1227, .T. ) ;
#1688 = CARTESIAN_POINT ( 'NONE',  ( 6.989999999999997549, -0.04999999999999956563, -6.990000000000000213 ) ) ;
#1689 = CARTESIAN_POINT ( 'NONE',  ( 0.9100000000000000311, -0.04999999999999995420, 8.165000000000002700 ) ) ;
#1690 = ORIENTED_EDGE ( 'NONE', *, *, #339, .T. ) ;
#1691 = DIRECTION ( 'NONE',  ( 1.000000000000000000, 0.0000000000000000000, -0.0000000000000000000 ) ) ;
#1692 = CARTESIAN_POINT ( 'NONE',  ( 7.820000000000000284, -0.8699999999999996625, -7.820000000000000284 ) ) ;
#1693 = ORIENTED_EDGE ( 'NONE', *, *, #943, .T. ) ;
#1694 = CARTESIAN_POINT ( 'NONE',  ( 2.741013118865490393E-16, -7.857179676989289874, -1.925000000028375347 ) ) ;
#1695 = LINE ( 'NONE', #2544, #129 ) ;
#1696 = VERTEX_POINT ( 'NONE', #1201 ) ;
#1697 = EDGE_CURVE ( 'NONE', #1069, #2008, #1383, .T. ) ;
#1698 = EDGE_CURVE ( 'NONE', #1296, #1369, #869, .T. ) ;
#1699 = ORIENTED_EDGE ( 'NONE', *, *, #143, .T. ) ;
#1700 = DIRECTION ( 'NONE',  ( -1.359384088373393629E-16, -0.05748056329202649167, -0.9983466255983597382 ) ) ;
#1701 = CARTESIAN_POINT ( 'NONE',  ( 6.989999999999996660, -2.299999999999999378, -6.989999999999998437 ) ) ;
#1702 = EDGE_LOOP ( 'NONE', ( #2186, #665, #2566, #2146 ) ) ;
#1703 = APPLICATION_PROTOCOL_DEFINITION ( 'draft international standard', 'automotive_design', 1998, #2322 ) ;
#1704 = AXIS2_PLACEMENT_3D ( 'NONE', #1436, #2295, #2333 ) ;
#1705 = DIRECTION ( 'NONE',  ( 1.000000000000000000, -0.0000000000000000000, 7.800015629392118115E-17 ) ) ;
#1706 = VECTOR ( 'NONE', #280, 1000.000000000000000 ) ;
#1707 = VECTOR ( 'NONE', #689, 1000.000000000000000 ) ;
#1708 = LINE ( 'NONE', #241, #1481 ) ;
#1709 = CARTESIAN_POINT ( 'NONE',  ( 6.989999999999999325, -6.257147577848344964E-16, 6.990000000000000213 ) ) ;
#1710 = CIRCLE ( 'NONE', #1270, 0.8000000000000009326 ) ;
#1711 = DIRECTION ( 'NONE',  ( 0.0000000000000000000, 0.0000000000000000000, -1.000000000000000000 ) ) ;
#1712 = ORIENTED_EDGE ( 'NONE', *, *, #854, .T. ) ;
#1713 = ORIENTED_EDGE ( 'NONE', *, *, #739, .F. ) ;
#1714 = DIRECTION ( 'NONE',  ( 0.0000000000000000000, 0.0000000000000000000, -1.000000000000000000 ) ) ;
#1715 = EDGE_CURVE ( 'NONE', #392, #559, #1639, .T. ) ;
#1716 = DIRECTION ( 'NONE',  ( -5.507058653894628811E-16, 1.000000000000000000, 0.0000000000000000000 ) ) ;
#1717 = VERTEX_POINT ( 'NONE', #1216 ) ;
#1718 = CARTESIAN_POINT ( 'NONE',  ( 0.6749999999999996003, 5.679999999999999716, 0.5750000000000006217 ) ) ;
#1719 = EDGE_LOOP ( 'NONE', ( #264, #1066, #809, #200, #783, #1757 ) ) ;
#1720 = LINE ( 'NONE', #712, #1969 ) ;
#1721 = ORIENTED_EDGE ( 'NONE', *, *, #492, .T. ) ;
#1722 = CARTESIAN_POINT ( 'NONE',  ( 3.339999999999999858, -5.599999999999972999, 2.600000000000000533 ) ) ;
#1723 = ORIENTED_EDGE ( 'NONE', *, *, #2521, .F. ) ;
#1724 = ORIENTED_EDGE ( 'NONE', *, *, #1984, .F. ) ;
#1725 = DIRECTION ( 'NONE',  ( -0.0000000000000000000, 1.000000000000000000, 0.0000000000000000000 ) ) ;
#1726 = FACE_OUTER_BOUND ( 'NONE', #1493, .T. ) ;
#1727 = EDGE_CURVE ( 'NONE', #513, #848, #1020, .T. ) ;
#1728 = DIRECTION ( 'NONE',  ( -0.0000000000000000000, -0.0000000000000000000, -1.000000000000000000 ) ) ;
#1729 = ORIENTED_EDGE ( 'NONE', *, *, #252, .T. ) ;
#1730 = DIRECTION ( 'NONE',  ( 1.000000000000000000, 0.0000000000000000000, -0.0000000000000000000 ) ) ;
#1731 = CARTESIAN_POINT ( 'NONE',  ( 3.600000000000000977, 5.350000000000011191, 2.780000000000001137 ) ) ;
#1732 = EDGE_CURVE ( 'NONE', #2592, #267, #2711, .T. ) ;
#1733 = LINE ( 'NONE', #71, #525 ) ;
#1734 = EDGE_LOOP ( 'NONE', ( #2339, #2424, #558, #656 ) ) ;
#1735 = ORIENTED_EDGE ( 'NONE', *, *, #1187, .T. ) ;
#1736 = CARTESIAN_POINT ( 'NONE',  ( 6.989999999999996660, -2.299999999999999378, -6.989999999999999325 ) ) ;
#1737 = DIRECTION ( 'NONE',  ( 0.0000000000000000000, 0.0000000000000000000, -1.000000000000000000 ) ) ;
#1738 = CARTESIAN_POINT ( 'NONE',  ( 2.250000000000001776, 5.679999999999999716, -0.5749999999999987343 ) ) ;
#1739 = VERTEX_POINT ( 'NONE', #535 ) ;
#1740 = VECTOR ( 'NONE', #2138, 1000.000000000000000 ) ;
#1741 = CARTESIAN_POINT ( 'NONE',  ( -4.949999999999999289, -5.600000000000000533, -6.828762922874113952E-16 ) ) ;
#1742 = DIRECTION ( 'NONE',  ( 0.0000000000000000000, 0.0000000000000000000, -1.000000000000000000 ) ) ;
#1743 = VECTOR ( 'NONE', #1452, 1000.000000000000000 ) ;
#1744 = VECTOR ( 'NONE', #1326, 1000.000000000000000 ) ;
#1745 = EDGE_CURVE ( 'NONE', #250, #1988, #1373, .T. ) ;
#1746 = ADVANCED_FACE ( 'NONE', ( #332 ), #2006, .F. ) ;
#1747 = AXIS2_PLACEMENT_3D ( 'NONE', #2120, #1684, #2531 ) ;
#1748 = CARTESIAN_POINT ( 'NONE',  ( -3.600000000000000089, 5.349999999999999645, 2.779999999999998916 ) ) ;
#1749 = ORIENTED_EDGE ( 'NONE', *, *, #2545, .F. ) ;
#1750 = VECTOR ( 'NONE', #738, 1000.000000000000000 ) ;
#1751 = ORIENTED_EDGE ( 'NONE', *, *, #1672, .T. ) ;
#1752 = VERTEX_POINT ( 'NONE', #1455 ) ;
#1753 = LINE ( 'NONE', #462, #216 ) ;
#1754 = DIRECTION ( 'NONE',  ( 0.0000000000000000000, -0.0000000000000000000, 1.000000000000000000 ) ) ;
#1755 = CARTESIAN_POINT ( 'NONE',  ( -2.819999999999998064, -0.8699999999999997735, 7.820000000000000284 ) ) ;
#1756 = CARTESIAN_POINT ( 'NONE',  ( -2.819999999999998064, 0.0000000000000000000, -6.989999999999998437 ) ) ;
#1757 = ORIENTED_EDGE ( 'NONE', *, *, #190, .F. ) ;
#1758 = DIRECTION ( 'NONE',  ( 0.0000000000000000000, 0.0000000000000000000, 1.000000000000000000 ) ) ;
#1759 = DIRECTION ( 'NONE',  ( 0.0000000000000000000, 0.0000000000000000000, -1.000000000000000000 ) ) ;
#1760 = EDGE_CURVE ( 'NONE', #2590, #338, #413, .T. ) ;
#1761 = DIRECTION ( 'NONE',  ( 7.542275982507857147E-16, 0.0000000000000000000, -1.000000000000000000 ) ) ;
#1762 = ADVANCED_FACE ( 'NONE', ( #2722 ), #1078, .F. ) ;
#1763 = ORIENTED_EDGE ( 'NONE', *, *, #1852, .F. ) ;
#1764 = ORIENTED_EDGE ( 'NONE', *, *, #1698, .T. ) ;
#1765 = ORIENTED_EDGE ( 'NONE', *, *, #1389, .T. ) ;
#1766 = CARTESIAN_POINT ( 'NONE',  ( 4.949999999999999289, -7.857179677159820130, -7.047314121155778821E-16 ) ) ;
#1767 = EDGE_CURVE ( 'NONE', #1203, #2432, #1680, .T. ) ;
#1768 = CARTESIAN_POINT ( 'NONE',  ( 7.820000000000000284, -0.04999999999999955869, 7.820000000000000284 ) ) ;
#1769 = LINE ( 'NONE', #2627, #125 ) ;
#1770 = DIRECTION ( 'NONE',  ( -0.0000000000000000000, -1.000000000000000000, -0.0000000000000000000 ) ) ;
#1771 = DIRECTION ( 'NONE',  ( 0.0000000000000000000, 1.000000000000000000, 0.0000000000000000000 ) ) ;
#1772 = LINE ( 'NONE', #2632, #1485 ) ;
#1773 = ORIENTED_EDGE ( 'NONE', *, *, #736, .T. ) ;
#1774 = EDGE_LOOP ( 'NONE', ( #403, #284, #1501, #86 ) ) ;
#1775 = ORIENTED_EDGE ( 'NONE', *, *, #2352, .F. ) ;
#1776 = DIRECTION ( 'NONE',  ( 0.0000000000000000000, 1.000000000000000000, 0.0000000000000000000 ) ) ;
#1777 = DIRECTION ( 'NONE',  ( -0.0000000000000000000, 1.000000000000000000, 0.0000000000000000000 ) ) ;
#1778 = ORIENTED_EDGE ( 'NONE', *, *, #902, .F. ) ;
#1779 = EDGE_CURVE ( 'NONE', #283, #1989, #2554, .T. ) ;
#1780 = CARTESIAN_POINT ( 'NONE',  ( 6.990000000000000213, -0.05000000000000005135, 6.990000000000000213 ) ) ;
#1781 = CARTESIAN_POINT ( 'NONE',  ( -2.249999999999999556, 5.680000000000010374, 0.5749999999999988454 ) ) ;
#1782 = ORIENTED_EDGE ( 'NONE', *, *, #2089, .T. ) ;
#1783 = EDGE_LOOP ( 'NONE', ( #1621, #204, #181, #795, #728, #2220 ) ) ;
#1784 =( LENGTH_UNIT ( ) NAMED_UNIT ( * ) SI_UNIT ( .MILLI., .METRE. ) );
#1785 = DIRECTION ( 'NONE',  ( 0.0000000000000000000, 0.0000000000000000000, -1.000000000000000000 ) ) ;
#1786 = VECTOR ( 'NONE', #1204, 1000.000000000000000 ) ;
#1787 = FACE_BOUND ( 'NONE', #1202, .T. ) ;
#1788 = AXIS2_PLACEMENT_3D ( 'NONE', #371, #760, #570 ) ;
#1789 = VECTOR ( 'NONE', #1058, 1000.000000000000000 ) ;
#1790 = CARTESIAN_POINT ( 'NONE',  ( 3.600000000000000977, 5.680000000000004157, 2.780000000000002025 ) ) ;
#1791 = EDGE_LOOP ( 'NONE', ( #1116, #198, #691, #1024 ) ) ;
#1792 = AXIS2_PLACEMENT_3D ( 'NONE', #970, #800, #1645 ) ;
#1793 = VERTEX_POINT ( 'NONE', #2124 ) ;
#1794 = MECHANICAL_DESIGN_GEOMETRIC_PRESENTATION_REPRESENTATION (  '', ( #1881 ), #2203 ) ;
#1795 = LINE ( 'NONE', #1578, #2379 ) ;
#1796 = VECTOR ( 'NONE', #775, 1000.000000000000000 ) ;
#1797 = DIRECTION ( 'NONE',  ( 0.0000000000000000000, 1.000000000000000000, -0.0000000000000000000 ) ) ;
#1798 = EDGE_CURVE ( 'NONE', #228, #1545, #1127, .T. ) ;
#1799 = DIRECTION ( 'NONE',  ( -0.0000000000000000000, -1.000000000000000000, -0.0000000000000000000 ) ) ;
#1800 = FACE_OUTER_BOUND ( 'NONE', #606, .T. ) ;
#1801 = ORIENTED_EDGE ( 'NONE', *, *, #854, .F. ) ;
#1802 = ORIENTED_EDGE ( 'NONE', *, *, #2142, .T. ) ;
#1803 = LINE ( 'NONE', #185, #1303 ) ;
#1804 = ADVANCED_FACE ( 'NONE', ( #2109 ), #1172, .T. ) ;
#1805 = DIRECTION ( 'NONE',  ( -0.0000000000000000000, -1.000000000000000000, -0.0000000000000000000 ) ) ;
#1806 = CARTESIAN_POINT ( 'NONE',  ( -4.949999999999999289, -7.857179677159820130, 0.7999999999128704076 ) ) ;
#1807 = EDGE_LOOP ( 'NONE', ( #962, #1721, #365, #348 ) ) ;
#1808 = DIRECTION ( 'NONE',  ( 7.542275982507857147E-16, 0.0000000000000000000, -1.000000000000000000 ) ) ;
#1809 = LINE ( 'NONE', #790, #690 ) ;
#1810 = CARTESIAN_POINT ( 'NONE',  ( 0.0000000000000000000, -5.599999999999963229, 0.0000000000000000000 ) ) ;
#1811 = DIRECTION ( 'NONE',  ( 0.0000000000000000000, -0.0000000000000000000, 1.000000000000000000 ) ) ;
#1812 = VERTEX_POINT ( 'NONE', #2296 ) ;
#1813 = ADVANCED_FACE ( 'NONE', ( #402 ), #820, .F. ) ;
#1814 = EDGE_LOOP ( 'NONE', ( #856, #60, #132, #1868 ) ) ;
#1815 = LINE ( 'NONE', #980, #396 ) ;
#1816 = CARTESIAN_POINT ( 'NONE',  ( -6.990000000000000213, -0.8699999999999996625, 5.820000000000000284 ) ) ;
#1817 = PLANE ( 'NONE',  #260 ) ;
#1818 = DIRECTION ( 'NONE',  ( 0.0000000000000000000, 1.000000000000000000, 0.0000000000000000000 ) ) ;
#1819 = CARTESIAN_POINT ( 'NONE',  ( -7.290000000000003588, -1.734723475976807094E-15, 7.289999999999999147 ) ) ;
#1820 = CARTESIAN_POINT ( 'NONE',  ( -2.249999999999999556, 5.679999999999999716, 0.5749999999999988454 ) ) ;
#1821 = LINE ( 'NONE', #109, #2060 ) ;
#1822 = CARTESIAN_POINT ( 'NONE',  ( 0.6749999999999996003, 9.299999999999998934, 0.5750000000000006217 ) ) ;
#1823 = VERTEX_POINT ( 'NONE', #2526 ) ;
#1824 = VERTEX_POINT ( 'NONE', #1689 ) ;
#1825 = CARTESIAN_POINT ( 'NONE',  ( -7.819999999999993179, -0.04999999999999955869, 7.820000000000000284 ) ) ;
#1826 = CARTESIAN_POINT ( 'NONE',  ( -0.9100000000000002531, 0.0000000000000000000, 6.990000000000001101 ) ) ;
#1827 = CARTESIAN_POINT ( 'NONE',  ( 7.289999999999999147, -2.318874664278845151E-15, 7.290000000000000036 ) ) ;
#1828 = ORIENTED_EDGE ( 'NONE', *, *, #2464, .T. ) ;
#1829 = EDGE_CURVE ( 'NONE', #1301, #1752, #2511, .T. ) ;
#1830 = EDGE_CURVE ( 'NONE', #2271, #1988, #1878, .T. ) ;
#1831 = VECTOR ( 'NONE', #437, 1000.000000000000000 ) ;
#1832 = LINE ( 'NONE', #106, #2340 ) ;
#1833 = LINE ( 'NONE', #134, #32 ) ;
#1834 = VECTOR ( 'NONE', #891, 1000.000000000000000 ) ;
#1835 = STYLED_ITEM ( 'NONE', ( #2661 ), #160 ) ;
#1836 = VECTOR ( 'NONE', #2272, 1000.000000000000000 ) ;
#1837 = DIRECTION ( 'NONE',  ( -1.000000000000000000, 0.0000000000000000000, -5.507058653894628811E-16 ) ) ;
#1838 = CARTESIAN_POINT ( 'NONE',  ( -4.949999999999999289, -5.599999999999963229, -6.828762922874113952E-16 ) ) ;
#1839 = EDGE_LOOP ( 'NONE', ( #1828, #165, #1489, #2565 ) ) ;
#1840 = ORIENTED_EDGE ( 'NONE', *, *, #888, .F. ) ;
#1841 =( NAMED_UNIT ( * ) PLANE_ANGLE_UNIT ( ) SI_UNIT ( $, .RADIAN. ) );
#1842 = DIRECTION ( 'NONE',  ( 1.000000000000000000, -0.0000000000000000000, 0.0000000000000000000 ) ) ;
#1843 = EDGE_LOOP ( 'NONE', ( #1693, #466, #2125, #2171 ) ) ;
#1844 = FACE_OUTER_BOUND ( 'NONE', #2397, .T. ) ;
#1845 = ORIENTED_EDGE ( 'NONE', *, *, #209, .F. ) ;
#1846 = DIRECTION ( 'NONE',  ( -1.000000000000000000, 0.0000000000000000000, -0.0000000000000000000 ) ) ;
#1847 = ADVANCED_FACE ( 'NONE', ( #2321 ), #1259, .F. ) ;
#1848 = ADVANCED_FACE ( 'NONE', ( #600 ), #1234, .T. ) ;
#1849 = DIRECTION ( 'NONE',  ( 0.0000000000000000000, 0.0000000000000000000, 1.000000000000000000 ) ) ;
#1850 = PLANE ( 'NONE',  #303 ) ;
#1851 = ORIENTED_EDGE ( 'NONE', *, *, #539, .F. ) ;
#1852 = EDGE_CURVE ( 'NONE', #2408, #2426, #1042, .T. ) ;
#1853 = LINE ( 'NONE', #1688, #1350 ) ;
#1854 = DIRECTION ( 'NONE',  ( 0.0000000000000000000, 0.0000000000000000000, 1.000000000000000000 ) ) ;
#1855 = ORIENTED_EDGE ( 'NONE', *, *, #2549, .T. ) ;
#1856 = ORIENTED_EDGE ( 'NONE', *, *, #2249, .T. ) ;
#1857 = CARTESIAN_POINT ( 'NONE',  ( -4.949999999999999289, -7.857179676972450899, -6.828762922874113952E-16 ) ) ;
#1858 = ORIENTED_EDGE ( 'NONE', *, *, #2674, .F. ) ;
#1859 = LINE ( 'NONE', #2716, #1174 ) ;
#1860 = CARTESIAN_POINT ( 'NONE',  ( 3.600000000000000533, 5.349999999999998757, 2.780000000000002469 ) ) ;
#1861 = PLANE ( 'NONE',  #1526 ) ;
#1862 = ORIENTED_EDGE ( 'NONE', *, *, #956, .F. ) ;
#1863 = CARTESIAN_POINT ( 'NONE',  ( -2.600000000000000533, -5.599999999999988987, 5.299999999999998934 ) ) ;
#1864 = EDGE_CURVE ( 'NONE', #1384, #2569, #1665, .T. ) ;
#1865 = DIRECTION ( 'NONE',  ( 0.0000000000000000000, 0.0000000000000000000, 1.000000000000000000 ) ) ;
#1866 = ORIENTED_EDGE ( 'NONE', *, *, #1928, .T. ) ;
#1867 = CARTESIAN_POINT ( 'NONE',  ( -2.819999999999998064, -0.04999999999999975991, -7.820000000000000284 ) ) ;
#1868 = ORIENTED_EDGE ( 'NONE', *, *, #138, .F. ) ;
#1869 = DIRECTION ( 'NONE',  ( -1.000000000000000000, -0.0000000000000000000, 0.0000000000000000000 ) ) ;
#1870 = ORIENTED_EDGE ( 'NONE', *, *, #1014, .T. ) ;
#1871 = DIRECTION ( 'NONE',  ( 1.000000000000000000, 0.0000000000000000000, -0.0000000000000000000 ) ) ;
#1872 = LINE ( 'NONE', #2523, #2200 ) ;
#1873 = ORIENTED_EDGE ( 'NONE', *, *, #1410, .T. ) ;
#1874 = AXIS2_PLACEMENT_3D ( 'NONE', #240, #1705, #2559 ) ;
#1875 = CARTESIAN_POINT ( 'NONE',  ( 0.9100000000000000311, -0.04999999999999997502, -8.165000000000002700 ) ) ;
#1876 = VECTOR ( 'NONE', #807, 1000.000000000000000 ) ;
#1877 = VECTOR ( 'NONE', #2525, 1000.000000000000000 ) ;
#1878 = LINE ( 'NONE', #1030, #301 ) ;
#1879 = ORIENTED_EDGE ( 'NONE', *, *, #2607, .F. ) ;
#1880 = VECTOR ( 'NONE', #180, 1000.000000000000000 ) ;
#1881 = STYLED_ITEM ( 'NONE', ( #1990 ), #969 ) ;
#1882 = EDGE_CURVE ( 'NONE', #877, #245, #2350, .T. ) ;
#1883 = CARTESIAN_POINT ( 'NONE',  ( 2.819999999999999396, -0.8699999999999996625, -6.989999999999999325 ) ) ;
#1884 = EDGE_CURVE ( 'NONE', #1554, #328, #2080, .T. ) ;
#1885 = AXIS2_PLACEMENT_3D ( 'NONE', #814, #623, #1846 ) ;
#1886 = DIRECTION ( 'NONE',  ( 1.000000000000000000, 0.0000000000000000000, 6.424901762877063495E-16 ) ) ;
#1887 = EDGE_LOOP ( 'NONE', ( #2212, #2708, #579, #1954 ) ) ;
#1888 = EDGE_CURVE ( 'NONE', #845, #378, #1277, .T. ) ;
#1889 = CARTESIAN_POINT ( 'NONE',  ( 7.820000000000000284, -0.04999999999999955869, -7.820000000000000284 ) ) ;
#1890 = CARTESIAN_POINT ( 'NONE',  ( 3.835680304720848956E-17, -5.600000000000000533, 3.429011037631034323E-16 ) ) ;
#1891 = ORIENTED_EDGE ( 'NONE', *, *, #584, .T. ) ;
#1892 = CARTESIAN_POINT ( 'NONE',  ( 4.949999999999999289, -7.857179676972450899, -0.8000000000210494289 ) ) ;
#1893 = CARTESIAN_POINT ( 'NONE',  ( 3.835680304720848956E-17, -5.599999999999963229, 3.429011037631034323E-16 ) ) ;
#1894 = VERTEX_POINT ( 'NONE', #660 ) ;
#1895 = PLANE ( 'NONE',  #167 ) ;
#1896 = CARTESIAN_POINT ( 'NONE',  ( 0.9100000000000000311, -0.8699999999999998845, -8.165000000000002700 ) ) ;
#1897 = ORIENTED_EDGE ( 'NONE', *, *, #1767, .F. ) ;
#1898 = LINE ( 'NONE', #1756, #222 ) ;
#1899 = EDGE_CURVE ( 'NONE', #245, #2292, #450, .T. ) ;
#1900 = EDGE_CURVE ( 'NONE', #2043, #48, #287, .T. ) ;
#1901 = CARTESIAN_POINT ( 'NONE',  ( 4.949999999999999289, -7.857179677159820130, -7.047314121155778821E-16 ) ) ;
#1902 = ORIENTED_EDGE ( 'NONE', *, *, #2039, .F. ) ;
#1903 = PLANE ( 'NONE',  #2598 ) ;
#1904 = DIRECTION ( 'NONE',  ( 0.0000000000000000000, 0.0000000000000000000, 1.000000000000000000 ) ) ;
#1905 = ORIENTED_EDGE ( 'NONE', *, *, #1231, .T. ) ;
#1906 = DIRECTION ( 'NONE',  ( -0.0000000000000000000, 1.000000000000000000, 5.656953280976839459E-17 ) ) ;
#1907 = CARTESIAN_POINT ( 'NONE',  ( 3.339999999999999858, -8.550000000000002487, 2.600000000000000533 ) ) ;
#1908 = ORIENTED_EDGE ( 'NONE', *, *, #1395, .F. ) ;
#1909 = EDGE_CURVE ( 'NONE', #628, #1180, #1118, .T. ) ;
#1910 = FACE_OUTER_BOUND ( 'NONE', #2541, .T. ) ;
#1911 = ADVANCED_FACE ( 'NONE', ( #320 ), #2389, .F. ) ;
#1912 = ORIENTED_EDGE ( 'NONE', *, *, #2230, .T. ) ;
#1913 = ORIENTED_EDGE ( 'NONE', *, *, #1190, .T. ) ;
#1914 = VERTEX_POINT ( 'NONE', #2149 ) ;
#1915 = PLANE ( 'NONE',  #2113 ) ;
#1916 = CARTESIAN_POINT ( 'NONE',  ( -7.819999999999993179, -0.04999999999999975298, 0.0000000000000000000 ) ) ;
#1917 = VERTEX_POINT ( 'NONE', #1317 ) ;
#1918 = AXIS2_PLACEMENT_3D ( 'NONE', #1505, #682, #1106 ) ;
#1919 = VECTOR ( 'NONE', #2737, 1000.000000000000000 ) ;
#1920 = CARTESIAN_POINT ( 'NONE',  ( 0.6749999999999998224, 5.680000000000010374, -0.5749999999999995115 ) ) ;
#1921 = ORIENTED_EDGE ( 'NONE', *, *, #1532, .F. ) ;
#1922 = VECTOR ( 'NONE', #1428, 1000.000000000000000 ) ;
#1923 = AXIS2_PLACEMENT_3D ( 'NONE', #831, #1676, #2705 ) ;
#1924 = CARTESIAN_POINT ( 'NONE',  ( 4.949999999999999289, -8.550000000013824319, -7.047314121155778821E-16 ) ) ;
#1925 = ORIENTED_EDGE ( 'NONE', *, *, #2570, .T. ) ;
#1926 = VECTOR ( 'NONE', #232, 1000.000000000000000 ) ;
#1927 = CARTESIAN_POINT ( 'NONE',  ( 0.0000000000000000000, -1.251429515569668993E-15, 7.290000000000000036 ) ) ;
#1928 = EDGE_CURVE ( 'NONE', #1335, #16, #39, .T. ) ;
#1929 = ORIENTED_EDGE ( 'NONE', *, *, #138, .T. ) ;
#1930 = EDGE_CURVE ( 'NONE', #16, #2561, #2210, .T. ) ;
#1931 = EDGE_LOOP ( 'NONE', ( #1908, #1560 ) ) ;
#1932 = CARTESIAN_POINT ( 'NONE',  ( -0.6750000000000001554, 5.679999999999999716, 0.5749999999999995115 ) ) ;
#1933 = PLANE ( 'NONE',  #650 ) ;
#1934 = ADVANCED_FACE ( 'NONE', ( #1359 ), #1933, .T. ) ;
#1935 = PLANE ( 'NONE',  #1263 ) ;
#1936 = ORIENTED_EDGE ( 'NONE', *, *, #107, .F. ) ;
#1937 = CARTESIAN_POINT ( 'NONE',  ( 0.0000000000000000000, -0.8699999999999996625, 7.820000000000000284 ) ) ;
#1938 = CARTESIAN_POINT ( 'NONE',  ( -6.989999999999996660, -2.299999999999998934, 0.0000000000000000000 ) ) ;
#1939 = CARTESIAN_POINT ( 'NONE',  ( 2.819999999999999396, -0.8699999999999997735, -7.820000000000000284 ) ) ;
#1940 = ORIENTED_EDGE ( 'NONE', *, *, #2367, .F. ) ;
#1941 = VERTEX_POINT ( 'NONE', #2165 ) ;
#1942 = DIRECTION ( 'NONE',  ( 0.3815852278422795507, 0.8668708997690860452, 0.3208232488865025989 ) ) ;
#1943 = DIRECTION ( 'NONE',  ( 0.0000000000000000000, 0.8660254037940723348, 0.4999999999833139031 ) ) ;
#1944 = ADVANCED_FACE ( 'NONE', ( #1726 ), #916, .T. ) ;
#1945 = CARTESIAN_POINT ( 'NONE',  ( 2.741013118830739591E-16, -5.600000000000000533, 1.925000000000000488 ) ) ;
#1946 = CARTESIAN_POINT ( 'NONE',  ( -6.370000000000000995, -5.599999999999972999, 6.800000000000000711 ) ) ;
#1947 = ADVANCED_FACE ( 'NONE', ( #495 ), #2581, .F. ) ;
#1948 = ORIENTED_EDGE ( 'NONE', *, *, #453, .F. ) ;
#1949 = CARTESIAN_POINT ( 'NONE',  ( -6.990000000000000213, -0.04999999999999982236, 5.820000000000000284 ) ) ;
#1950 = LINE ( 'NONE', #69, #1786 ) ;
#1951 = PLANE ( 'NONE',  #1134 ) ;
#1952 = ORIENTED_EDGE ( 'NONE', *, *, #605, .T. ) ;
#1953 = ORIENTED_EDGE ( 'NONE', *, *, #52, .F. ) ;
#1954 = ORIENTED_EDGE ( 'NONE', *, *, #756, .F. ) ;
#1955 = CARTESIAN_POINT ( 'NONE',  ( -7.819999999999993179, -0.04999999999999978767, -5.820000000000000284 ) ) ;
#1956 = CARTESIAN_POINT ( 'NONE',  ( -2.249999999999999556, 9.299999999999998934, 0.5749999999999987343 ) ) ;
#1957 = DIRECTION ( 'NONE',  ( 1.000000000000000000, -0.0000000000000000000, 5.507058653894628811E-16 ) ) ;
#1958 = CIRCLE ( 'NONE', #771, 0.8000000000000009326 ) ;
#1959 = CARTESIAN_POINT ( 'NONE',  ( -7.819999999999993179, -0.8699999999999996625, 0.0000000000000000000 ) ) ;
#1960 = ORIENTED_EDGE ( 'NONE', *, *, #2110, .F. ) ;
#1961 = EDGE_CURVE ( 'NONE', #1060, #1980, #2362, .T. ) ;
#1962 = EDGE_LOOP ( 'NONE', ( #1256, #2471, #1290, #236 ) ) ;
#1963 = AXIS2_PLACEMENT_3D ( 'NONE', #876, #1149, #1339 ) ;
#1964 = VECTOR ( 'NONE', #1957, 1000.000000000000000 ) ;
#1965 = DIRECTION ( 'NONE',  ( 0.0000000000000000000, 0.0000000000000000000, -1.000000000000000000 ) ) ;
#1966 = DIRECTION ( 'NONE',  ( -1.240860855491278271E-16, 0.0000000000000000000, -1.000000000000000000 ) ) ;
#1967 = CIRCLE ( 'NONE', #652, 0.8000000000000009326 ) ;
#1968 = VECTOR ( 'NONE', #1077, 1000.000000000000000 ) ;
#1969 = VECTOR ( 'NONE', #1556, 1000.000000000000000 ) ;
#1970 = ADVANCED_FACE ( 'NONE', ( #263 ), #62, .F. ) ;
#1971 = VECTOR ( 'NONE', #31, 1000.000000000000000 ) ;
#1972 = CARTESIAN_POINT ( 'NONE',  ( 2.250000000000001776, 5.680000000000010374, -0.5749999999999987343 ) ) ;
#1973 = VECTOR ( 'NONE', #2119, 1000.000000000000000 ) ;
#1974 = VERTEX_POINT ( 'NONE', #1956 ) ;
#1975 = EDGE_LOOP ( 'NONE', ( #405, #2277, #2252, #1245 ) ) ;
#1976 = CARTESIAN_POINT ( 'NONE',  ( 2.819999999999999396, -0.05000000000000016931, -7.820000000000000284 ) ) ;
#1977 = CARTESIAN_POINT ( 'NONE',  ( 0.9100000000000000311, -0.04999999999999996808, -8.165000000000002700 ) ) ;
#1978 = CARTESIAN_POINT ( 'NONE',  ( 3.600000000000000977, 5.679999999999999716, -2.779999999999997584 ) ) ;
#1979 = CARTESIAN_POINT ( 'NONE',  ( 0.0000000000000000000, 5.350000000000000533, 5.309999999999997833 ) ) ;
#1980 = VERTEX_POINT ( 'NONE', #1095 ) ;
#1981 = ORIENTED_EDGE ( 'NONE', *, *, #189, .T. ) ;
#1982 = LINE ( 'NONE', #2168, #1706 ) ;
#1983 = CARTESIAN_POINT ( 'NONE',  ( -2.600000000000000533, -5.600000000000000533, 5.099999999999999645 ) ) ;
#1984 = EDGE_CURVE ( 'NONE', #953, #1914, #2400, .T. ) ;
#1985 = DIRECTION ( 'NONE',  ( -0.0000000000000000000, -1.000000000000000000, -0.0000000000000000000 ) ) ;
#1986 = ADVANCED_FACE ( 'NONE', ( #1518 ), #2373, .T. ) ;
#1987 = EDGE_LOOP ( 'NONE', ( #2736, #791, #786, #1102 ) ) ;
#1988 = VERTEX_POINT ( 'NONE', #505 ) ;
#1989 = VERTEX_POINT ( 'NONE', #300 ) ;
#1990 = PRESENTATION_STYLE_ASSIGNMENT (( #117 ) ) ;
#1991 = CARTESIAN_POINT ( 'NONE',  ( -7.819999999999993179, -0.04999999999999955869, 7.820000000000000284 ) ) ;
#1992 = LINE ( 'NONE', #761, #826 ) ;
#1993 = DIRECTION ( 'NONE',  ( 1.240860855491278271E-16, -0.0000000000000000000, 1.000000000000000000 ) ) ;
#1994 = VERTEX_POINT ( 'NONE', #1977 ) ;
#1995 = CARTESIAN_POINT ( 'NONE',  ( -0.9099999999999999201, -0.04999999999999982930, 0.0000000000000000000 ) ) ;
#1996 = FACE_OUTER_BOUND ( 'NONE', #1666, .T. ) ;
#1997 = CARTESIAN_POINT ( 'NONE',  ( -2.600000000000000533, -5.600000000000000533, 5.299999999999998934 ) ) ;
#1998 = ORIENTED_EDGE ( 'NONE', *, *, #584, .F. ) ;
#1999 = ORIENTED_EDGE ( 'NONE', *, *, #1205, .F. ) ;
#2000 = ADVANCED_FACE ( 'NONE', ( #96 ), #929, .T. ) ;
#2001 = ADVANCED_FACE ( 'NONE', ( #517 ), #1371, .F. ) ;
#2002 = LINE ( 'NONE', #2666, #1175 ) ;
#2003 = DIRECTION ( 'NONE',  ( 0.0000000000000000000, 0.0000000000000000000, 1.000000000000000000 ) ) ;
#2004 = EDGE_CURVE ( 'NONE', #2365, #913, #2667, .T. ) ;
#2005 = PLANE ( 'NONE',  #1173 ) ;
#2006 = PLANE ( 'NONE',  #429 ) ;
#2007 = EDGE_LOOP ( 'NONE', ( #13, #576, #619, #935 ) ) ;
#2008 = VERTEX_POINT ( 'NONE', #1392 ) ;
#2009 = LINE ( 'NONE', #948, #611 ) ;
#2010 = AXIS2_PLACEMENT_3D ( 'NONE', #622, #1470, #1966 ) ;
#2011 = DIRECTION ( 'NONE',  ( -1.000000000000000000, 0.0000000000000000000, -6.195440985631448415E-16 ) ) ;
#2012 = UNCERTAINTY_MEASURE_WITH_UNIT (LENGTH_MEASURE( 1.000000000000000082E-05 ), #1592, 'distance_accuracy_value', 'NONE');
#2013 = VECTOR ( 'NONE', #1691, 1000.000000000000000 ) ;
#2014 = CARTESIAN_POINT ( 'NONE',  ( -6.989999999999996660, -0.04999999999999975298, 0.0000000000000000000 ) ) ;
#2015 = AXIS2_PLACEMENT_3D ( 'NONE', #2696, #1420, #2273 ) ;
#2016 = AXIS2_PLACEMENT_3D ( 'NONE', #534, #2261, #136 ) ;
#2017 = DIRECTION ( 'NONE',  ( -0.0000000000000000000, -1.000000000000000000, -0.0000000000000000000 ) ) ;
#2018 = VECTOR ( 'NONE', #2564, 1000.000000000000000 ) ;
#2019 =( NAMED_UNIT ( * ) PLANE_ANGLE_UNIT ( ) SI_UNIT ( $, .RADIAN. ) );
#2020 = AXIS2_PLACEMENT_3D ( 'NONE', #1154, #768, #542 ) ;
#2021 = EDGE_CURVE ( 'NONE', #1021, #598, #2546, .T. ) ;
#2022 = LINE ( 'NONE', #147, #169 ) ;
#2023 = PRODUCT_DEFINITION ( 'UNKNOWN', '', #1221, #994 ) ;
#2024 = LINE ( 'NONE', #362, #1572 ) ;
#2025 = CARTESIAN_POINT ( 'NONE',  ( 0.9100000000000000311, -0.8700000000000001066, 8.165000000000002700 ) ) ;
#2026 = ORIENTED_EDGE ( 'NONE', *, *, #271, .T. ) ;
#2027 = EDGE_CURVE ( 'NONE', #2292, #1515, #1809, .T. ) ;
#2028 = ORIENTED_EDGE ( 'NONE', *, *, #1323, .F. ) ;
#2029 = PLANE ( 'NONE',  #2158 ) ;
#2030 = CARTESIAN_POINT ( 'NONE',  ( -0.6750000000000004885, 5.680000000000011262, 2.249999999999999556 ) ) ;
#2031 = PLANE ( 'NONE',  #866 ) ;
#2032 = DIRECTION ( 'NONE',  ( 0.0000000000000000000, 0.0000000000000000000, -1.000000000000000000 ) ) ;
#2033 = PLANE ( 'NONE',  #563 ) ;
#2034 = LINE ( 'NONE', #383, #2330 ) ;
#2035 = CARTESIAN_POINT ( 'NONE',  ( 2.819999999999999396, -0.8699999999999996625, 7.820000000000000284 ) ) ;
#2036 = PLANE ( 'NONE',  #179 ) ;
#2037 = ORIENTED_EDGE ( 'NONE', *, *, #1206, .T. ) ;
#2038 = ORIENTED_EDGE ( 'NONE', *, *, #2263, .T. ) ;
#2039 = EDGE_CURVE ( 'NONE', #420, #1022, #2034, .T. ) ;
#2040 =( NAMED_UNIT ( * ) PLANE_ANGLE_UNIT ( ) SI_UNIT ( $, .RADIAN. ) );
#2041 = LINE ( 'NONE', #1220, #729 ) ;
#2042 = DIRECTION ( 'NONE',  ( -1.000000000000000000, 0.0000000000000000000, -3.212450881438531748E-16 ) ) ;
#2043 = VERTEX_POINT ( 'NONE', #2679 ) ;
#2044 = CARTESIAN_POINT ( 'NONE',  ( -6.989999999999998437, -2.299999999999999822, 6.989999999999998437 ) ) ;
#2045 = DIRECTION ( 'NONE',  ( 0.0000000000000000000, 0.0000000000000000000, -1.000000000000000000 ) ) ;
#2046 = VERTEX_POINT ( 'NONE', #2478 ) ;
#2047 = PLANE ( 'NONE',  #519 ) ;
#2048 = DIRECTION ( 'NONE',  ( 0.0000000000000000000, 1.000000000000000000, 0.0000000000000000000 ) ) ;
#2049 = ORIENTED_EDGE ( 'NONE', *, *, #1461, .F. ) ;
#2050 = ORIENTED_EDGE ( 'NONE', *, *, #226, .F. ) ;
#2051 =( LENGTH_UNIT ( ) NAMED_UNIT ( * ) SI_UNIT ( .MILLI., .METRE. ) );
#2052 = FACE_OUTER_BOUND ( 'NONE', #327, .T. ) ;
#2053 = VERTEX_POINT ( 'NONE', #1580 ) ;
#2054 = EDGE_CURVE ( 'NONE', #801, #364, #2022, .T. ) ;
#2055 = CARTESIAN_POINT ( 'NONE',  ( 7.289999999999990266, -4.572574653389749528E-15, 7.290000000000000036 ) ) ;
#2056 = ORIENTED_EDGE ( 'NONE', *, *, #1760, .T. ) ;
#2057 = VECTOR ( 'NONE', #1006, 1000.000000000000000 ) ;
#2058 = EDGE_CURVE ( 'NONE', #1974, #2008, #986, .T. ) ;
#2059 = VECTOR ( 'NONE', #1327, 1000.000000000000000 ) ;
#2060 = VECTOR ( 'NONE', #960, 1000.000000000000000 ) ;
#2061 = CARTESIAN_POINT ( 'NONE',  ( 6.989999999999999325, -2.299999999999999822, 6.990000000000001101 ) ) ;
#2062 = FACE_OUTER_BOUND ( 'NONE', #1783, .T. ) ;
#2063 = AXIS2_PLACEMENT_3D ( 'NONE', #940, #358, #1808 ) ;
#2064 = VERTEX_POINT ( 'NONE', #555 ) ;
#2065 = VECTOR ( 'NONE', #2048, 1000.000000000000000 ) ;
#2066 = LINE ( 'NONE', #1019, #1877 ) ;
#2067 = CARTESIAN_POINT ( 'NONE',  ( 6.990000000000000213, -0.05000000000000000278, 6.990000000000000213 ) ) ;
#2068 = EDGE_LOOP ( 'NONE', ( #1097, #1145, #873, #1681 ) ) ;
#2069 = EDGE_LOOP ( 'NONE', ( #508, #2276, #2387, #2049 ) ) ;
#2070 = LINE ( 'NONE', #1403, #651 ) ;
#2071 = UNCERTAINTY_MEASURE_WITH_UNIT (LENGTH_MEASURE( 1.000000000000000082E-05 ), #1784, 'distance_accuracy_value', 'NONE');
#2072 = ORIENTED_EDGE ( 'NONE', *, *, #288, .T. ) ;
#2073 = FACE_OUTER_BOUND ( 'NONE', #926, .T. ) ;
#2074 = ORIENTED_EDGE ( 'NONE', *, *, #2128, .T. ) ;
#2075 = CARTESIAN_POINT ( 'NONE',  ( -6.990000000000001990, -0.05000000000000000278, -6.989999999999997549 ) ) ;
#2076 = EDGE_CURVE ( 'NONE', #2633, #244, #1833, .T. ) ;
#2077 = CARTESIAN_POINT ( 'NONE',  ( 7.820000000000000284, -0.8699999999999996625, 0.0000000000000000000 ) ) ;
#2078 = EDGE_LOOP ( 'NONE', ( #2026, #395, #1506, #1418 ) ) ;
#2079 = DIRECTION ( 'NONE',  ( 1.000000000000000000, 0.0000000000000000000, -0.0000000000000000000 ) ) ;
#2080 = LINE ( 'NONE', #2337, #1831 ) ;
#2081 = ORIENTED_EDGE ( 'NONE', *, *, #2584, .T. ) ;
#2082 = CARTESIAN_POINT ( 'NONE',  ( -7.819999999999993179, -0.04999999999999972522, -7.820000000000000284 ) ) ;
#2083 = ORIENTED_EDGE ( 'NONE', *, *, #676, .T. ) ;
#2084 = DIRECTION ( 'NONE',  ( -0.0000000000000000000, -1.000000000000000000, -0.0000000000000000000 ) ) ;
#2085 = DIRECTION ( 'NONE',  ( 0.0000000000000000000, 0.0000000000000000000, 1.000000000000000000 ) ) ;
#2086 = PLANE ( 'NONE',  #1885 ) ;
#2087 = DIRECTION ( 'NONE',  ( -1.000000000000000000, 0.0000000000000000000, 0.0000000000000000000 ) ) ;
#2088 = FACE_OUTER_BOUND ( 'NONE', #2385, .T. ) ;
#2089 = EDGE_CURVE ( 'NONE', #1385, #1989, #2429, .T. ) ;
#2090 = EDGE_LOOP ( 'NONE', ( #884, #1356, #2122, #1044, #1763, #1662, #2683, #2269, #920, #447, #2207, #1076 ) ) ;
#2091 = ORIENTED_EDGE ( 'NONE', *, *, #153, .F. ) ;
#2092 = EDGE_CURVE ( 'NONE', #2064, #2476, #1618, .T. ) ;
#2093 = CARTESIAN_POINT ( 'NONE',  ( 2.819999999999999396, -0.8699999999999996625, 0.0000000000000000000 ) ) ;
#2094 = DIRECTION ( 'NONE',  ( -0.0000000000000000000, 1.000000000000000000, 0.0000000000000000000 ) ) ;
#2095 = EDGE_LOOP ( 'NONE', ( #1360, #235, #1178, #2704 ) ) ;
#2096 = EDGE_LOOP ( 'NONE', ( #2050, #2682, #1690, #22 ) ) ;
#2097 = EDGE_CURVE ( 'NONE', #1989, #855, #2247, .T. ) ;
#2098 = FACE_OUTER_BOUND ( 'NONE', #123, .T. ) ;
#2099 = LINE ( 'NONE', #2302, #84 ) ;
#2100 = ORIENTED_EDGE ( 'NONE', *, *, #1110, .T. ) ;
#2101 = FACE_OUTER_BOUND ( 'NONE', #1533, .T. ) ;
#2102 = DIRECTION ( 'NONE',  ( -0.9828046902865660295, -0.1846481539326269294, 0.0000000000000000000 ) ) ;
#2103 = ORIENTED_EDGE ( 'NONE', *, *, #1494, .F. ) ;
#2104 = AXIS2_PLACEMENT_3D ( 'NONE', #1552, #496, #2377 ) ;
#2105 = EDGE_CURVE ( 'NONE', #655, #2671, #108, .T. ) ;
#2106 = PLANE ( 'NONE',  #1704 ) ;
#2107 = VECTOR ( 'NONE', #1605, 1000.000000000000000 ) ;
#2108 = AXIS2_PLACEMENT_3D ( 'NONE', #1932, #2593, #2173 ) ;
#2109 = FACE_OUTER_BOUND ( 'NONE', #2499, .T. ) ;
#2110 = EDGE_CURVE ( 'NONE', #1609, #2347, #1571, .T. ) ;
#2111 = ORIENTED_EDGE ( 'NONE', *, *, #788, .F. ) ;
#2112 = VECTOR ( 'NONE', #745, 1000.000000000000000 ) ;
#2113 = AXIS2_PLACEMENT_3D ( 'NONE', #37, #875, #1714 ) ;
#2114 = EDGE_CURVE ( 'NONE', #1974, #2443, #118, .T. ) ;
#2115 = DIRECTION ( 'NONE',  ( -0.0000000000000000000, 1.000000000000000000, 0.0000000000000000000 ) ) ;
#2116 = PRESENTATION_LAYER_ASSIGNMENT (  '', '', ( #1835 ) ) ;
#2117 = VECTOR ( 'NONE', #137, 1000.000000000000000 ) ;
#2118 = DIRECTION ( 'NONE',  ( -0.0000000000000000000, -1.000000000000000000, -0.0000000000000000000 ) ) ;
#2119 = DIRECTION ( 'NONE',  ( 0.0000000000000000000, -0.0000000000000000000, 1.000000000000000000 ) ) ;
#2120 = CARTESIAN_POINT ( 'NONE',  ( 3.835680304720848956E-17, -8.550000000013824319, 3.252606517456513302E-16 ) ) ;
#2121 = CARTESIAN_POINT ( 'NONE',  ( 0.0000000000000000000, -0.04999999999999975298, -7.820000000000000284 ) ) ;
#2122 = ORIENTED_EDGE ( 'NONE', *, *, #2637, .F. ) ;
#2123 = DIRECTION ( 'NONE',  ( 1.000000000000000000, -0.0000000000000000000, -1.240860855491278271E-16 ) ) ;
#2124 = CARTESIAN_POINT ( 'NONE',  ( 0.9100000000000000311, -0.04999999999999995420, 6.990000000000001101 ) ) ;
#2125 = ORIENTED_EDGE ( 'NONE', *, *, #979, .T. ) ;
#2126 = DIRECTION ( 'NONE',  ( 0.0000000000000000000, 0.0000000000000000000, 1.000000000000000000 ) ) ;
#2127 = PLANE ( 'NONE',  #1874 ) ;
#2128 = EDGE_CURVE ( 'NONE', #459, #1246, #749, .T. ) ;
#2129 = ADVANCED_FACE ( 'NONE', ( #2466, #1186 ), #342, .F. ) ;
#2130 = CARTESIAN_POINT ( 'NONE',  ( 0.9100000000000000311, -0.04999999999999983624, -6.989999999999999325 ) ) ;
#2131 = ORIENTED_EDGE ( 'NONE', *, *, #997, .F. ) ;
#2132 = CARTESIAN_POINT ( 'NONE',  ( -4.949999999999999289, -5.599999999999963229, 0.8000000000000002665 ) ) ;
#2133 = ORIENTED_EDGE ( 'NONE', *, *, #2643, .T. ) ;
#2134 = ORIENTED_EDGE ( 'NONE', *, *, #2004, .T. ) ;
#2135 = DIRECTION ( 'NONE',  ( -0.0000000000000000000, -0.0000000000000000000, 1.000000000000000000 ) ) ;
#2136 = CARTESIAN_POINT ( 'NONE',  ( -2.819999999999998508, -0.05000000000000016931, -7.820000000000000284 ) ) ;
#2137 = ORIENTED_EDGE ( 'NONE', *, *, #1155, .T. ) ;
#2138 = DIRECTION ( 'NONE',  ( -6.472848790958240707E-17, -0.0000000000000000000, -1.000000000000000000 ) ) ;
#2139 = CARTESIAN_POINT ( 'NONE',  ( 6.990000000000000213, -0.04999999999999983624, 6.990000000000000213 ) ) ;
#2140 = LINE ( 'NONE', #1499, #2539 ) ;
#2141 = EDGE_CURVE ( 'NONE', #1301, #2519, #1408, .T. ) ;
#2142 = EDGE_CURVE ( 'NONE', #609, #94, #161, .T. ) ;
#2143 = FACE_OUTER_BOUND ( 'NONE', #1719, .T. ) ;
#2144 = ADVANCED_FACE ( 'NONE', ( #2490 ), #1861, .T. ) ;
#2145 = ORIENTED_EDGE ( 'NONE', *, *, #1119, .T. ) ;
#2146 = ORIENTED_EDGE ( 'NONE', *, *, #1494, .T. ) ;
#2147 = ORIENTED_EDGE ( 'NONE', *, *, #637, .F. ) ;
#2148 = DIRECTION ( 'NONE',  ( 0.0000000000000000000, 1.000000000000000000, 0.0000000000000000000 ) ) ;
#2149 = CARTESIAN_POINT ( 'NONE',  ( 0.6749999999999996003, 5.680000000000011262, 2.250000000000000444 ) ) ;
#2150 = VECTOR ( 'NONE', #2157, 1000.000000000000000 ) ;
#2151 = VECTOR ( 'NONE', #77, 1000.000000000000000 ) ;
#2152 = DIRECTION ( 'NONE',  ( 0.0000000000000000000, 0.0000000000000000000, -1.000000000000000000 ) ) ;
#2153 = ORIENTED_EDGE ( 'NONE', *, *, #1340, .T. ) ;
#2154 = AXIS2_PLACEMENT_3D ( 'NONE', #434, #2505, #1463 ) ;
#2155 = AXIS2_PLACEMENT_3D ( 'NONE', #1198, #516, #2654 ) ;
#2156 = LINE ( 'NONE', #268, #2202 ) ;
#2157 = DIRECTION ( 'NONE',  ( 0.0000000000000000000, 0.0000000000000000000, 1.000000000000000000 ) ) ;
#2158 = AXIS2_PLACEMENT_3D ( 'NONE', #1825, #141, #2684 ) ;
#2159 = VECTOR ( 'NONE', #1985, 1000.000000000000000 ) ;
#2160 = DIRECTION ( 'NONE',  ( -1.000000000000000000, -0.0000000000000000000, -0.0000000000000000000 ) ) ;
#2161 = ORIENTED_EDGE ( 'NONE', *, *, #2004, .F. ) ;
#2162 = EDGE_CURVE ( 'NONE', #213, #1069, #626, .T. ) ;
#2163 = EDGE_LOOP ( 'NONE', ( #2256, #1573, #1952, #2319, #49, #2596, #989, #274, #1539, #2298, #2717, #1778 ) ) ;
#2164 = FACE_OUTER_BOUND ( 'NONE', #2583, .T. ) ;
#2165 = CARTESIAN_POINT ( 'NONE',  ( -0.9099999999999998090, -0.04999999999999962808, -6.990000000000001101 ) ) ;
#2166 = DIRECTION ( 'NONE',  ( 0.0000000000000000000, -0.0000000000000000000, -1.000000000000000000 ) ) ;
#2167 = DIRECTION ( 'NONE',  ( 0.0000000000000000000, -0.0000000000000000000, 1.000000000000000000 ) ) ;
#2168 = CARTESIAN_POINT ( 'NONE',  ( 2.819999999999999396, 0.0000000000000000000, -6.989999999999999325 ) ) ;
#2169 = DIRECTION ( 'NONE',  ( -0.0000000000000000000, -1.000000000000000000, 0.0000000000000000000 ) ) ;
#2170 = FACE_OUTER_BOUND ( 'NONE', #375, .T. ) ;
#2171 = ORIENTED_EDGE ( 'NONE', *, *, #627, .T. ) ;
#2172 = ORIENTED_EDGE ( 'NONE', *, *, #1123, .T. ) ;
#2173 = DIRECTION ( 'NONE',  ( -1.941854637287470856E-16, 0.0000000000000000000, 1.000000000000000000 ) ) ;
#2174 = ADVANCED_FACE ( 'NONE', ( #2289 ), #2533, .T. ) ;
#2175 = DIRECTION ( 'NONE',  ( 0.0000000000000000000, 1.000000000000000000, 0.0000000000000000000 ) ) ;
#2176 = EDGE_CURVE ( 'NONE', #2043, #2590, #614, .T. ) ;
#2177 = LINE ( 'NONE', #2571, #1390 ) ;
#2178 = ORIENTED_EDGE ( 'NONE', *, *, #119, .F. ) ;
#2179 = EDGE_CURVE ( 'NONE', #2699, #1739, #1038, .T. ) ;
#2180 = ORIENTED_EDGE ( 'NONE', *, *, #539, .T. ) ;
#2181 = CARTESIAN_POINT ( 'NONE',  ( -6.989999999999999325, -0.8699999999999998845, 6.990000000000001101 ) ) ;
#2182 = DIRECTION ( 'NONE',  ( 0.0000000000000000000, 1.000000000000000000, 0.0000000000000000000 ) ) ;
#2183 = CARTESIAN_POINT ( 'NONE',  ( 7.820000000000000284, -0.04999999999999978767, 5.820000000000000284 ) ) ;
#2184 = ORIENTED_EDGE ( 'NONE', *, *, #1884, .F. ) ;
#2185 = VERTEX_POINT ( 'NONE', #399 ) ;
#2186 = ORIENTED_EDGE ( 'NONE', *, *, #1727, .T. ) ;
#2187 = CARTESIAN_POINT ( 'NONE',  ( -3.459999999999999964, -5.599999999999988987, 5.099999999999999645 ) ) ;
#2188 = CARTESIAN_POINT ( 'NONE',  ( -5.121564548122004903E-15, 9.300000000000000711, 0.0000000000000000000 ) ) ;
#2189 = ORIENTED_EDGE ( 'NONE', *, *, #2545, .T. ) ;
#2190 = FACE_OUTER_BOUND ( 'NONE', #2578, .T. ) ;
#2191 = DIRECTION ( 'NONE',  ( 0.0000000000000000000, 0.0000000000000000000, -1.000000000000000000 ) ) ;
#2192 = ORIENTED_EDGE ( 'NONE', *, *, #2608, .T. ) ;
#2193 = ORIENTED_EDGE ( 'NONE', *, *, #2609, .F. ) ;
#2194 = AXIS2_PLACEMENT_3D ( 'NONE', #1562, #2175, #1754 ) ;
#2195 = AXIS2_PLACEMENT_3D ( 'NONE', #155, #1842, #142 ) ;
#2196 = EDGE_CURVE ( 'NONE', #942, #2474, #1230, .T. ) ;
#2197 = LINE ( 'NONE', #1523, #1529 ) ;
#2198 = LINE ( 'NONE', #1938, #2685 ) ;
#2199 = EDGE_CURVE ( 'NONE', #2271, #804, #192, .T. ) ;
#2200 = VECTOR ( 'NONE', #1017, 1000.000000000000000 ) ;
#2201 = AXIS2_PLACEMENT_3D ( 'NONE', #1955, #76, #1338 ) ;
#2202 = VECTOR ( 'NONE', #2484, 1000.000000000000000 ) ;
#2203 =( GEOMETRIC_REPRESENTATION_CONTEXT ( 3 ) GLOBAL_UNCERTAINTY_ASSIGNED_CONTEXT ( ( #2012 ) ) GLOBAL_UNIT_ASSIGNED_CONTEXT ( ( #1592, #2019, #569 ) ) REPRESENTATION_CONTEXT ( 'NONE', 'WORKASPACE' ) );
#2204 = PLANE ( 'NONE',  #2342 ) ;
#2205 = VERTEX_POINT ( 'NONE', #639 ) ;
#2206 = VECTOR ( 'NONE', #2315, 1000.000000000000000 ) ;
#2207 = ORIENTED_EDGE ( 'NONE', *, *, #1673, .F. ) ;
#2208 = ORIENTED_EDGE ( 'NONE', *, *, #1600, .T. ) ;
#2209 = LINE ( 'NONE', #1604, #521 ) ;
#2210 = LINE ( 'NONE', #2615, #1479 ) ;
#2211 = DIRECTION ( 'NONE',  ( -1.000000000000000000, 0.0000000000000000000, -6.195440985631448415E-16 ) ) ;
#2212 = ORIENTED_EDGE ( 'NONE', *, *, #925, .F. ) ;
#2213 = LINE ( 'NONE', #1995, #963 ) ;
#2214 = DIRECTION ( 'NONE',  ( 1.000000000000000000, 0.0000000000000000000, 6.195440985631451373E-16 ) ) ;
#2215 = ADVANCED_FACE ( 'NONE', ( #2088 ), #1472, .T. ) ;
#2216 = EDGE_CURVE ( 'NONE', #663, #2225, #1677, .T. ) ;
#2217 = DIRECTION ( 'NONE',  ( -1.000000000000000000, -0.0000000000000000000, 0.0000000000000000000 ) ) ;
#2218 = ORIENTED_EDGE ( 'NONE', *, *, #1673, .T. ) ;
#2219 = EDGE_CURVE ( 'NONE', #513, #1793, #1872, .T. ) ;
#2220 = ORIENTED_EDGE ( 'NONE', *, *, #2092, .F. ) ;
#2221 = DIRECTION ( 'NONE',  ( 0.0000000000000000000, -0.3470859744479214415, -0.9378333147961512850 ) ) ;
#2222 = DIRECTION ( 'NONE',  ( 1.000000000000000000, -0.0000000000000000000, 3.212450881438531748E-16 ) ) ;
#2223 = CARTESIAN_POINT ( 'NONE',  ( 3.835680304720848956E-17, -8.550000000013824319, 1.525000000015097612 ) ) ;
#2224 = CARTESIAN_POINT ( 'NONE',  ( 6.989999999999997549, 0.0000000000000000000, -6.990000000000000213 ) ) ;
#2225 = VERTEX_POINT ( 'NONE', #2318 ) ;
#2226 = DIRECTION ( 'NONE',  ( -0.0000000000000000000, 0.0000000000000000000, 1.000000000000000000 ) ) ;
#2227 = DIRECTION ( 'NONE',  ( 0.0000000000000000000, 0.0000000000000000000, 1.000000000000000000 ) ) ;
#2228 = ADVANCED_FACE ( 'NONE', ( #419 ), #1255, .T. ) ;
#2229 = FACE_OUTER_BOUND ( 'NONE', #1414, .T. ) ;
#2230 = EDGE_CURVE ( 'NONE', #2205, #1180, #9, .T. ) ;
#2231 = CARTESIAN_POINT ( 'NONE',  ( -4.934999999999997833, 5.350000000000000533, -2.493759736670402481E-15 ) ) ;
#2232 = EDGE_CURVE ( 'NONE', #338, #420, #2706, .T. ) ;
#2233 = DIRECTION ( 'NONE',  ( -0.0000000000000000000, 0.0000000000000000000, -1.000000000000000000 ) ) ;
#2234 = DIRECTION ( 'NONE',  ( 0.0000000000000000000, 1.000000000000000000, 0.0000000000000000000 ) ) ;
#2235 = CARTESIAN_POINT ( 'NONE',  ( -2.249999999999999556, 5.680000000000010374, -0.5750000000000012879 ) ) ;
#2236 = EDGE_LOOP ( 'NONE', ( #1368, #588, #122, #1905 ) ) ;
#2237 = ORIENTED_EDGE ( 'NONE', *, *, #469, .T. ) ;
#2238 = CARTESIAN_POINT ( 'NONE',  ( -0.9100000000000000311, -0.8699999999999998845, -8.165000000000002700 ) ) ;
#2239 = VECTOR ( 'NONE', #1141, 1000.000000000000000 ) ;
#2240 = DIRECTION ( 'NONE',  ( -1.000000000000000000, 0.0000000000000000000, -2.017120320903263751E-15 ) ) ;
#2241 = VECTOR ( 'NONE', #1728, 1000.000000000000000 ) ;
#2242 = FACE_OUTER_BOUND ( 'NONE', #1807, .T. ) ;
#2243 = VECTOR ( 'NONE', #1244, 1000.000000000000000 ) ;
#2244 = VECTOR ( 'NONE', #819, 1000.000000000000000 ) ;
#2245 = DIRECTION ( 'NONE',  ( 0.0000000000000000000, 0.8660254037940723348, 0.4999999999833139031 ) ) ;
#2246 = VECTOR ( 'NONE', #467, 1000.000000000000000 ) ;
#2247 = LINE ( 'NONE', #2638, #349 ) ;
#2248 = ADVANCED_FACE ( 'NONE', ( #2062 ), #1850, .F. ) ;
#2249 = EDGE_CURVE ( 'NONE', #1, #2271, #950, .T. ) ;
#2250 = DIRECTION ( 'NONE',  ( 1.000000000000000000, 0.0000000000000000000, -0.0000000000000000000 ) ) ;
#2251 = FACE_OUTER_BOUND ( 'NONE', #2069, .T. ) ;
#2252 = ORIENTED_EDGE ( 'NONE', *, *, #1366, .T. ) ;
#2253 = VERTEX_POINT ( 'NONE', #379 ) ;
#2254 = LINE ( 'NONE', #168, #2640 ) ;
#2255 = CARTESIAN_POINT ( 'NONE',  ( 0.6749999999999996003, 5.680000000000010374, 0.5750000000000006217 ) ) ;
#2256 = ORIENTED_EDGE ( 'NONE', *, *, #1284, .F. ) ;
#2257 = FACE_OUTER_BOUND ( 'NONE', #1226, .T. ) ;
#2258 = SURFACE_STYLE_FILL_AREA ( #1407 ) ;
#2259 = DIRECTION ( 'NONE',  ( -1.000000000000000000, -0.0000000000000000000, 1.861291283236917653E-16 ) ) ;
#2260 = ADVANCED_FACE ( 'NONE', ( #2242, #1787 ), #551, .F. ) ;
#2261 = DIRECTION ( 'NONE',  ( 0.0000000000000000000, 1.000000000000000000, 0.0000000000000000000 ) ) ;
#2262 = CARTESIAN_POINT ( 'NONE',  ( 0.0000000000000000000, -1.251429515569668993E-15, 0.0000000000000000000 ) ) ;
#2263 = EDGE_CURVE ( 'NONE', #2326, #863, #2436, .T. ) ;
#2264 = ORIENTED_EDGE ( 'NONE', *, *, #2268, .T. ) ;
#2265 = EDGE_LOOP ( 'NONE', ( #92, #1223, #173, #730 ) ) ;
#2266 = APPLICATION_PROTOCOL_DEFINITION ( 'draft international standard', 'automotive_design', 1998, #759 ) ;
#2267 = CARTESIAN_POINT ( 'NONE',  ( -3.459999999999999964, -5.600000000000000533, 5.299999999999997158 ) ) ;
#2268 = EDGE_CURVE ( 'NONE', #328, #1093, #541, .T. ) ;
#2269 = ORIENTED_EDGE ( 'NONE', *, *, #1928, .F. ) ;
#2270 = LINE ( 'NONE', #2255, #2112 ) ;
#2271 = VERTEX_POINT ( 'NONE', #2475 ) ;
#2272 = DIRECTION ( 'NONE',  ( 0.0000000000000000000, -1.000000000000000000, -0.0000000000000000000 ) ) ;
#2273 = DIRECTION ( 'NONE',  ( 0.0000000000000000000, 0.0000000000000000000, 1.000000000000000000 ) ) ;
#2274 = LINE ( 'NONE', #599, #734 ) ;
#2275 = DIRECTION ( 'NONE',  ( 0.0000000000000000000, 1.000000000000000000, 0.0000000000000000000 ) ) ;
#2276 = ORIENTED_EDGE ( 'NONE', *, *, #361, .F. ) ;
#2277 = ORIENTED_EDGE ( 'NONE', *, *, #2110, .T. ) ;
#2278 = PRODUCT_CONTEXT ( 'NONE', #759, 'mechanical' ) ;
#2279 = CARTESIAN_POINT ( 'NONE',  ( 0.9100000000000000311, -0.8699999999999999956, -6.989999999999999325 ) ) ;
#2280 = VERTEX_POINT ( 'NONE', #580 ) ;
#2281 = AXIS2_PLACEMENT_3D ( 'NONE', #2530, #443, #634 ) ;
#2282 = EDGE_CURVE ( 'NONE', #338, #804, #1376, .T. ) ;
#2283 = CARTESIAN_POINT ( 'NONE',  ( 4.935000000000003162, 5.350000000000007638, -5.309999999999998721 ) ) ;
#2284 = FACE_OUTER_BOUND ( 'NONE', #258, .T. ) ;
#2285 = VECTOR ( 'NONE', #849, 1000.000000000000000 ) ;
#2286 = VECTOR ( 'NONE', #346, 1000.000000000000000 ) ;
#2287 = AXIS2_PLACEMENT_3D ( 'NONE', #484, #1318, #899 ) ;
#2288 = LINE ( 'NONE', #1860, #309 ) ;
#2289 = FACE_OUTER_BOUND ( 'NONE', #1490, .T. ) ;
#2290 = VECTOR ( 'NONE', #1224, 1000.000000000000000 ) ;
#2291 = VECTOR ( 'NONE', #2489, 1000.000000000000000 ) ;
#2292 = VERTEX_POINT ( 'NONE', #757 ) ;
#2293 = AXIS2_PLACEMENT_3D ( 'NONE', #1924, #921, #1758 ) ;
#2294 = CIRCLE ( 'NONE', #2509, 0.4000000000308668313 ) ;
#2295 = DIRECTION ( 'NONE',  ( -1.240860855491278271E-16, 0.0000000000000000000, -1.000000000000000000 ) ) ;
#2296 = CARTESIAN_POINT ( 'NONE',  ( 4.949999999999999289, -8.550000000013824319, -0.4000000000308675530 ) ) ;
#2297 = ORIENTED_EDGE ( 'NONE', *, *, #316, .F. ) ;
#2298 = ORIENTED_EDGE ( 'NONE', *, *, #2588, .F. ) ;
#2299 =( NAMED_UNIT ( * ) SI_UNIT ( $, .STERADIAN. ) SOLID_ANGLE_UNIT ( ) );
#2300 = LINE ( 'NONE', #1468, #1348 ) ;
#2301 = VERTEX_POINT ( 'NONE', #2283 ) ;
#2302 = CARTESIAN_POINT ( 'NONE',  ( 4.833051016330686397E-16, -2.299999999999999822, 6.989999999999997549 ) ) ;
#2303 = ORIENTED_EDGE ( 'NONE', *, *, #54, .T. ) ;
#2304 = ADVANCED_FACE ( 'NONE', ( #1387 ), #1817, .T. ) ;
#2305 = DIRECTION ( 'NONE',  ( 0.0000000000000000000, 0.0000000000000000000, -1.000000000000000000 ) ) ;
#2306 = DIRECTION ( 'NONE',  ( 1.000000000000000000, 0.0000000000000000000, -1.861291283236917653E-16 ) ) ;
#2307 = EDGE_CURVE ( 'NONE', #2476, #1079, #2459, .T. ) ;
#2308 = ORIENTED_EDGE ( 'NONE', *, *, #359, .T. ) ;
#2309 = CARTESIAN_POINT ( 'NONE',  ( 0.0000000000000000000, -0.04999999999999975298, -7.820000000000000284 ) ) ;
#2310 = DIRECTION ( 'NONE',  ( 0.0000000000000000000, 0.0000000000000000000, -1.000000000000000000 ) ) ;
#2311 = ORIENTED_EDGE ( 'NONE', *, *, #2502, .T. ) ;
#2312 = LINE ( 'NONE', #452, #2548 ) ;
#2313 = CARTESIAN_POINT ( 'NONE',  ( 0.6749999999999996003, 5.680000000000010374, 2.250000000000000888 ) ) ;
#2314 = DIRECTION ( 'NONE',  ( -1.861291283236917406E-16, -0.0000000000000000000, -1.000000000000000000 ) ) ;
#2315 = DIRECTION ( 'NONE',  ( 1.000000000000000000, -0.0000000000000000000, -1.240860855491278271E-16 ) ) ;
#2316 = ADVANCED_FACE ( 'NONE', ( #2073 ), #2031, .T. ) ;
#2317 = CARTESIAN_POINT ( 'NONE',  ( 6.990000000000000213, -0.04999999999999978073, 5.820000000000000284 ) ) ;
#2318 = CARTESIAN_POINT ( 'NONE',  ( -2.600000000000000533, -8.550000000000002487, 5.099999999999999645 ) ) ;
#2319 = ORIENTED_EDGE ( 'NONE', *, *, #808, .F. ) ;
#2320 = PLANE ( 'NONE',  #175 ) ;
#2321 = FACE_OUTER_BOUND ( 'NONE', #1405, .T. ) ;
#2322 = APPLICATION_CONTEXT ( 'automotive_design' ) ;
#2323 = ORIENTED_EDGE ( 'NONE', *, *, #1585, .F. ) ;
#2324 = PLANE ( 'NONE',  #1170 ) ;
#2325 = CARTESIAN_POINT ( 'NONE',  ( 4.934999999999998721, 5.350000000000000533, 3.491263631338565604E-15 ) ) ;
#2326 = VERTEX_POINT ( 'NONE', #1827 ) ;
#2327 = AXIS2_PLACEMENT_3D ( 'NONE', #1099, #499, #2214 ) ;
#2328 = PLANE ( 'NONE',  #2421 ) ;
#2329 = DIRECTION ( 'NONE',  ( 0.0000000000000000000, 0.0000000000000000000, -1.000000000000000000 ) ) ;
#2330 = VECTOR ( 'NONE', #2451, 1000.000000000000000 ) ;
#2331 = EDGE_LOOP ( 'NONE', ( #1130, #220, #2494, #1459, #567, #747 ) ) ;
#2332 = CIRCLE ( 'NONE', #2287, 0.8000000000000009326 ) ;
#2333 = DIRECTION ( 'NONE',  ( -1.000000000000000000, 0.0000000000000000000, 1.240860855491278271E-16 ) ) ;
#2334 = VECTOR ( 'NONE', #816, 1000.000000000000000 ) ;
#2335 = VECTOR ( 'NONE', #1799, 1000.000000000000000 ) ;
#2336 = EDGE_CURVE ( 'NONE', #717, #1894, #2270, .T. ) ;
#2337 = CARTESIAN_POINT ( 'NONE',  ( 0.0000000000000000000, -0.8699999999999996625, 5.820000000000001172 ) ) ;
#2338 = EDGE_CURVE ( 'NONE', #2613, #213, #1601, .T. ) ;
#2339 = ORIENTED_EDGE ( 'NONE', *, *, #571, .F. ) ;
#2340 = VECTOR ( 'NONE', #748, 1000.000000000000114 ) ;
#2341 = DIRECTION ( 'NONE',  ( 0.0000000000000000000, -1.000000000000000000, 0.0000000000000000000 ) ) ;
#2342 = AXIS2_PLACEMENT_3D ( 'NONE', #758, #924, #2651 ) ;
#2343 = LINE ( 'NONE', #1267, #2552 ) ;
#2344 = FACE_OUTER_BOUND ( 'NONE', #1314, .T. ) ;
#2345 = LINE ( 'NONE', #444, #2117 ) ;
#2346 = DIRECTION ( 'NONE',  ( -0.0000000000000000000, -1.000000000000000000, 0.0000000000000000000 ) ) ;
#2347 = VERTEX_POINT ( 'NONE', #2689 ) ;
#2348 = ORIENTED_EDGE ( 'NONE', *, *, #1153, .F. ) ;
#2349 = DIRECTION ( 'NONE',  ( 0.0000000000000000000, 0.0000000000000000000, -1.000000000000000000 ) ) ;
#2350 = LINE ( 'NONE', #1701, #2417 ) ;
#2351 = ORIENTED_EDGE ( 'NONE', *, *, #1745, .T. ) ;
#2352 = EDGE_CURVE ( 'NONE', #1296, #895, #1207, .T. ) ;
#2353 = DIRECTION ( 'NONE',  ( 0.0000000000000000000, 1.000000000000000000, 0.0000000000000000000 ) ) ;
#2354 = ADVANCED_FACE ( 'NONE', ( #1417 ), #336, .T. ) ;
#2355 = CARTESIAN_POINT ( 'NONE',  ( 7.820000000000000284, -0.04999999999999978767, -5.820000000000000284 ) ) ;
#2356 = LINE ( 'NONE', #242, #471 ) ;
#2357 = ADVANCED_FACE ( 'NONE', ( #1844 ), #2703, .T. ) ;
#2358 = PLANE ( 'NONE',  #1308 ) ;
#2359 = ORIENTED_EDGE ( 'NONE', *, *, #872, .T. ) ;
#2360 = ORIENTED_EDGE ( 'NONE', *, *, #1446, .F. ) ;
#2361 = DIRECTION ( 'NONE',  ( 0.0000000000000000000, 0.0000000000000000000, 1.000000000000000000 ) ) ;
#2362 = LINE ( 'NONE', #463, #1349 ) ;
#2363 = ORIENTED_EDGE ( 'NONE', *, *, #1732, .T. ) ;
#2364 = PLANE ( 'NONE',  #2104 ) ;
#2365 = VERTEX_POINT ( 'NONE', #2487 ) ;
#2366 = CARTESIAN_POINT ( 'NONE',  ( 3.835680304720848956E-17, -5.600000000000000533, -1.924999999999999600 ) ) ;
#2367 = EDGE_CURVE ( 'NONE', #1536, #818, #2446, .T. ) ;
#2368 = DIRECTION ( 'NONE',  ( 0.0000000000000000000, 0.0000000000000000000, -1.000000000000000000 ) ) ;
#2369 = EDGE_LOOP ( 'NONE', ( #2072, #1981, #225, #476 ) ) ;
#2370 = ORIENTED_EDGE ( 'NONE', *, *, #2449, .T. ) ;
#2371 = ORIENTED_EDGE ( 'NONE', *, *, #326, .F. ) ;
#2372 = CARTESIAN_POINT ( 'NONE',  ( 6.989999999999997549, -0.04999999999999982236, -5.820000000000000284 ) ) ;
#2373 = PLANE ( 'NONE',  #1581 ) ;
#2374 = AXIS2_PLACEMENT_3D ( 'NONE', #1495, #1457, #211 ) ;
#2375 = VECTOR ( 'NONE', #2222, 1000.000000000000000 ) ;
#2376 = AXIS2_PLACEMENT_3D ( 'NONE', #750, #1188, #737 ) ;
#2377 = DIRECTION ( 'NONE',  ( 1.000000000000000000, 0.0000000000000000000, -0.0000000000000000000 ) ) ;
#2378 = EDGE_LOOP ( 'NONE', ( #966, #162, #577, #693, #996, #2702 ) ) ;
#2379 = VECTOR ( 'NONE', #133, 1000.000000000000000 ) ;
#2380 = LINE ( 'NONE', #251, #695 ) ;
#2381 = LINE ( 'NONE', #1320, #472 ) ;
#2382 =( GEOMETRIC_REPRESENTATION_CONTEXT ( 3 ) GLOBAL_UNCERTAINTY_ASSIGNED_CONTEXT ( ( #1630 ) ) GLOBAL_UNIT_ASSIGNED_CONTEXT ( ( #2051, #1841, #2299 ) ) REPRESENTATION_CONTEXT ( 'NONE', 'WORKASPACE' ) );
#2383 = DIRECTION ( 'NONE',  ( 0.0000000000000000000, 1.000000000000000000, 0.0000000000000000000 ) ) ;
#2384 = EDGE_CURVE ( 'NONE', #2671, #2408, #28, .T. ) ;
#2385 = EDGE_LOOP ( 'NONE', ( #684, #435, #2495, #536, #1856, #1275 ) ) ;
#2386 = ORIENTED_EDGE ( 'NONE', *, *, #1311, .F. ) ;
#2387 = ORIENTED_EDGE ( 'NONE', *, *, #1343, .F. ) ;
#2388 = DIRECTION ( 'NONE',  ( -1.000000000000000000, -0.0000000000000000000, 0.0000000000000000000 ) ) ;
#2389 = PLANE ( 'NONE',  #1963 ) ;
#2390 = FACE_OUTER_BOUND ( 'NONE', #1843, .T. ) ;
#2391 = LINE ( 'NONE', #2415, #2650 ) ;
#2392 = ORIENTED_EDGE ( 'NONE', *, *, #661, .T. ) ;
#2393 = VERTEX_POINT ( 'NONE', #2130 ) ;
#2394 = CARTESIAN_POINT ( 'NONE',  ( 6.989999999999996660, -2.299999999999999822, 0.0000000000000000000 ) ) ;
#2395 = CARTESIAN_POINT ( 'NONE',  ( -0.9100000000000000311, -0.04999999999999956563, -6.990000000000001990 ) ) ;
#2396 = CARTESIAN_POINT ( 'NONE',  ( -0.9100000000000000311, -0.8699999999999998845, 8.165000000000002700 ) ) ;
#2397 = EDGE_LOOP ( 'NONE', ( #171, #2147, #115, #2386 ) ) ;
#2398 = VERTEX_POINT ( 'NONE', #1483 ) ;
#2399 = PLANE ( 'NONE',  #304 ) ;
#2400 = LINE ( 'NONE', #1135, #2151 ) ;
#2401 = ADVANCED_FACE ( 'NONE', ( #862 ), #15, .F. ) ;
#2402 = DIRECTION ( 'NONE',  ( -0.0000000000000000000, -1.000000000000000000, -0.0000000000000000000 ) ) ;
#2403 = DIRECTION ( 'NONE',  ( -1.000000000000000000, 0.0000000000000000000, -0.0000000000000000000 ) ) ;
#2404 = VERTEX_POINT ( 'NONE', #2500 ) ;
#2405 = DIRECTION ( 'NONE',  ( 0.0000000000000000000, 0.0000000000000000000, -1.000000000000000000 ) ) ;
#2406 = DIRECTION ( 'NONE',  ( 1.000000000000000000, -0.0000000000000000000, 0.0000000000000000000 ) ) ;
#2407 = CARTESIAN_POINT ( 'NONE',  ( -6.990000000000000213, -3.128573788924172482E-16, 6.990000000000001101 ) ) ;
#2408 = VERTEX_POINT ( 'NONE', #1498 ) ;
#2409 = ORIENTED_EDGE ( 'NONE', *, *, #1603, .T. ) ;
#2410 = ORIENTED_EDGE ( 'NONE', *, *, #17, .F. ) ;
#2411 = PLANE ( 'NONE',  #2063 ) ;
#2412 = DIRECTION ( 'NONE',  ( 1.000000000000000000, 0.0000000000000000000, -0.0000000000000000000 ) ) ;
#2413 = DIRECTION ( 'NONE',  ( -0.0000000000000000000, 0.0000000000000000000, 1.000000000000000000 ) ) ;
#2414 = VECTOR ( 'NONE', #889, 1000.000000000000000 ) ;
#2415 = CARTESIAN_POINT ( 'NONE',  ( 2.819999999999999396, -0.04999999999999975298, 0.0000000000000000000 ) ) ;
#2416 = ORIENTED_EDGE ( 'NONE', *, *, #642, .F. ) ;
#2417 = VECTOR ( 'NONE', #2536, 1000.000000000000114 ) ;
#2418 = CARTESIAN_POINT ( 'NONE',  ( -4.949999999999999289, -8.550000000013824319, -7.047314121155778821E-16 ) ) ;
#2419 = LINE ( 'NONE', #323, #907 ) ;
#2420 = VECTOR ( 'NONE', #1458, 1000.000000000000000 ) ;
#2421 = AXIS2_PLACEMENT_3D ( 'NONE', #2695, #789, #1419 ) ;
#2422 = AXIS2_PLACEMENT_3D ( 'NONE', #1838, #386, #2698 ) ;
#2423 = LINE ( 'NONE', #529, #1534 ) ;
#2424 = ORIENTED_EDGE ( 'NONE', *, *, #676, .F. ) ;
#2425 = VECTOR ( 'NONE', #630, 1000.000000000000000 ) ;
#2426 = VERTEX_POINT ( 'NONE', #2518 ) ;
#2427 = EDGE_LOOP ( 'NONE', ( #1577, #2192, #811, #83 ) ) ;
#2428 = PLANE ( 'NONE',  #830 ) ;
#2429 = LINE ( 'NONE', #1991, #910 ) ;
#2430 = FACE_BOUND ( 'NONE', #581, .T. ) ;
#2431 = DIRECTION ( 'NONE',  ( -0.0000000000000000000, -1.000000000000000000, -0.0000000000000000000 ) ) ;
#2432 = VERTEX_POINT ( 'NONE', #1907 ) ;
#2433 = EDGE_CURVE ( 'NONE', #196, #942, #608, .T. ) ;
#2434 = CARTESIAN_POINT ( 'NONE',  ( -3.600000000000000089, 5.679999999999999716, 2.779999999999998916 ) ) ;
#2435 = CARTESIAN_POINT ( 'NONE',  ( 2.741013118830739591E-16, -5.599999999999963229, 1.925000000000000488 ) ) ;
#2436 = LINE ( 'NONE', #2055, #1129 ) ;
#2437 = LINE ( 'NONE', #1351, #1487 ) ;
#2438 = EDGE_LOOP ( 'NONE', ( #589, #1235, #1508, #478 ) ) ;
#2439 = DIRECTION ( 'NONE',  ( 1.000000000000000000, 0.0000000000000000000, -0.0000000000000000000 ) ) ;
#2440 = CARTESIAN_POINT ( 'NONE',  ( 4.200000000000000178, -5.599999999999975664, 2.600000000000000977 ) ) ;
#2441 = DIRECTION ( 'NONE',  ( 0.0000000000000000000, 0.0000000000000000000, -1.000000000000000000 ) ) ;
#2442 = ORIENTED_EDGE ( 'NONE', *, *, #2532, .F. ) ;
#2443 = VERTEX_POINT ( 'NONE', #212 ) ;
#2444 = CARTESIAN_POINT ( 'NONE',  ( 0.0000000000000000000, -0.04999999999999982930, 0.0000000000000000000 ) ) ;
#2445 = DIRECTION ( 'NONE',  ( -1.000000000000000000, 0.0000000000000000000, -0.0000000000000000000 ) ) ;
#2446 = LINE ( 'NONE', #593, #1086 ) ;
#2447 = EDGE_CURVE ( 'NONE', #1249, #111, #1859, .T. ) ;
#2448 = DIRECTION ( 'NONE',  ( 6.123233995532419014E-17, 0.8660254037940723348, -0.4999999999833139031 ) ) ;
#2449 = EDGE_CURVE ( 'NONE', #1793, #1824, #1708, .T. ) ;
#2450 = DIRECTION ( 'NONE',  ( 0.3815852278422791066, -0.8668708997690860452, -0.3208232488865030985 ) ) ;
#2451 = DIRECTION ( 'NONE',  ( 0.0000000000000000000, -0.0000000000000000000, 1.000000000000000000 ) ) ;
#2452 = LINE ( 'NONE', #1780, #1438 ) ;
#2453 = DIRECTION ( 'NONE',  ( -0.0000000000000000000, -1.000000000000000000, -0.0000000000000000000 ) ) ;
#2454 = EDGE_LOOP ( 'NONE', ( #400, #2715, #166, #1567 ) ) ;
#2455 = ORIENTED_EDGE ( 'NONE', *, *, #291, .T. ) ;
#2456 = DIRECTION ( 'NONE',  ( 0.0000000000000000000, -0.0000000000000000000, -1.000000000000000000 ) ) ;
#2457 = PLANE ( 'NONE',  #1570 ) ;
#2458 = VECTOR ( 'NONE', #670, 1000.000000000000000 ) ;
#2459 = LINE ( 'NONE', #394, #2290 ) ;
#2460 = CIRCLE ( 'NONE', #80, 1.925000000000000044 ) ;
#2461 = LINE ( 'NONE', #726, #356 ) ;
#2462 = AXIS2_PLACEMENT_3D ( 'NONE', #1166, #767, #130 ) ;
#2463 = AXIS2_PLACEMENT_3D ( 'NONE', #613, #1451, #2305 ) ;
#2464 = EDGE_CURVE ( 'NONE', #459, #855, #455, .T. ) ;
#2465 = VECTOR ( 'NONE', #1001, 1000.000000000000000 ) ;
#2466 = FACE_OUTER_BOUND ( 'NONE', #1232, .T. ) ;
#2467 = ORIENTED_EDGE ( 'NONE', *, *, #1261, .T. ) ;
#2468 = DIRECTION ( 'NONE',  ( -0.0000000000000000000, -1.000000000000000000, -0.0000000000000000000 ) ) ;
#2469 = LINE ( 'NONE', #762, #2065 ) ;
#2470 = ORIENTED_EDGE ( 'NONE', *, *, #90, .F. ) ;
#2471 = ORIENTED_EDGE ( 'NONE', *, *, #720, .F. ) ;
#2472 = CARTESIAN_POINT ( 'NONE',  ( 2.819999999999999396, -0.04999999999999975991, 7.820000000000000284 ) ) ;
#2473 = DIRECTION ( 'NONE',  ( -0.0000000000000000000, -1.000000000000000000, -0.0000000000000000000 ) ) ;
#2474 = VERTEX_POINT ( 'NONE', #1692 ) ;
#2475 = CARTESIAN_POINT ( 'NONE',  ( -6.989999999999999325, -0.04999999999999982236, -6.989999999999999325 ) ) ;
#2476 = VERTEX_POINT ( 'NONE', #1292 ) ;
#2477 = LINE ( 'NONE', #582, #1836 ) ;
#2478 = CARTESIAN_POINT ( 'NONE',  ( -3.459999999999999964, -8.550000000000002487, 5.099999999999999645 ) ) ;
#2479 = FACE_BOUND ( 'NONE', #307, .T. ) ;
#2480 = ADVANCED_FACE ( 'NONE', ( #187 ), #827, .F. ) ;
#2481 = CARTESIAN_POINT ( 'NONE',  ( -4.949999999999999289, -7.857179677159820130, -0.7999999999128717398 ) ) ;
#2482 = VERTEX_POINT ( 'NONE', #621 ) ;
#2483 = ORIENTED_EDGE ( 'NONE', *, *, #1798, .T. ) ;
#2484 = DIRECTION ( 'NONE',  ( -1.000000000000000000, -0.0000000000000000000, -0.0000000000000000000 ) ) ;
#2485 = DIRECTION ( 'NONE',  ( 1.000000000000000000, 0.0000000000000000000, 6.424901762877063495E-16 ) ) ;
#2486 = ORIENTED_EDGE ( 'NONE', *, *, #997, .T. ) ;
#2487 = CARTESIAN_POINT ( 'NONE',  ( -0.6750000000000002665, 9.299999999999998934, -2.249999999999999556 ) ) ;
#2488 = ORIENTED_EDGE ( 'NONE', *, *, #1014, .F. ) ;
#2489 = DIRECTION ( 'NONE',  ( 0.0000000000000000000, 1.000000000000000000, -0.0000000000000000000 ) ) ;
#2490 = FACE_OUTER_BOUND ( 'NONE', #1521, .T. ) ;
#2491 = VERTEX_POINT ( 'NONE', #1896 ) ;
#2492 = CARTESIAN_POINT ( 'NONE',  ( -2.819999999999998064, -0.04999999999999991257, -6.989999999999999325 ) ) ;
#2493 = DIRECTION ( 'NONE',  ( -1.000000000000000000, 0.0000000000000000000, 0.0000000000000000000 ) ) ;
#2494 = ORIENTED_EDGE ( 'NONE', *, *, #2611, .T. ) ;
#2495 = ORIENTED_EDGE ( 'NONE', *, *, #2039, .T. ) ;
#2496 = ADVANCED_FACE ( 'NONE', ( #647 ), #442, .F. ) ;
#2497 = PLANE ( 'NONE',  #1082 ) ;
#2498 = EDGE_CURVE ( 'NONE', #1091, #1696, #2099, .T. ) ;
#2499 = EDGE_LOOP ( 'NONE', ( #239, #679, #1596, #952 ) ) ;
#2500 = CARTESIAN_POINT ( 'NONE',  ( -3.459999999999999964, -8.550000000000002487, 5.299999999999997158 ) ) ;
#2501 = ORIENTED_EDGE ( 'NONE', *, *, #1830, .T. ) ;
#2502 = EDGE_CURVE ( 'NONE', #244, #1914, #416, .T. ) ;
#2503 = AXIS2_PLACEMENT_3D ( 'NONE', #1248, #858, #644 ) ;
#2504 = LINE ( 'NONE', #1647, #1358 ) ;
#2505 = DIRECTION ( 'NONE',  ( 0.0000000000000000000, 1.000000000000000000, 0.0000000000000000000 ) ) ;
#2506 = AXIS2_PLACEMENT_3D ( 'NONE', #1901, #20, #1088 ) ;
#2507 = ORIENTED_EDGE ( 'NONE', *, *, #787, .F. ) ;
#2508 = MECHANICAL_DESIGN_GEOMETRIC_PRESENTATION_REPRESENTATION (  '', ( #1835 ), #2382 ) ;
#2509 = AXIS2_PLACEMENT_3D ( 'NONE', #1590, #1144, #568 ) ;
#2510 = LINE ( 'NONE', #616, #692 ) ;
#2511 = LINE ( 'NONE', #25, #390 ) ;
#2512 = ORIENTED_EDGE ( 'NONE', *, *, #2216, .F. ) ;
#2513 = SHAPE_DEFINITION_REPRESENTATION ( #1497, #160 ) ;
#2514 = LINE ( 'NONE', #415, #2013 ) ;
#2515 = ADVANCED_FACE ( 'NONE', ( #1239 ), #406, .T. ) ;
#2516 = EDGE_LOOP ( 'NONE', ( #116, #1862, #1913, #2038 ) ) ;
#2517 = EDGE_CURVE ( 'NONE', #727, #378, #6, .T. ) ;
#2518 = CARTESIAN_POINT ( 'NONE',  ( 2.819999999999999396, -0.8699999999999994404, 6.990000000000001101 ) ) ;
#2519 = VERTEX_POINT ( 'NONE', #1469 ) ;
#2520 = CARTESIAN_POINT ( 'NONE',  ( 7.290000000000000036, -1.251429515569668993E-15, 0.0000000000000000000 ) ) ;
#2521 = EDGE_CURVE ( 'NONE', #863, #2301, #1674, .T. ) ;
#2522 = CARTESIAN_POINT ( 'NONE',  ( -6.989999999999996660, -0.04999999999999978767, 5.820000000000000284 ) ) ;
#2523 = CARTESIAN_POINT ( 'NONE',  ( 0.9100000000000002531, 0.0000000000000000000, 6.990000000000001101 ) ) ;
#2524 = ORIENTED_EDGE ( 'NONE', *, *, #2097, .T. ) ;
#2525 = DIRECTION ( 'NONE',  ( -0.0000000000000000000, -1.000000000000000000, -0.0000000000000000000 ) ) ;
#2526 = CARTESIAN_POINT ( 'NONE',  ( -0.9100000000000000311, -0.04999999999999975298, -8.165000000000002700 ) ) ;
#2527 = VERTEX_POINT ( 'NONE', #1282 ) ;
#2528 = DIRECTION ( 'NONE',  ( -1.000000000000000000, -0.0000000000000000000, 0.0000000000000000000 ) ) ;
#2529 = DIRECTION ( 'NONE',  ( -0.0000000000000000000, 0.0000000000000000000, 1.000000000000000000 ) ) ;
#2530 = CARTESIAN_POINT ( 'NONE',  ( 0.0000000000000000000, -0.04999999999999975298, 0.0000000000000000000 ) ) ;
#2531 = DIRECTION ( 'NONE',  ( 0.0000000000000000000, 0.0000000000000000000, 1.000000000000000000 ) ) ;
#2532 = EDGE_CURVE ( 'NONE', #833, #1980, #2343, .T. ) ;
#2533 = CYLINDRICAL_SURFACE ( 'NONE', #562, 1.925000000000000044 ) ;
#2534 = EDGE_LOOP ( 'NONE', ( #618, #531, #2303, #740 ) ) ;
#2535 = DIRECTION ( 'NONE',  ( -0.0000000000000000000, -1.000000000000000000, 0.0000000000000000000 ) ) ;
#2536 = DIRECTION ( 'NONE',  ( -0.1843532454091285355, -0.9812350158872960026, 0.05649534939957123053 ) ) ;
#2537 = ORIENTED_EDGE ( 'NONE', *, *, #661, .F. ) ;
#2538 = CARTESIAN_POINT ( 'NONE',  ( 0.6749999999999998224, 5.679999999999999716, -2.249999999999999112 ) ) ;
#2539 = VECTOR ( 'NONE', #1683, 1000.000000000000000 ) ;
#2540 = DIRECTION ( 'NONE',  ( 0.0000000000000000000, 1.000000000000000000, 0.0000000000000000000 ) ) ;
#2541 = EDGE_LOOP ( 'NONE', ( #1169, #2727, #501, #859, #2524, #1146 ) ) ;
#2542 = CARTESIAN_POINT ( 'NONE',  ( 7.820000000000000284, -0.8699999999999996625, 5.820000000000000284 ) ) ;
#2543 = AXIS2_PLACEMENT_3D ( 'NONE', #1857, #2353, #440 ) ;
#2544 = CARTESIAN_POINT ( 'NONE',  ( 0.0000000000000000000, -0.8699999999999997735, 8.165000000000002700 ) ) ;
#2545 = EDGE_CURVE ( 'NONE', #655, #615, #2604, .T. ) ;
#2546 = CIRCLE ( 'NONE', #2015, 1.525000000015097168 ) ;
#2547 = ORIENTED_EDGE ( 'NONE', *, *, #453, .T. ) ;
#2548 = VECTOR ( 'NONE', #2528, 1000.000000000000000 ) ;
#2549 = EDGE_CURVE ( 'NONE', #1559, #2613, #700, .T. ) ;
#2550 = ORIENTED_EDGE ( 'NONE', *, *, #2216, .T. ) ;
#2551 = DIRECTION ( 'NONE',  ( 0.0000000000000000000, 0.9983466255983596271, -0.05748056329202648473 ) ) ;
#2552 = VECTOR ( 'NONE', #2118, 1000.000000000000000 ) ;
#2553 = VECTOR ( 'NONE', #2079, 1000.000000000000000 ) ;
#2554 = LINE ( 'NONE', #1916, #1876 ) ;
#2555 = ORIENTED_EDGE ( 'NONE', *, *, #1281, .T. ) ;
#2556 =( GEOMETRIC_REPRESENTATION_CONTEXT ( 3 ) GLOBAL_UNCERTAINTY_ASSIGNED_CONTEXT ( ( #2071 ) ) GLOBAL_UNIT_ASSIGNED_CONTEXT ( ( #1784, #2040, #126 ) ) REPRESENTATION_CONTEXT ( 'NONE', 'WORKASPACE' ) );
#2557 = ADVANCED_FACE ( 'NONE', ( #509 ), #1568, .F. ) ;
#2558 = AXIS2_PLACEMENT_3D ( 'NONE', #1889, #191, #1273 ) ;
#2559 = DIRECTION ( 'NONE',  ( 7.800015629392118115E-17, 0.0000000000000000000, -1.000000000000000000 ) ) ;
#2560 = VECTOR ( 'NONE', #1566, 1000.000000000000000 ) ;
#2561 = VERTEX_POINT ( 'NONE', #2139 ) ;
#2562 = DIRECTION ( 'NONE',  ( -0.0000000000000000000, 1.000000000000000000, 5.656953280976839459E-17 ) ) ;
#2563 = ORIENTED_EDGE ( 'NONE', *, *, #753, .T. ) ;
#2564 = DIRECTION ( 'NONE',  ( -0.0000000000000000000, -1.000000000000000000, -0.0000000000000000000 ) ) ;
#2565 = ORIENTED_EDGE ( 'NONE', *, *, #312, .T. ) ;
#2566 = ORIENTED_EDGE ( 'NONE', *, *, #2141, .T. ) ;
#2567 = FACE_OUTER_BOUND ( 'NONE', #2078, .T. ) ;
#2568 = DIRECTION ( 'NONE',  ( 0.0000000000000000000, 0.0000000000000000000, -1.000000000000000000 ) ) ;
#2569 = VERTEX_POINT ( 'NONE', #486 ) ;
#2570 = EDGE_CURVE ( 'NONE', #1917, #1335, #2197, .T. ) ;
#2571 = CARTESIAN_POINT ( 'NONE',  ( -9.666102032661372793E-16, -2.299999999999998490, -6.989999999999997549 ) ) ;
#2572 = EDGE_CURVE ( 'NONE', #364, #2185, #1982, .T. ) ;
#2573 = ORIENTED_EDGE ( 'NONE', *, *, #2384, .T. ) ;
#2574 = CARTESIAN_POINT ( 'NONE',  ( -0.6750000000000000444, 5.680000000000013038, -2.249999999999999556 ) ) ;
#2575 = ORIENTED_EDGE ( 'NONE', *, *, #1343, .T. ) ;
#2576 = CARTESIAN_POINT ( 'NONE',  ( -3.459999999999999964, -5.600000000000000533, 5.099999999999999645 ) ) ;
#2577 = ORIENTED_EDGE ( 'NONE', *, *, #2282, .T. ) ;
#2578 = EDGE_LOOP ( 'NONE', ( #1132, #524, #851, #2507 ) ) ;
#2579 = ORIENTED_EDGE ( 'NONE', *, *, #1092, .T. ) ;
#2580 = CARTESIAN_POINT ( 'NONE',  ( 0.0000000000000000000, -0.04999999999999982930, 0.0000000000000000000 ) ) ;
#2581 = PLANE ( 'NONE',  #1918 ) ;
#2582 = LINE ( 'NONE', #1978, #2458 ) ;
#2583 = EDGE_LOOP ( 'NONE', ( #673, #184, #2193, #1584 ) ) ;
#2584 = EDGE_CURVE ( 'NONE', #1379, #953, #2380, .T. ) ;
#2585 = EDGE_CURVE ( 'NONE', #1545, #1345, #724, .T. ) ;
#2586 = DIRECTION ( 'NONE',  ( 0.0000000000000000000, 1.000000000000000000, 0.0000000000000000000 ) ) ;
#2587 = LINE ( 'NONE', #1983, #253 ) ;
#2588 = EDGE_CURVE ( 'NONE', #877, #1091, #1332, .T. ) ;
#2589 = DIRECTION ( 'NONE',  ( 1.240860855491278271E-16, -0.0000000000000000000, 1.000000000000000000 ) ) ;
#2590 = VERTEX_POINT ( 'NONE', #1111 ) ;
#2591 = VERTEX_POINT ( 'NONE', #2181 ) ;
#2592 = VERTEX_POINT ( 'NONE', #1949 ) ;
#2593 = DIRECTION ( 'NONE',  ( -1.000000000000000000, 0.0000000000000000000, -1.941854637287470856E-16 ) ) ;
#2594 = DIRECTION ( 'NONE',  ( -1.000000000000000000, 0.0000000000000000000, -0.0000000000000000000 ) ) ;
#2595 = VECTOR ( 'NONE', #2152, 1000.000000000000000 ) ;
#2596 = ORIENTED_EDGE ( 'NONE', *, *, #938, .F. ) ;
#2597 = VECTOR ( 'NONE', #696, 1000.000000000000000 ) ;
#2598 = AXIS2_PLACEMENT_3D ( 'NONE', #2580, #681, #479 ) ;
#2599 = DIRECTION ( 'NONE',  ( 6.796920441866968146E-17, -0.05748056329202650555, 0.9983466255983597382 ) ) ;
#2600 = PLANE ( 'NONE',  #315 ) ;
#2601 = ORIENTED_EDGE ( 'NONE', *, *, #377, .T. ) ;
#2602 = VECTOR ( 'NONE', #995, 1000.000000000000000 ) ;
#2603 = VECTOR ( 'NONE', #233, 1000.000000000000000 ) ;
#2604 = LINE ( 'NONE', #1937, #174 ) ;
#2605 = FACE_OUTER_BOUND ( 'NONE', #26, .T. ) ;
#2606 = CONICAL_SURFACE ( 'NONE', #483, 1.925000000028375791, 0.5235987756145586980 ) ;
#2607 = EDGE_CURVE ( 'NONE', #2347, #1609, #1051, .T. ) ;
#2608 = EDGE_CURVE ( 'NONE', #392, #609, #685, .T. ) ;
#2609 = EDGE_CURVE ( 'NONE', #1980, #818, #1967, .T. ) ;
#2610 = CARTESIAN_POINT ( 'NONE',  ( 0.6749999999999998224, 5.679999999999999716, -0.5749999999999995115 ) ) ;
#2611 = EDGE_CURVE ( 'NONE', #364, #1249, #313, .T. ) ;
#2612 = ORIENTED_EDGE ( 'NONE', *, *, #808, .T. ) ;
#2613 = VERTEX_POINT ( 'NONE', #2574 ) ;
#2614 = LINE ( 'NONE', #706, #432 ) ;
#2615 = CARTESIAN_POINT ( 'NONE',  ( 6.990000000000000213, 0.0000000000000000000, 6.990000000000000213 ) ) ;
#2616 = LINE ( 'NONE', #1945, #1527 ) ;
#2617 = VERTEX_POINT ( 'NONE', #1140 ) ;
#2618 = CARTESIAN_POINT ( 'NONE',  ( 6.370000000000001883, -5.599999999999972999, 6.800000000000000711 ) ) ;
#2619 = CARTESIAN_POINT ( 'NONE',  ( 7.820000000000000284, -0.04999999999999978767, 5.820000000000000284 ) ) ;
#2620 = LINE ( 'NONE', #1972, #874 ) ;
#2621 = ORIENTED_EDGE ( 'NONE', *, *, #2521, .T. ) ;
#2622 = EDGE_LOOP ( 'NONE', ( #669, #465, #839, #1658 ) ) ;
#2623 = ADVANCED_FACE ( 'NONE', ( #903 ), #45, .T. ) ;
#2624 = ORIENTED_EDGE ( 'NONE', *, *, #1563, .F. ) ;
#2625 = LINE ( 'NONE', #1517, #1744 ) ;
#2626 = DIRECTION ( 'NONE',  ( 0.0000000000000000000, 0.0000000000000000000, 1.000000000000000000 ) ) ;
#2627 = CARTESIAN_POINT ( 'NONE',  ( 0.9099999999999999201, -0.04999999999999982930, 0.0000000000000000000 ) ) ;
#2628 = LINE ( 'NONE', #1271, #1926 ) ;
#2629 = ORIENTED_EDGE ( 'NONE', *, *, #2584, .F. ) ;
#2630 = DIRECTION ( 'NONE',  ( -1.000000000000000000, 0.0000000000000000000, -3.212450881438531748E-16 ) ) ;
#2631 = PLANE ( 'NONE',  #2327 ) ;
#2632 = CARTESIAN_POINT ( 'NONE',  ( -0.6749999999999998224, 5.679999999999999716, -2.249999999999999556 ) ) ;
#2633 = VERTEX_POINT ( 'NONE', #1304 ) ;
#2634 = ORIENTED_EDGE ( 'NONE', *, *, #1829, .F. ) ;
#2635 = EDGE_LOOP ( 'NONE', ( #2658, #1287, #2409, #2091 ) ) ;
#2636 = CARTESIAN_POINT ( 'NONE',  ( -7.819999999999993179, -0.04999999999999978073, -5.820000000000000284 ) ) ;
#2637 = EDGE_CURVE ( 'NONE', #1103, #1091, #674, .T. ) ;
#2638 = CARTESIAN_POINT ( 'NONE',  ( 0.0000000000000000000, -0.04999999999999975298, 7.820000000000000284 ) ) ;
#2639 = CARTESIAN_POINT ( 'NONE',  ( 0.0000000000000000000, -0.04999999999999975298, 7.820000000000000284 ) ) ;
#2640 = VECTOR ( 'NONE', #2226, 1000.000000000000000 ) ;
#2641 = CARTESIAN_POINT ( 'NONE',  ( -6.990000000000001990, -0.8699999999999997735, -6.989999999999997549 ) ) ;
#2642 = ORIENTED_EDGE ( 'NONE', *, *, #2585, .T. ) ;
#2643 = EDGE_CURVE ( 'NONE', #1812, #1060, #564, .T. ) ;
#2644 = AXIS2_PLACEMENT_3D ( 'NONE', #1893, #617, #2310 ) ;
#2645 = VECTOR ( 'NONE', #1067, 1000.000000000000000 ) ;
#2646 = FACE_OUTER_BOUND ( 'NONE', #186, .T. ) ;
#2647 = VECTOR ( 'NONE', #410, 1000.000000000000000 ) ;
#2648 = VECTOR ( 'NONE', #1500, 1000.000000000000000 ) ;
#2649 = CARTESIAN_POINT ( 'NONE',  ( -2.819999999999998508, -0.05000000000000016237, -7.820000000000000284 ) ) ;
#2650 = VECTOR ( 'NONE', #2167, 1000.000000000000000 ) ;
#2651 = DIRECTION ( 'NONE',  ( 0.0000000000000000000, -0.0000000000000000000, 1.000000000000000000 ) ) ;
#2652 = ORIENTED_EDGE ( 'NONE', *, *, #1547, .F. ) ;
#2653 = VERTEX_POINT ( 'NONE', #880 ) ;
#2654 = DIRECTION ( 'NONE',  ( 0.0000000000000000000, 0.0000000000000000000, 1.000000000000000000 ) ) ;
#2655 = DIRECTION ( 'NONE',  ( -0.0000000000000000000, -0.0000000000000000000, -1.000000000000000000 ) ) ;
#2656 = FACE_OUTER_BOUND ( 'NONE', #2095, .T. ) ;
#2657 = FACE_OUTER_BOUND ( 'NONE', #1702, .T. ) ;
#2658 = ORIENTED_EDGE ( 'NONE', *, *, #2232, .F. ) ;
#2659 = VERTEX_POINT ( 'NONE', #2618 ) ;
#2660 = EDGE_CURVE ( 'NONE', #196, #2398, #1720, .T. ) ;
#2661 = PRESENTATION_STYLE_ASSIGNMENT (( #334 ) ) ;
#2662 = DIRECTION ( 'NONE',  ( 0.0000000000000000000, 1.000000000000000000, 0.0000000000000000000 ) ) ;
#2663 = EDGE_CURVE ( 'NONE', #2527, #392, #2156, .T. ) ;
#2664 = CARTESIAN_POINT ( 'NONE',  ( -4.949999999999999289, -5.600000000000000533, 0.8000000000000002665 ) ) ;
#2665 = LINE ( 'NONE', #1406, #89 ) ;
#2666 = CARTESIAN_POINT ( 'NONE',  ( 3.339999999999999858, -5.600000000000000533, 2.600000000000000533 ) ) ;
#2667 = LINE ( 'NONE', #1171, #2375 ) ;
#2668 = DIRECTION ( 'NONE',  ( 0.0000000000000000000, -0.0000000000000000000, 1.000000000000000000 ) ) ;
#2669 = FACE_BOUND ( 'NONE', #59, .T. ) ;
#2670 = ORIENTED_EDGE ( 'NONE', *, *, #1461, .T. ) ;
#2671 = VERTEX_POINT ( 'NONE', #2472 ) ;
#2672 = DIRECTION ( 'NONE',  ( -0.0000000000000000000, 1.000000000000000000, 0.0000000000000000000 ) ) ;
#2673 = LINE ( 'NONE', #2267, #2057 ) ;
#2674 = EDGE_CURVE ( 'NONE', #2280, #2225, #2009, .T. ) ;
#2675 = DIRECTION ( 'NONE',  ( -1.000000000000000000, 0.0000000000000000000, 0.0000000000000000000 ) ) ;
#2676 = DIRECTION ( 'NONE',  ( 0.0000000000000000000, -0.0000000000000000000, 1.000000000000000000 ) ) ;
#2677 = ADVANCED_FACE ( 'NONE', ( #780 ), #2029, .F. ) ;
#2678 = DIRECTION ( 'NONE',  ( -3.420795249204944227E-16, 1.505789310631334391E-16, 1.000000000000000000 ) ) ;
#2679 = CARTESIAN_POINT ( 'NONE',  ( -2.819999999999998064, -0.8699999999999994404, -6.989999999999999325 ) ) ;
#2680 = PLANE ( 'NONE',  #2376 ) ;
#2681 = CARTESIAN_POINT ( 'NONE',  ( -2.819999999999998508, 0.0000000000000000000, 6.990000000000001101 ) ) ;
#2682 = ORIENTED_EDGE ( 'NONE', *, *, #156, .T. ) ;
#2683 = ORIENTED_EDGE ( 'NONE', *, *, #1930, .F. ) ;
#2684 = DIRECTION ( 'NONE',  ( -1.000000000000000000, 0.0000000000000000000, -0.0000000000000000000 ) ) ;
#2685 = VECTOR ( 'NONE', #314, 1000.000000000000000 ) ;
#2686 = CARTESIAN_POINT ( 'NONE',  ( 3.835680304720848956E-17, -5.599999999999963229, 3.429011037631034323E-16 ) ) ;
#2687 = AXIS2_PLACEMENT_3D ( 'NONE', #1476, #835, #1466 ) ;
#2688 = VECTOR ( 'NONE', #632, 1000.000000000000000 ) ;
#2689 = CARTESIAN_POINT ( 'NONE',  ( -4.949999999999999289, -8.550000000013824319, 0.4000000000308661097 ) ) ;
#2690 = ORIENTED_EDGE ( 'NONE', *, *, #457, .F. ) ;
#2691 = VECTOR ( 'NONE', #144, 1000.000000000000000 ) ;
#2692 = VECTOR ( 'NONE', #2388, 1000.000000000000000 ) ;
#2693 = VECTOR ( 'NONE', #1558, 1000.000000000000000 ) ;
#2694 = ADVANCED_FACE ( 'NONE', ( #1628 ), #1181, .F. ) ;
#2695 = CARTESIAN_POINT ( 'NONE',  ( 0.0000000000000000000, 5.350000000000014744, 0.0000000000000000000 ) ) ;
#2696 = CARTESIAN_POINT ( 'NONE',  ( 3.835680304720848956E-17, -8.550000000013824319, 3.252606517456513302E-16 ) ) ;
#2697 = LINE ( 'NONE', #1638, #2731 ) ;
#2698 = DIRECTION ( 'NONE',  ( 0.0000000000000000000, 0.0000000000000000000, -1.000000000000000000 ) ) ;
#2699 = VERTEX_POINT ( 'NONE', #2238 ) ;
#2700 = ORIENTED_EDGE ( 'NONE', *, *, #1864, .F. ) ;
#2701 = LINE ( 'NONE', #992, #514 ) ;
#2702 = ORIENTED_EDGE ( 'NONE', *, *, #1650, .T. ) ;
#2703 = PLANE ( 'NONE',  #1792 ) ;
#2704 = ORIENTED_EDGE ( 'NONE', *, *, #492, .F. ) ;
#2705 = DIRECTION ( 'NONE',  ( 0.0000000000000000000, 0.0000000000000000000, -1.000000000000000000 ) ) ;
#2706 = LINE ( 'NONE', #2121, #1668 ) ;
#2707 = EDGE_CURVE ( 'NONE', #1717, #2482, #1815, .T. ) ;
#2708 = ORIENTED_EDGE ( 'NONE', *, *, #1241, .F. ) ;
#2709 = EDGE_CURVE ( 'NONE', #559, #210, #1364, .T. ) ;
#2710 = CARTESIAN_POINT ( 'NONE',  ( 2.250000000000000444, 9.300000000000000711, 0.5750000000000011768 ) ) ;
#2711 = LINE ( 'NONE', #1583, #41 ) ;
#2712 = ORIENTED_EDGE ( 'NONE', *, *, #2502, .F. ) ;
#2713 = EDGE_CURVE ( 'NONE', #1941, #1823, #2213, .T. ) ;
#2714 = LINE ( 'NONE', #646, #2688 ) ;
#2715 = ORIENTED_EDGE ( 'NONE', *, *, #1231, .F. ) ;
#2716 = CARTESIAN_POINT ( 'NONE',  ( 2.819999999999999396, -0.05000000000000016931, -7.820000000000000284 ) ) ;
#2717 = ORIENTED_EDGE ( 'NONE', *, *, #35, .T. ) ;
#2718 = CARTESIAN_POINT ( 'NONE',  ( 7.289999999999997371, -1.419302513560949829E-15, -7.289999999999999147 ) ) ;
#2719 = DIRECTION ( 'NONE',  ( -0.0000000000000000000, 0.0000000000000000000, -1.000000000000000000 ) ) ;
#2720 = ORIENTED_EDGE ( 'NONE', *, *, #2433, .T. ) ;
#2721 = DIRECTION ( 'NONE',  ( 1.000000000000000000, 0.0000000000000000000, -1.861291283236917653E-16 ) ) ;
#2722 = FACE_OUTER_BOUND ( 'NONE', #428, .T. ) ;
#2723 = ADVANCED_FACE ( 'NONE', ( #765 ), #2606, .T. ) ;
#2724 = ORIENTED_EDGE ( 'NONE', *, *, #2092, .T. ) ;
#2725 = CARTESIAN_POINT ( 'NONE',  ( -3.599999999999999201, 5.350000000000011191, -2.780000000000000249 ) ) ;
#2726 = ADVANCED_FACE ( 'NONE', ( #1642 ), #967, .F. ) ;
#2727 = ORIENTED_EDGE ( 'NONE', *, *, #1105, .T. ) ;
#2728 = CARTESIAN_POINT ( 'NONE',  ( -2.819999999999998508, -0.05000000000000016931, 7.820000000000000284 ) ) ;
#2729 = VECTOR ( 'NONE', #2240, 1000.000000000000000 ) ;
#2730 = VECTOR ( 'NONE', #238, 1000.000000000000000 ) ;
#2731 = VECTOR ( 'NONE', #1679, 1000.000000000000000 ) ;
#2732 = DIRECTION ( 'NONE',  ( 0.0000000000000000000, 0.0000000000000000000, 1.000000000000000000 ) ) ;
#2733 = DIRECTION ( 'NONE',  ( 0.0000000000000000000, 0.0000000000000000000, -1.000000000000000000 ) ) ;
#2734 = VECTOR ( 'NONE', #427, 1000.000000000000000 ) ;
#2735 = AXIS2_PLACEMENT_3D ( 'NONE', #2522, #2732, #625 ) ;
#2736 = ORIENTED_EDGE ( 'NONE', *, *, #2076, .T. ) ;
#2737 = DIRECTION ( 'NONE',  ( 0.0000000000000000000, -0.0000000000000000000, 1.000000000000000000 ) ) ;
#2738 = CARTESIAN_POINT ( 'NONE',  ( 2.819999999999999396, 0.0000000000000000000, 6.990000000000001101 ) ) ;
ENDSEC;
END-ISO-10303-21;
