ISO-10303-21;
HEADER;
FILE_DESCRIPTION (( 'STEP AP214' ),
    '1' );
FILE_NAME ('703EB0B7-2396-4051-91D3-946B22CEEB90.STEP',
    '2026-05-14T01:46:00',
    ( '' ),
    ( '' ),
    'SwSTEP 2.0',
    'SolidWorks 2022',
    '' );
FILE_SCHEMA (( 'AUTOMOTIVE_DESIGN' ));
ENDSEC;

DATA;
#1 = SURFACE_SIDE_STYLE ('',( #1229 ) ) ;
#2 = VERTEX_POINT ( 'NONE', #259 ) ;
#3 = DIRECTION ( 'NONE',  ( 0.0000000000000000000, 9.462128050782580924E-16, -1.000000000000000000 ) ) ;
#4 = ORIENTED_EDGE ( 'NONE', *, *, #937, .T. ) ;
#5 = PLANE ( 'NONE',  #119 ) ;
#6 = DIRECTION ( 'NONE',  ( -1.000000000000000000, -5.929230630780099908E-17, 0.0000000000000000000 ) ) ;
#7 = ORIENTED_EDGE ( 'NONE', *, *, #886, .F. ) ;
#8 = EDGE_CURVE ( 'NONE', #229, #939, #1041, .T. ) ;
#9 = FACE_OUTER_BOUND ( 'NONE', #962, .T. ) ;
#10 = ADVANCED_FACE ( 'NONE', ( #752 ), #876, .T. ) ;
#11 = ORIENTED_EDGE ( 'NONE', *, *, #1367, .F. ) ;
#12 =( NAMED_UNIT ( * ) SI_UNIT ( $, .STERADIAN. ) SOLID_ANGLE_UNIT ( ) );
#13 = DIRECTION ( 'NONE',  ( -2.168404344971010347E-16, 1.000000000000000000, 0.0000000000000000000 ) ) ;
#14 = VECTOR ( 'NONE', #97, 1000.000000000000000 ) ;
#15 = AXIS2_PLACEMENT_3D ( 'NONE', #291, #408, #1084 ) ;
#16 = CARTESIAN_POINT ( 'NONE',  ( -0.2500000000000000000, -0.4500000000000000666, 0.1749999999999999889 ) ) ;
#17 = MECHANICAL_DESIGN_GEOMETRIC_PRESENTATION_REPRESENTATION (  '', ( #715 ), #651 ) ;
#18 = VECTOR ( 'NONE', #1425, 1000.000000000000000 ) ;
#19 = ORIENTED_EDGE ( 'NONE', *, *, #937, .F. ) ;
#20 = VECTOR ( 'NONE', #461, 1000.000000000000000 ) ;
#21 = CARTESIAN_POINT ( 'NONE',  ( -0.1999999999999999833, -0.3400000000000000244, 0.2999999999999999889 ) ) ;
#22 = EDGE_LOOP ( 'NONE', ( #1466, #160, #147, #618 ) ) ;
#23 = EDGE_CURVE ( 'NONE', #379, #939, #397, .T. ) ;
#24 = LINE ( 'NONE', #705, #1410 ) ;
#25 = FACE_OUTER_BOUND ( 'NONE', #151, .T. ) ;
#26 = DIRECTION ( 'NONE',  ( 1.000000000000000000, -0.0000000000000000000, 0.0000000000000000000 ) ) ;
#27 = ORIENTED_EDGE ( 'NONE', *, *, #1197, .T. ) ;
#28 = SURFACE_STYLE_USAGE ( .BOTH. , #1341 ) ;
#29 = ORIENTED_EDGE ( 'NONE', *, *, #275, .F. ) ;
#30 = FACE_OUTER_BOUND ( 'NONE', #406, .T. ) ;
#31 =( NAMED_UNIT ( * ) PLANE_ANGLE_UNIT ( ) SI_UNIT ( $, .RADIAN. ) );
#32 = EDGE_CURVE ( 'NONE', #334, #41, #72, .T. ) ;
#33 = ORIENTED_EDGE ( 'NONE', *, *, #1020, .F. ) ;
#34 = DIRECTION ( 'NONE',  ( 0.0000000000000000000, 1.000000000000000000, 0.0000000000000000000 ) ) ;
#35 = CARTESIAN_POINT ( 'NONE',  ( 0.2500000000000000000, -0.4500000000000000666, 0.1749999999999999889 ) ) ;
#36 = EDGE_CURVE ( 'NONE', #1025, #1275, #293, .T. ) ;
#37 = AXIS2_PLACEMENT_3D ( 'NONE', #1021, #129, #1458 ) ;
#38 = VECTOR ( 'NONE', #639, 1000.000000000000000 ) ;
#39 = ADVANCED_FACE ( 'NONE', ( #632 ), #523, .T. ) ;
#40 = VECTOR ( 'NONE', #700, 1000.000000000000114 ) ;
#41 = VERTEX_POINT ( 'NONE', #1102 ) ;
#42 = AXIS2_PLACEMENT_3D ( 'NONE', #64, #98, #1078 ) ;
#43 = PLANE ( 'NONE',  #116 ) ;
#44 = MECHANICAL_DESIGN_GEOMETRIC_PRESENTATION_REPRESENTATION (  '', ( #934 ), #1288 ) ;
#45 = ORIENTED_EDGE ( 'NONE', *, *, #1462, .F. ) ;
#46 = VECTOR ( 'NONE', #117, 1000.000000000000000 ) ;
#47 = CARTESIAN_POINT ( 'NONE',  ( 0.2429999999999999938, -0.3199999999999999512, 0.2999999999999999334 ) ) ;
#48 = DIRECTION ( 'NONE',  ( -0.0000000000000000000, -1.000000000000000000, 0.0000000000000000000 ) ) ;
#49 = ORIENTED_EDGE ( 'NONE', *, *, #337, .F. ) ;
#50 = ADVANCED_FACE ( 'NONE', ( #988 ), #218, .T. ) ;
#51 = FACE_OUTER_BOUND ( 'NONE', #609, .T. ) ;
#52 = VERTEX_POINT ( 'NONE', #903 ) ;
#53 = PRESENTATION_STYLE_ASSIGNMENT (( #1398 ) ) ;
#54 = VERTEX_POINT ( 'NONE', #1453 ) ;
#55 = CARTESIAN_POINT ( 'NONE',  ( 0.2500000000000000000, 0.3400000000000000244, 0.1749999999999999889 ) ) ;
#56 = EDGE_CURVE ( 'NONE', #1025, #54, #330, .T. ) ;
#57 = DIRECTION ( 'NONE',  ( 1.000000000000000000, 0.0000000000000000000, -0.0000000000000000000 ) ) ;
#58 = DIRECTION ( 'NONE',  ( 0.0000000000000000000, -0.7071067811865480168, 0.7071067811865470176 ) ) ;
#59 = DIRECTION ( 'NONE',  ( -1.000000000000000000, -0.0000000000000000000, 0.0000000000000000000 ) ) ;
#60 = ORIENTED_EDGE ( 'NONE', *, *, #1009, .F. ) ;
#61 = FACE_OUTER_BOUND ( 'NONE', #993, .T. ) ;
#62 = VECTOR ( 'NONE', #1076, 1000.000000000000000 ) ;
#63 = VECTOR ( 'NONE', #905, 1000.000000000000000 ) ;
#64 = CARTESIAN_POINT ( 'NONE',  ( -0.2000000000000000111, 0.3400000000000000244, 0.3499999999999999778 ) ) ;
#65 = CARTESIAN_POINT ( 'NONE',  ( 0.2429999999999999938, 0.2899999999999999800, 0.3300000000000000155 ) ) ;
#66 = COLOUR_RGB ( '',0.03921568627450980338, 0.03921568627450980338, 0.03921568627450980338 ) ;
#67 = EDGE_CURVE ( 'NONE', #1377, #439, #1129, .T. ) ;
#68 = FACE_OUTER_BOUND ( 'NONE', #475, .T. ) ;
#69 = LINE ( 'NONE', #519, #819 ) ;
#70 = ORIENTED_EDGE ( 'NONE', *, *, #990, .T. ) ;
#71 = CARTESIAN_POINT ( 'NONE',  ( 0.0000000000000000000, 0.5000000000000000000, 0.3499999999999999778 ) ) ;
#72 = LINE ( 'NONE', #176, #672 ) ;
#73 = PLANE ( 'NONE',  #161 ) ;
#74 =( LENGTH_UNIT ( ) NAMED_UNIT ( * ) SI_UNIT ( .MILLI., .METRE. ) );
#75 = DIRECTION ( 'NONE',  ( 0.0000000000000000000, -0.0000000000000000000, -1.000000000000000000 ) ) ;
#76 = PLANE ( 'NONE',  #914 ) ;
#77 = EDGE_CURVE ( 'NONE', #358, #913, #342, .T. ) ;
#78 = CARTESIAN_POINT ( 'NONE',  ( 0.2500000000000000000, 0.4500000000000000666, 0.1749999999999999889 ) ) ;
#79 = LINE ( 'NONE', #318, #790 ) ;
#80 = DIRECTION ( 'NONE',  ( 0.0000000000000000000, -1.000000000000000000, 0.0000000000000000000 ) ) ;
#81 = DIRECTION ( 'NONE',  ( 0.0000000000000000000, -0.0000000000000000000, -1.000000000000000000 ) ) ;
#82 = DIRECTION ( 'NONE',  ( 0.0000000000000000000, -1.000000000000000000, -3.469446951953610245E-16 ) ) ;
#83 = EDGE_CURVE ( 'NONE', #1161, #553, #1332, .T. ) ;
#84 = LINE ( 'NONE', #235, #627 ) ;
#85 = DIRECTION ( 'NONE',  ( -1.000000000000000000, -0.0000000000000000000, -0.0000000000000000000 ) ) ;
#86 = VECTOR ( 'NONE', #654, 1000.000000000000000 ) ;
#87 = DIRECTION ( 'NONE',  ( -0.0000000000000000000, 0.7071067811865480168, -0.7071067811865470176 ) ) ;
#88 = CARTESIAN_POINT ( 'NONE',  ( -0.2500000000000000000, 0.3750000000000000000, 1.626303258728256651E-16 ) ) ;
#89 = PRESENTATION_LAYER_ASSIGNMENT (  '', '', ( #1169 ) ) ;
#90 = MECHANICAL_DESIGN_GEOMETRIC_PRESENTATION_REPRESENTATION (  '', ( #1359 ), #470 ) ;
#91 = CARTESIAN_POINT ( 'NONE',  ( 0.0000000000000000000, 0.3400000000000000244, 0.3499999999999999778 ) ) ;
#92 = PRESENTATION_LAYER_ASSIGNMENT (  '', '', ( #1289 ) ) ;
#93 = EDGE_CURVE ( 'NONE', #920, #1301, #323, .T. ) ;
#94 = FACE_OUTER_BOUND ( 'NONE', #1094, .T. ) ;
#95 = LINE ( 'NONE', #589, #1130 ) ;
#96 = EDGE_CURVE ( 'NONE', #1137, #1025, #1005, .T. ) ;
#97 = DIRECTION ( 'NONE',  ( 0.0000000000000000000, 1.000000000000000000, -0.0000000000000000000 ) ) ;
#98 = DIRECTION ( 'NONE',  ( -1.000000000000000000, -0.0000000000000000000, 0.0000000000000000000 ) ) ;
#99 = DIRECTION ( 'NONE',  ( 1.000000000000000000, 0.0000000000000000000, 0.0000000000000000000 ) ) ;
#100 = ORIENTED_EDGE ( 'NONE', *, *, #127, .F. ) ;
#101 = LINE ( 'NONE', #748, #1385 ) ;
#102 = PLANE ( 'NONE',  #1006 ) ;
#103 = LINE ( 'NONE', #1322, #1434 ) ;
#104 = PRESENTATION_STYLE_ASSIGNMENT (( #478 ) ) ;
#105 = ORIENTED_EDGE ( 'NONE', *, *, #952, .T. ) ;
#106 = CARTESIAN_POINT ( 'NONE',  ( 0.0000000000000000000, 0.4500000000000000666, 0.05000000000000019706 ) ) ;
#107 = VERTEX_POINT ( 'NONE', #434 ) ;
#108 = EDGE_CURVE ( 'NONE', #1137, #263, #113, .T. ) ;
#109 = LINE ( 'NONE', #1221, #1265 ) ;
#110 = SURFACE_STYLE_USAGE ( .BOTH. , #1114 ) ;
#111 = DIRECTION ( 'NONE',  ( -1.000000000000000000, -0.0000000000000000000, -0.0000000000000000000 ) ) ;
#112 = VERTEX_POINT ( 'NONE', #554 ) ;
#113 = LINE ( 'NONE', #441, #1380 ) ;
#114 = ORIENTED_EDGE ( 'NONE', *, *, #1158, .F. ) ;
#115 = CARTESIAN_POINT ( 'NONE',  ( 0.2500000000000000000, 0.3400000000000000244, 0.2999999999999999889 ) ) ;
#116 = AXIS2_PLACEMENT_3D ( 'NONE', #1029, #152, #486 ) ;
#117 = DIRECTION ( 'NONE',  ( -1.000000000000000000, 0.0000000000000000000, -0.0000000000000000000 ) ) ;
#118 = ADVANCED_FACE ( 'NONE', ( #1136 ), #1465, .T. ) ;
#119 = AXIS2_PLACEMENT_3D ( 'NONE', #131, #1343, #794 ) ;
#120 = VECTOR ( 'NONE', #364, 1000.000000000000000 ) ;
#121 = EDGE_CURVE ( 'NONE', #553, #995, #1348, .T. ) ;
#122 =( GEOMETRIC_REPRESENTATION_CONTEXT ( 3 ) GLOBAL_UNCERTAINTY_ASSIGNED_CONTEXT ( ( #464 ) ) GLOBAL_UNIT_ASSIGNED_CONTEXT ( ( #400, #31, #484 ) ) REPRESENTATION_CONTEXT ( 'NONE', 'WORKASPACE' ) );
#123 = ORIENTED_EDGE ( 'NONE', *, *, #32, .T. ) ;
#124 = DIRECTION ( 'NONE',  ( 0.0000000000000000000, 9.462128050782580924E-16, -1.000000000000000000 ) ) ;
#125 = EDGE_LOOP ( 'NONE', ( #1051, #521, #614, #70 ) ) ;
#126 = DIRECTION ( 'NONE',  ( 0.0000000000000000000, 0.0000000000000000000, 1.000000000000000000 ) ) ;
#127 = EDGE_CURVE ( 'NONE', #1112, #448, #335, .T. ) ;
#128 = ORIENTED_EDGE ( 'NONE', *, *, #1234, .T. ) ;
#129 = DIRECTION ( 'NONE',  ( 1.000000000000000000, -0.0000000000000000000, 0.0000000000000000000 ) ) ;
#130 = VERTEX_POINT ( 'NONE', #569 ) ;
#131 = CARTESIAN_POINT ( 'NONE',  ( 0.2489999999999999714, -0.4500000000000000666, 0.2999999999999999889 ) ) ;
#132 = CARTESIAN_POINT ( 'NONE',  ( 0.2500000000000000000, -0.2500000000000000000, 0.1749999999999999889 ) ) ;
#133 = LINE ( 'NONE', #1034, #1440 ) ;
#134 = ORIENTED_EDGE ( 'NONE', *, *, #150, .F. ) ;
#135 = EDGE_CURVE ( 'NONE', #468, #143, #1354, .T. ) ;
#136 = LINE ( 'NONE', #1040, #1001 ) ;
#137 = ORIENTED_EDGE ( 'NONE', *, *, #1158, .T. ) ;
#138 = LINE ( 'NONE', #586, #1286 ) ;
#139 = DIRECTION ( 'NONE',  ( -0.0000000000000000000, -1.000000000000000000, 0.0000000000000000000 ) ) ;
#140 = AXIS2_PLACEMENT_3D ( 'NONE', #722, #963, #751 ) ;
#141 = PLANE ( 'NONE',  #305 ) ;
#142 = VECTOR ( 'NONE', #1186, 1000.000000000000000 ) ;
#143 = VERTEX_POINT ( 'NONE', #662 ) ;
#144 = DIRECTION ( 'NONE',  ( 5.929230630780099908E-17, -1.000000000000000000, 0.0000000000000000000 ) ) ;
#145 = ORIENTED_EDGE ( 'NONE', *, *, #467, .T. ) ;
#146 = CARTESIAN_POINT ( 'NONE',  ( 0.2429999999999999938, -0.2600000000000000089, 0.3599999999999999867 ) ) ;
#147 = ORIENTED_EDGE ( 'NONE', *, *, #942, .F. ) ;
#148 = ORIENTED_EDGE ( 'NONE', *, *, #1393, .F. ) ;
#149 = DIRECTION ( 'NONE',  ( 0.0000000000000000000, 4.818676322157800087E-17, -1.000000000000000000 ) ) ;
#150 = EDGE_CURVE ( 'NONE', #372, #1464, #457, .T. ) ;
#151 = EDGE_LOOP ( 'NONE', ( #904, #1287, #388, #1170 ) ) ;
#152 = DIRECTION ( 'NONE',  ( -0.0000000000000000000, 3.469446951953610245E-16, 1.000000000000000000 ) ) ;
#153 = ORIENTED_EDGE ( 'NONE', *, *, #721, .F. ) ;
#154 = DIRECTION ( 'NONE',  ( 0.0000000000000000000, -0.0000000000000000000, -1.000000000000000000 ) ) ;
#155 = DIRECTION ( 'NONE',  ( 0.0000000000000000000, 4.285106860124080228E-17, -1.000000000000000000 ) ) ;
#156 = ORIENTED_EDGE ( 'NONE', *, *, #822, .T. ) ;
#157 = DIRECTION ( 'NONE',  ( 0.0000000000000000000, 1.000000000000000000, 1.653157485159759997E-16 ) ) ;
#158 = ADVANCED_FACE ( 'NONE', ( #1110 ), #994, .T. ) ;
#159 = COLOUR_RGB ( '',0.03921568627450980338, 0.03921568627450980338, 0.03921568627450980338 ) ;
#160 = ORIENTED_EDGE ( 'NONE', *, *, #508, .F. ) ;
#161 = AXIS2_PLACEMENT_3D ( 'NONE', #532, #26, #690 ) ;
#162 = CARTESIAN_POINT ( 'NONE',  ( 0.2500000000000000000, -0.5000000000000000000, 1.084202172485504434E-16 ) ) ;
#163 = MECHANICAL_DESIGN_GEOMETRIC_PRESENTATION_REPRESENTATION (  '', ( #1171 ), #122 ) ;
#164 = ORIENTED_EDGE ( 'NONE', *, *, #1020, .T. ) ;
#165 =( NAMED_UNIT ( * ) PLANE_ANGLE_UNIT ( ) SI_UNIT ( $, .RADIAN. ) );
#166 = ORIENTED_EDGE ( 'NONE', *, *, #258, .T. ) ;
#167 = UNCERTAINTY_MEASURE_WITH_UNIT (LENGTH_MEASURE( 1.000000000000000082E-05 ), #321, 'distance_accuracy_value', 'NONE');
#168 = ADVANCED_FACE ( 'NONE', ( #9 ), #891, .T. ) ;
#169 = FACE_OUTER_BOUND ( 'NONE', #1452, .T. ) ;
#170 = DIRECTION ( 'NONE',  ( 0.0000000000000000000, -1.387778780781439956E-15, 1.000000000000000000 ) ) ;
#171 = LINE ( 'NONE', #1037, #538 ) ;
#172 = CARTESIAN_POINT ( 'NONE',  ( 0.0000000000000000000, -0.5000000000000000000, 1.127570259384919928E-16 ) ) ;
#173 = ORIENTED_EDGE ( 'NONE', *, *, #23, .F. ) ;
#174 = LINE ( 'NONE', #1064, #184 ) ;
#175 = EDGE_CURVE ( 'NONE', #458, #1355, #1270, .T. ) ;
#176 = CARTESIAN_POINT ( 'NONE',  ( 0.2489999999999999714, -0.4500000000000000666, 0.2999999999999999889 ) ) ;
#177 = CARTESIAN_POINT ( 'NONE',  ( -0.2500000000000000000, 0.5000000000000000000, 0.3499999999999999778 ) ) ;
#178 = CARTESIAN_POINT ( 'NONE',  ( -0.2429999999999999660, -0.3200000000000000067, 0.2999999999999999889 ) ) ;
#179 = DIRECTION ( 'NONE',  ( 1.766757846384129952E-16, -0.7071067811865470176, 0.7071067811865480168 ) ) ;
#180 = CARTESIAN_POINT ( 'NONE',  ( -0.2489999999999999714, 0.4500000000000000666, 0.1749999999999999889 ) ) ;
#181 = ORIENTED_EDGE ( 'NONE', *, *, #1234, .F. ) ;
#182 = DIRECTION ( 'NONE',  ( 0.0000000000000000000, 0.0000000000000000000, -1.000000000000000000 ) ) ;
#183 = MECHANICAL_DESIGN_GEOMETRIC_PRESENTATION_REPRESENTATION (  '', ( #1169 ), #910 ) ;
#184 = VECTOR ( 'NONE', #733, 1000.000000000000000 ) ;
#185 = FACE_OUTER_BOUND ( 'NONE', #1036, .T. ) ;
#186 = VECTOR ( 'NONE', #1108, 1000.000000000000000 ) ;
#187 = PRESENTATION_STYLE_ASSIGNMENT (( #648 ) ) ;
#188 = LINE ( 'NONE', #986, #208 ) ;
#189 = ORIENTED_EDGE ( 'NONE', *, *, #1101, .T. ) ;
#190 = DIRECTION ( 'NONE',  ( 0.0000000000000000000, -1.000000000000000000, -0.0000000000000000000 ) ) ;
#191 = FACE_OUTER_BOUND ( 'NONE', #956, .T. ) ;
#192 = FILL_AREA_STYLE ('',( #1427 ) ) ;
#193 = DIRECTION ( 'NONE',  ( 0.0000000000000000000, -1.261617073437680020E-15, -1.000000000000000000 ) ) ;
#194 = EDGE_CURVE ( 'NONE', #271, #851, #1142, .T. ) ;
#195 = ORIENTED_EDGE ( 'NONE', *, *, #1420, .F. ) ;
#196 = CARTESIAN_POINT ( 'NONE',  ( 0.0000000000000000000, 0.5000000000000000000, 0.3499999999999999778 ) ) ;
#197 = VERTEX_POINT ( 'NONE', #1369 ) ;
#198 = DIRECTION ( 'NONE',  ( 0.0000000000000000000, 1.000000000000000000, 0.0000000000000000000 ) ) ;
#199 = LINE ( 'NONE', #88, #1027 ) ;
#200 = LINE ( 'NONE', #1448, #142 ) ;
#201 = LINE ( 'NONE', #885, #769 ) ;
#202 = DIRECTION ( 'NONE',  ( -1.000000000000000000, 0.0000000000000000000, 0.0000000000000000000 ) ) ;
#203 = PRESENTATION_LAYER_ASSIGNMENT (  '', '', ( #488 ) ) ;
#204 = CARTESIAN_POINT ( 'NONE',  ( 0.2429999999999999938, -2.775557561562889872E-16, 0.3599999999999999867 ) ) ;
#205 = CARTESIAN_POINT ( 'NONE',  ( 0.2500000000000000000, -0.4500000000000000666, 0.2999999999999999889 ) ) ;
#206 = VECTOR ( 'NONE', #482, 1000.000000000000000 ) ;
#207 = DIRECTION ( 'NONE',  ( 0.0000000000000000000, -3.469446951953610245E-16, 1.000000000000000000 ) ) ;
#208 = VECTOR ( 'NONE', #320, 1000.000000000000000 ) ;
#209 = FACE_OUTER_BOUND ( 'NONE', #835, .T. ) ;
#210 = CARTESIAN_POINT ( 'NONE',  ( 0.2489999999999999714, 0.0000000000000000000, 0.2999999999999999889 ) ) ;
#211 = ORIENTED_EDGE ( 'NONE', *, *, #36, .F. ) ;
#212 = EDGE_CURVE ( 'NONE', #1429, #372, #806, .T. ) ;
#213 = DIRECTION ( 'NONE',  ( -0.0000000000000000000, 1.000000000000000000, 0.0000000000000000000 ) ) ;
#214 = ORIENTED_EDGE ( 'NONE', *, *, #839, .F. ) ;
#215 = CARTESIAN_POINT ( 'NONE',  ( -0.2000000000000000111, 0.3400000000000000244, 0.3499999999999999778 ) ) ;
#216 = FILL_AREA_STYLE ('',( #771 ) ) ;
#217 = ORIENTED_EDGE ( 'NONE', *, *, #850, .T. ) ;
#218 = PLANE ( 'NONE',  #812 ) ;
#219 = EDGE_CURVE ( 'NONE', #687, #448, #1394, .T. ) ;
#220 = ORIENTED_EDGE ( 'NONE', *, *, #337, .T. ) ;
#221 = CARTESIAN_POINT ( 'NONE',  ( -0.2500000000000000000, -0.2500000000000000000, 0.05000000000000025258 ) ) ;
#222 = EDGE_CURVE ( 'NONE', #52, #197, #136, .T. ) ;
#223 =( LENGTH_UNIT ( ) NAMED_UNIT ( * ) SI_UNIT ( .MILLI., .METRE. ) );
#224 = CARTESIAN_POINT ( 'NONE',  ( 0.0000000000000000000, -0.3400000000000000244, 0.3499999999999999778 ) ) ;
#225 = ORIENTED_EDGE ( 'NONE', *, *, #643, .T. ) ;
#226 = DIRECTION ( 'NONE',  ( 0.0000000000000000000, 1.000000000000000000, 9.462128050782580924E-16 ) ) ;
#227 = SHAPE_DEFINITION_REPRESENTATION ( #1205, #634 ) ;
#228 = VECTOR ( 'NONE', #1002, 1000.000000000000000 ) ;
#229 = VERTEX_POINT ( 'NONE', #360 ) ;
#230 = LINE ( 'NONE', #1356, #63 ) ;
#231 = PRESENTATION_LAYER_ASSIGNMENT (  '', '', ( #560 ) ) ;
#232 = PLANE ( 'NONE',  #868 ) ;
#233 = ADVANCED_FACE ( 'NONE', ( #51 ), #43, .T. ) ;
#234 = VECTOR ( 'NONE', #437, 1000.000000000000000 ) ;
#235 = CARTESIAN_POINT ( 'NONE',  ( -0.1214999999999999969, -0.3200000000000000067, 0.2999999999999999889 ) ) ;
#236 = ORIENTED_EDGE ( 'NONE', *, *, #343, .T. ) ;
#237 = CARTESIAN_POINT ( 'NONE',  ( 0.1214999999999999969, 0.3200000000000000067, 0.2999999999999999889 ) ) ;
#238 = ORIENTED_EDGE ( 'NONE', *, *, #1060, .T. ) ;
#239 = DIRECTION ( 'NONE',  ( 0.0000000000000000000, -1.387778780781450014E-15, -1.000000000000000000 ) ) ;
#240 = CARTESIAN_POINT ( 'NONE',  ( 0.0000000000000000000, -0.4500000000000000666, 0.2999999999999999889 ) ) ;
#241 = ORIENTED_EDGE ( 'NONE', *, *, #246, .F. ) ;
#242 = ORIENTED_EDGE ( 'NONE', *, *, #77, .F. ) ;
#243 = CARTESIAN_POINT ( 'NONE',  ( -0.2000000000000000111, -0.2899999999999999800, 0.3300000000000000155 ) ) ;
#244 = LINE ( 'NONE', #689, #469 ) ;
#245 = CARTESIAN_POINT ( 'NONE',  ( 0.2500000000000000000, -0.3750000000000000000, 1.084202172485504434E-16 ) ) ;
#246 = EDGE_CURVE ( 'NONE', #913, #603, #496, .T. ) ;
#247 = ORIENTED_EDGE ( 'NONE', *, *, #886, .T. ) ;
#248 = CARTESIAN_POINT ( 'NONE',  ( -0.2000000000000000111, 0.5000000000000000000, 0.3499999999999999778 ) ) ;
#249 = ORIENTED_EDGE ( 'NONE', *, *, #1009, .T. ) ;
#250 = DIRECTION ( 'NONE',  ( -0.0000000000000000000, -1.000000000000000000, -0.0000000000000000000 ) ) ;
#251 = FILL_AREA_STYLE ('',( #933 ) ) ;
#252 = VECTOR ( 'NONE', #190, 1000.000000000000000 ) ;
#253 = DIRECTION ( 'NONE',  ( 5.929230630780099908E-17, -1.000000000000000000, 0.0000000000000000000 ) ) ;
#254 = ORIENTED_EDGE ( 'NONE', *, *, #127, .T. ) ;
#255 = EDGE_CURVE ( 'NONE', #107, #468, #582, .T. ) ;
#256 = MECHANICAL_DESIGN_GEOMETRIC_PRESENTATION_REPRESENTATION (  '', ( #1151 ), #1097 ) ;
#257 = CARTESIAN_POINT ( 'NONE',  ( 0.2000000000000000111, -0.4500000000000000666, 0.2999999999999999889 ) ) ;
#258 = EDGE_CURVE ( 'NONE', #896, #506, #828, .T. ) ;
#259 = CARTESIAN_POINT ( 'NONE',  ( -0.2500000000000000000, 0.3399999999999999689, 0.2999999999999999889 ) ) ;
#260 = DIRECTION ( 'NONE',  ( 0.0000000000000000000, 1.000000000000000000, 4.285106860124080228E-17 ) ) ;
#261 = VERTEX_POINT ( 'NONE', #270 ) ;
#262 = FILL_AREA_STYLE_COLOUR ( '', #1216 ) ;
#263 = VERTEX_POINT ( 'NONE', #21 ) ;
#264 = DIRECTION ( 'NONE',  ( 0.0000000000000000000, 0.0000000000000000000, 1.000000000000000000 ) ) ;
#265 = ORIENTED_EDGE ( 'NONE', *, *, #1280, .T. ) ;
#266 = EDGE_CURVE ( 'NONE', #1135, #361, #925, .T. ) ;
#267 = DIRECTION ( 'NONE',  ( -1.000000000000000000, -0.0000000000000000000, -0.0000000000000000000 ) ) ;
#268 = FACE_OUTER_BOUND ( 'NONE', #352, .T. ) ;
#269 = VERTEX_POINT ( 'NONE', #162 ) ;
#270 = CARTESIAN_POINT ( 'NONE',  ( 0.2500000000000000000, -0.2500000000000000000, 0.05000000000000021094 ) ) ;
#271 = VERTEX_POINT ( 'NONE', #610 ) ;
#272 = FACE_OUTER_BOUND ( 'NONE', #1178, .T. ) ;
#273 = VECTOR ( 'NONE', #213, 1000.000000000000000 ) ;
#274 = SURFACE_STYLE_FILL_AREA ( #594 ) ;
#275 = EDGE_CURVE ( 'NONE', #261, #229, #821, .T. ) ;
#276 = EDGE_LOOP ( 'NONE', ( #823, #341, #1083, #1230 ) ) ;
#277 = AXIS2_PLACEMENT_3D ( 'NONE', #377, #836, #154 ) ;
#278 = LINE ( 'NONE', #1291, #975 ) ;
#279 = COLOUR_RGB ( '',0.9176470588235293713, 0.9176470588235293713, 0.9176470588235293713 ) ;
#280 = CARTESIAN_POINT ( 'NONE',  ( 0.0000000000000000000, 0.5000000000000000000, 0.3499999999999999778 ) ) ;
#281 =( NAMED_UNIT ( * ) PLANE_ANGLE_UNIT ( ) SI_UNIT ( $, .RADIAN. ) );
#282 = EDGE_CURVE ( 'NONE', #939, #728, #811, .T. ) ;
#283 = ORIENTED_EDGE ( 'NONE', *, *, #822, .F. ) ;
#284 = FACE_OUTER_BOUND ( 'NONE', #345, .T. ) ;
#285 = ORIENTED_EDGE ( 'NONE', *, *, #390, .T. ) ;
#286 = LINE ( 'NONE', #1092, #816 ) ;
#287 = LINE ( 'NONE', #65, #1238 ) ;
#288 = CARTESIAN_POINT ( 'NONE',  ( -0.2489999999999999714, -0.4500000000000000666, 0.05000000000000029421 ) ) ;
#289 = ORIENTED_EDGE ( 'NONE', *, *, #1050, .T. ) ;
#290 = EDGE_CURVE ( 'NONE', #591, #112, #929, .T. ) ;
#291 = CARTESIAN_POINT ( 'NONE',  ( 0.0000000000000000000, 0.4500000000000000666, 0.05000000000000019706 ) ) ;
#292 = EDGE_CURVE ( 'NONE', #603, #919, #727, .T. ) ;
#293 = LINE ( 'NONE', #1066, #391 ) ;
#294 = CARTESIAN_POINT ( 'NONE',  ( 0.2489999999999999714, 0.0000000000000000000, 0.2999999999999999889 ) ) ;
#295 = CARTESIAN_POINT ( 'NONE',  ( -0.1999999999999999833, -0.4500000000000000666, 0.2999999999999999889 ) ) ;
#296 = VECTOR ( 'NONE', #668, 1000.000000000000000 ) ;
#297 =( GEOMETRIC_REPRESENTATION_CONTEXT ( 3 ) GLOBAL_UNCERTAINTY_ASSIGNED_CONTEXT ( ( #940 ) ) GLOBAL_UNIT_ASSIGNED_CONTEXT ( ( #592, #1044, #601 ) ) REPRESENTATION_CONTEXT ( 'NONE', 'WORKASPACE' ) );
#298 = CARTESIAN_POINT ( 'NONE',  ( -0.1999999999999999833, 0.3200000000000000067, 0.3000000000000001554 ) ) ;
#299 = AXIS2_PLACEMENT_3D ( 'NONE', #196, #515, #1176 ) ;
#300 = ORIENTED_EDGE ( 'NONE', *, *, #1373, .F. ) ;
#301 = CARTESIAN_POINT ( 'NONE',  ( -0.2500000000000000000, -0.2500000000000000000, 1.366094737331737066E-16 ) ) ;
#302 = PRESENTATION_LAYER_ASSIGNMENT (  '', '', ( #934 ) ) ;
#303 = EDGE_CURVE ( 'NONE', #989, #896, #402, .T. ) ;
#304 = DIRECTION ( 'NONE',  ( 0.0000000000000000000, -1.387778780781439956E-15, 1.000000000000000000 ) ) ;
#305 = AXIS2_PLACEMENT_3D ( 'NONE', #685, #6, #253 ) ;
#306 = EDGE_LOOP ( 'NONE', ( #368, #173, #435, #300 ) ) ;
#307 = CARTESIAN_POINT ( 'NONE',  ( 0.0000000000000000000, 0.4500000000000000666, 0.05000000000000019706 ) ) ;
#308 = ORIENTED_EDGE ( 'NONE', *, *, #1344, .F. ) ;
#309 = DIRECTION ( 'NONE',  ( -1.000000000000000000, -0.0000000000000000000, 0.0000000000000000000 ) ) ;
#310 = DIRECTION ( 'NONE',  ( -1.000000000000000000, -0.0000000000000000000, 0.0000000000000000000 ) ) ;
#311 = DIRECTION ( 'NONE',  ( -1.000000000000000000, 0.0000000000000000000, 0.0000000000000000000 ) ) ;
#312 = EDGE_CURVE ( 'NONE', #995, #2, #858, .T. ) ;
#313 = DIRECTION ( 'NONE',  ( 0.0000000000000000000, -1.000000000000000000, 0.0000000000000000000 ) ) ;
#314 = PLANE ( 'NONE',  #351 ) ;
#315 = FILL_AREA_STYLE ('',( #472 ) ) ;
#316 = PRODUCT_DEFINITION_FORMATION_WITH_SPECIFIED_SOURCE ( 'ANY', '', #1441, .NOT_KNOWN. ) ;
#317 = CARTESIAN_POINT ( 'NONE',  ( 0.0000000000000000000, 0.3400000000000000244, 0.3499999999999999778 ) ) ;
#318 = CARTESIAN_POINT ( 'NONE',  ( 0.2489999999999999714, -0.4500000000000000666, 0.1749999999999999889 ) ) ;
#319 =( NAMED_UNIT ( * ) SI_UNIT ( $, .STERADIAN. ) SOLID_ANGLE_UNIT ( ) );
#320 = DIRECTION ( 'NONE',  ( -1.000000000000000000, -0.0000000000000000000, -0.0000000000000000000 ) ) ;
#321 =( LENGTH_UNIT ( ) NAMED_UNIT ( * ) SI_UNIT ( .MILLI., .METRE. ) );
#322 = EDGE_LOOP ( 'NONE', ( #29, #355, #688, #1250 ) ) ;
#323 = LINE ( 'NONE', #1225, #14 ) ;
#324 = STYLED_ITEM ( 'NONE', ( #326 ), #637 ) ;
#325 = ORIENTED_EDGE ( 'NONE', *, *, #1254, .F. ) ;
#326 = PRESENTATION_STYLE_ASSIGNMENT (( #346 ) ) ;
#327 = DIRECTION ( 'NONE',  ( -0.0000000000000000000, -0.0000000000000000000, -1.000000000000000000 ) ) ;
#328 = VECTOR ( 'NONE', #997, 1000.000000000000000 ) ;
#329 = ADVANCED_FACE ( 'NONE', ( #619 ), #417, .T. ) ;
#330 = LINE ( 'NONE', #562, #999 ) ;
#331 = ORIENTED_EDGE ( 'NONE', *, *, #1060, .F. ) ;
#332 = CARTESIAN_POINT ( 'NONE',  ( -0.2000000000000000111, -0.3400000000000000244, 0.3499999999999999778 ) ) ;
#333 = LINE ( 'NONE', #224, #440 ) ;
#334 = VERTEX_POINT ( 'NONE', #941 ) ;
#335 = LINE ( 'NONE', #782, #414 ) ;
#336 = CARTESIAN_POINT ( 'NONE',  ( 0.0000000000000000000, 0.0000000000000000000, 0.0000000000000000000 ) ) ;
#337 = EDGE_CURVE ( 'NONE', #1464, #605, #396, .T. ) ;
#338 = ORIENTED_EDGE ( 'NONE', *, *, #850, .F. ) ;
#339 = SURFACE_STYLE_FILL_AREA ( #894 ) ;
#340 = SURFACE_STYLE_USAGE ( .BOTH. , #1 ) ;
#341 = ORIENTED_EDGE ( 'NONE', *, *, #246, .T. ) ;
#342 = LINE ( 'NONE', #237, #296 ) ;
#343 = EDGE_CURVE ( 'NONE', #605, #1396, #174, .T. ) ;
#344 = STYLED_ITEM ( 'NONE', ( #780 ), #531 ) ;
#345 = EDGE_LOOP ( 'NONE', ( #420, #781, #489, #884, #265, #678, #1163, #704 ) ) ;
#346 = SURFACE_STYLE_USAGE ( .BOTH. , #445 ) ;
#347 = AXIS2_PLACEMENT_3D ( 'NONE', #1152, #149, #922 ) ;
#348 = AXIS2_PLACEMENT_3D ( 'NONE', #544, #985, #1080 ) ;
#349 = CARTESIAN_POINT ( 'NONE',  ( 0.2429999999999999938, -0.3200000000000000067, 0.2999999999999999889 ) ) ;
#350 = LINE ( 'NONE', #1260, #1048 ) ;
#351 = AXIS2_PLACEMENT_3D ( 'NONE', #307, #207, #82 ) ;
#352 = EDGE_LOOP ( 'NONE', ( #409, #972, #1309, #1353 ) ) ;
#353 = CARTESIAN_POINT ( 'NONE',  ( 0.2500000000000000000, -0.3750000000000000000, 0.05000000000000021094 ) ) ;
#354 = ADVANCED_FACE ( 'NONE', ( #61 ), #852, .T. ) ;
#355 = ORIENTED_EDGE ( 'NONE', *, *, #1367, .T. ) ;
#356 = LINE ( 'NONE', #802, #491 ) ;
#357 = DIRECTION ( 'NONE',  ( -0.0000000000000000000, -0.0000000000000000000, 1.000000000000000000 ) ) ;
#358 = VERTEX_POINT ( 'NONE', #298 ) ;
#359 = UNCERTAINTY_MEASURE_WITH_UNIT (LENGTH_MEASURE( 1.000000000000000082E-05 ), #1056, 'distance_accuracy_value', 'NONE');
#360 = CARTESIAN_POINT ( 'NONE',  ( 0.2500000000000000000, -0.4500000000000000666, 0.05000000000000023870 ) ) ;
#361 = VERTEX_POINT ( 'NONE', #1400 ) ;
#362 = LINE ( 'NONE', #808, #206 ) ;
#363 = ORIENTED_EDGE ( 'NONE', *, *, #574, .F. ) ;
#364 = DIRECTION ( 'NONE',  ( -0.0000000000000000000, -1.000000000000000000, -0.0000000000000000000 ) ) ;
#365 = EDGE_CURVE ( 'NONE', #1396, #767, #742, .T. ) ;
#366 = EDGE_LOOP ( 'NONE', ( #493, #807, #1459, #1266, #1030, #1018, #1127, #1119 ) ) ;
#367 = DIRECTION ( 'NONE',  ( -0.0000000000000000000, -1.000000000000000000, -0.0000000000000000000 ) ) ;
#368 = ORIENTED_EDGE ( 'NONE', *, *, #282, .F. ) ;
#369 = PLANE ( 'NONE',  #840 ) ;
#370 = CARTESIAN_POINT ( 'NONE',  ( 1.040834085586080066E-16, 0.2600000000000000089, 0.3599999999999999867 ) ) ;
#371 =( GEOMETRIC_REPRESENTATION_CONTEXT ( 3 ) GLOBAL_UNCERTAINTY_ASSIGNED_CONTEXT ( ( #1166 ) ) GLOBAL_UNIT_ASSIGNED_CONTEXT ( ( #765, #462, #1159 ) ) REPRESENTATION_CONTEXT ( 'NONE', 'WORKASPACE' ) );
#372 = VERTEX_POINT ( 'NONE', #501 ) ;
#373 = VECTOR ( 'NONE', #738, 1000.000000000000000 ) ;
#374 = EDGE_CURVE ( 'NONE', #750, #1109, #869, .T. ) ;
#375 = DIRECTION ( 'NONE',  ( 1.000000000000000000, 0.0000000000000000000, 0.0000000000000000000 ) ) ;
#376 = ORIENTED_EDGE ( 'NONE', *, *, #622, .T. ) ;
#377 = CARTESIAN_POINT ( 'NONE',  ( 0.0000000000000000000, -0.5000000000000000000, 0.3499999999999999778 ) ) ;
#378 =( NAMED_UNIT ( * ) SI_UNIT ( $, .STERADIAN. ) SOLID_ANGLE_UNIT ( ) );
#379 = VERTEX_POINT ( 'NONE', #1091 ) ;
#380 = FACE_OUTER_BOUND ( 'NONE', #366, .T. ) ;
#381 = CARTESIAN_POINT ( 'NONE',  ( 0.2000000000000000111, 0.2899999999999999800, 0.3300000000000000155 ) ) ;
#382 = ORIENTED_EDGE ( 'NONE', *, *, #36, .T. ) ;
#383 = EDGE_CURVE ( 'NONE', #1421, #1294, #1284, .T. ) ;
#384 = PRESENTATION_STYLE_ASSIGNMENT (( #110 ) ) ;
#385 =( NAMED_UNIT ( * ) SI_UNIT ( $, .STERADIAN. ) SOLID_ANGLE_UNIT ( ) );
#386 = ORIENTED_EDGE ( 'NONE', *, *, #1373, .T. ) ;
#387 = CARTESIAN_POINT ( 'NONE',  ( -0.2429999999999999938, -2.775557561562889872E-16, 0.3599999999999999867 ) ) ;
#388 = ORIENTED_EDGE ( 'NONE', *, *, #1295, .T. ) ;
#389 = DIRECTION ( 'NONE',  ( -0.0000000000000000000, 1.000000000000000000, 1.387778780781439956E-15 ) ) ;
#390 = EDGE_CURVE ( 'NONE', #506, #2, #971, .T. ) ;
#391 = VECTOR ( 'NONE', #1297, 1000.000000000000000 ) ;
#392 = LINE ( 'NONE', #370, #1338 ) ;
#393 = AXIS2_PLACEMENT_3D ( 'NONE', #1446, #1319, #1326 ) ;
#394 = ORIENTED_EDGE ( 'NONE', *, *, #1246, .T. ) ;
#395 = VECTOR ( 'NONE', #1203, 1000.000000000000000 ) ;
#396 = LINE ( 'NONE', #55, #764 ) ;
#397 = LINE ( 'NONE', #846, #711 ) ;
#398 = LINE ( 'NONE', #655, #18 ) ;
#399 = DIRECTION ( 'NONE',  ( -0.0000000000000000000, -1.000000000000000000, 0.0000000000000000000 ) ) ;
#400 =( LENGTH_UNIT ( ) NAMED_UNIT ( * ) SI_UNIT ( .MILLI., .METRE. ) );
#401 = ORIENTED_EDGE ( 'NONE', *, *, #495, .T. ) ;
#402 = LINE ( 'NONE', #71, #62 ) ;
#403 = LINE ( 'NONE', #640, #514 ) ;
#404 = SURFACE_STYLE_FILL_AREA ( #192 ) ;
#405 = CARTESIAN_POINT ( 'NONE',  ( -0.2500000000000000000, -0.3400000000000000244, 0.3499999999999999778 ) ) ;
#406 = EDGE_LOOP ( 'NONE', ( #443, #195, #19, #1022 ) ) ;
#407 = EDGE_CURVE ( 'NONE', #41, #605, #278, .T. ) ;
#408 = DIRECTION ( 'NONE',  ( 0.0000000000000000000, -3.469446951953610245E-16, 1.000000000000000000 ) ) ;
#409 = ORIENTED_EDGE ( 'NONE', *, *, #726, .F. ) ;
#410 = LINE ( 'NONE', #1184, #841 ) ;
#411 = FILL_AREA_STYLE ('',( #745 ) ) ;
#412 = VERTEX_POINT ( 'NONE', #845 ) ;
#413 = CARTESIAN_POINT ( 'NONE',  ( -0.2500000000000000000, 0.5000000000000000000, 0.3499999999999999778 ) ) ;
#414 = VECTOR ( 'NONE', #1231, 1000.000000000000000 ) ;
#415 = ORIENTED_EDGE ( 'NONE', *, *, #502, .F. ) ;
#416 = MECHANICAL_DESIGN_GEOMETRIC_PRESENTATION_REPRESENTATION (  '', ( #488 ), #1304 ) ;
#417 = PLANE ( 'NONE',  #15 ) ;
#418 =( GEOMETRIC_REPRESENTATION_CONTEXT ( 3 ) GLOBAL_UNCERTAINTY_ASSIGNED_CONTEXT ( ( #1375 ) ) GLOBAL_UNIT_ASSIGNED_CONTEXT ( ( #74, #861, #800 ) ) REPRESENTATION_CONTEXT ( 'NONE', 'WORKASPACE' ) );
#419 = VECTOR ( 'NONE', #310, 1000.000000000000000 ) ;
#420 = ORIENTED_EDGE ( 'NONE', *, *, #650, .F. ) ;
#421 = ADVANCED_FACE ( 'NONE', ( #644 ), #522, .T. ) ;
#422 = CARTESIAN_POINT ( 'NONE',  ( 0.0000000000000000000, -0.4500000000000000666, 0.05000000000000019706 ) ) ;
#423 = PLANE ( 'NONE',  #953 ) ;
#424 = CARTESIAN_POINT ( 'NONE',  ( 0.0000000000000000000, -0.4500000000000000666, 0.2999999999999999889 ) ) ;
#425 = CARTESIAN_POINT ( 'NONE',  ( 0.0000000000000000000, -0.4500000000000000666, 0.05000000000000026645 ) ) ;
#426 = CARTESIAN_POINT ( 'NONE',  ( 0.1214999999999999969, 0.3200000000000000067, 0.2999999999999999889 ) ) ;
#427 = CARTESIAN_POINT ( 'NONE',  ( 0.2489999999999999714, 0.4500000000000000666, 0.2999999999999999889 ) ) ;
#428 = DIRECTION ( 'NONE',  ( -0.0000000000000000000, 1.000000000000000000, 1.387778780781439956E-15 ) ) ;
#429 = ADVANCED_FACE ( 'NONE', ( #284 ), #1202, .T. ) ;
#430 = DIRECTION ( 'NONE',  ( 0.0000000000000000000, -0.7071067811865480168, -0.7071067811865470176 ) ) ;
#431 = DIRECTION ( 'NONE',  ( 0.0000000000000000000, -1.000000000000000000, -1.927470528863120035E-16 ) ) ;
#432 = CARTESIAN_POINT ( 'NONE',  ( -0.2500000000000000000, 0.4500000000000000666, 0.2999999999999999889 ) ) ;
#433 = ORIENTED_EDGE ( 'NONE', *, *, #1317, .T. ) ;
#434 = CARTESIAN_POINT ( 'NONE',  ( 0.2000000000000000111, 0.3200000000000000067, 0.3000000000000000444 ) ) ;
#435 = ORIENTED_EDGE ( 'NONE', *, *, #982, .F. ) ;
#436 = CARTESIAN_POINT ( 'NONE',  ( 0.0000000000000000000, 0.2500000000000000000, 0.05000000000000019706 ) ) ;
#437 = DIRECTION ( 'NONE',  ( 0.0000000000000000000, 1.000000000000000000, 0.0000000000000000000 ) ) ;
#438 = ADVANCED_FACE ( 'NONE', ( #169 ), #615, .T. ) ;
#439 = VERTEX_POINT ( 'NONE', #992 ) ;
#440 = VECTOR ( 'NONE', #758, 1000.000000000000000 ) ;
#441 = CARTESIAN_POINT ( 'NONE',  ( 0.2489999999999999714, -0.3400000000000000244, 0.2999999999999999889 ) ) ;
#442 =( GEOMETRIC_REPRESENTATION_CONTEXT ( 3 ) GLOBAL_UNCERTAINTY_ASSIGNED_CONTEXT ( ( #1019 ) ) GLOBAL_UNIT_ASSIGNED_CONTEXT ( ( #1113, #459, #12 ) ) REPRESENTATION_CONTEXT ( 'NONE', 'WORKASPACE' ) );
#443 = ORIENTED_EDGE ( 'NONE', *, *, #222, .F. ) ;
#444 = AXIS2_PLACEMENT_3D ( 'NONE', #547, #202, #881 ) ;
#445 = SURFACE_SIDE_STYLE ('',( #1460 ) ) ;
#446 = FACE_OUTER_BOUND ( 'NONE', #1340, .T. ) ;
#447 = DIRECTION ( 'NONE',  ( 1.000000000000000000, 1.249286453892758019E-16, -1.249286453892759744E-16 ) ) ;
#448 = VERTEX_POINT ( 'NONE', #773 ) ;
#449 = CARTESIAN_POINT ( 'NONE',  ( 0.0000000000000000000, 0.3400000000000000244, 0.2999999999999999889 ) ) ;
#450 = ORIENTED_EDGE ( 'NONE', *, *, #1052, .F. ) ;
#451 = CARTESIAN_POINT ( 'NONE',  ( -0.1214999999999999969, -0.2700000000000000178, 0.3499999999999999778 ) ) ;
#452 = FACE_OUTER_BOUND ( 'NONE', #725, .T. ) ;
#453 = EDGE_CURVE ( 'NONE', #851, #1275, #333, .T. ) ;
#454 = SURFACE_STYLE_USAGE ( .BOTH. , #1408 ) ;
#455 = EDGE_LOOP ( 'NONE', ( #645, #558, #740, #1013 ) ) ;
#456 = ADVANCED_FACE ( 'NONE', ( #209 ), #1115, .T. ) ;
#457 = LINE ( 'NONE', #317, #466 ) ;
#458 = VERTEX_POINT ( 'NONE', #788 ) ;
#459 =( NAMED_UNIT ( * ) PLANE_ANGLE_UNIT ( ) SI_UNIT ( $, .RADIAN. ) );
#460 = CARTESIAN_POINT ( 'NONE',  ( -0.2489999999999999714, 0.0000000000000000000, 0.05000000000000029421 ) ) ;
#461 = DIRECTION ( 'NONE',  ( 0.0000000000000000000, 1.000000000000000000, 0.0000000000000000000 ) ) ;
#462 =( NAMED_UNIT ( * ) PLANE_ANGLE_UNIT ( ) SI_UNIT ( $, .RADIAN. ) );
#463 = ORIENTED_EDGE ( 'NONE', *, *, #67, .F. ) ;
#464 = UNCERTAINTY_MEASURE_WITH_UNIT (LENGTH_MEASURE( 1.000000000000000082E-05 ), #400, 'distance_accuracy_value', 'NONE');
#465 = CARTESIAN_POINT ( 'NONE',  ( 0.0000000000000000000, 0.3400000000000000244, 0.2999999999999999889 ) ) ;
#466 = VECTOR ( 'NONE', #1242, 1000.000000000000000 ) ;
#467 = EDGE_CURVE ( 'NONE', #687, #746, #84, .T. ) ;
#468 = VERTEX_POINT ( 'NONE', #1107 ) ;
#469 = VECTOR ( 'NONE', #139, 1000.000000000000000 ) ;
#470 =( GEOMETRIC_REPRESENTATION_CONTEXT ( 3 ) GLOBAL_UNCERTAINTY_ASSIGNED_CONTEXT ( ( #1422 ) ) GLOBAL_UNIT_ASSIGNED_CONTEXT ( ( #1212, #1087, #624 ) ) REPRESENTATION_CONTEXT ( 'NONE', 'WORKASPACE' ) );
#471 = DIRECTION ( 'NONE',  ( 0.0000000000000000000, -1.387778780781450014E-15, -1.000000000000000000 ) ) ;
#472 = FILL_AREA_STYLE_COLOUR ( '', #718 ) ;
#473 = VECTOR ( 'NONE', #1321, 1000.000000000000000 ) ;
#474 = ORIENTED_EDGE ( 'NONE', *, *, #96, .T. ) ;
#475 = EDGE_LOOP ( 'NONE', ( #1432, #585, #363, #568 ) ) ;
#476 = DIRECTION ( 'NONE',  ( -0.0000000000000000000, -0.0000000000000000000, -1.000000000000000000 ) ) ;
#477 = CARTESIAN_POINT ( 'NONE',  ( 0.0000000000000000000, 0.3400000000000000244, 0.3499999999999999778 ) ) ;
#478 = SURFACE_STYLE_USAGE ( .BOTH. , #539 ) ;
#479 = ORIENTED_EDGE ( 'NONE', *, *, #859, .T. ) ;
#480 = DIRECTION ( 'NONE',  ( -1.000000000000000000, 0.0000000000000000000, 0.0000000000000000000 ) ) ;
#481 = ORIENTED_EDGE ( 'NONE', *, *, #1050, .F. ) ;
#482 = DIRECTION ( 'NONE',  ( 0.0000000000000000000, 1.000000000000000000, -0.0000000000000000000 ) ) ;
#483 = ORIENTED_EDGE ( 'NONE', *, *, #717, .T. ) ;
#484 =( NAMED_UNIT ( * ) SI_UNIT ( $, .STERADIAN. ) SOLID_ANGLE_UNIT ( ) );
#485 = ORIENTED_EDGE ( 'NONE', *, *, #219, .T. ) ;
#486 = DIRECTION ( 'NONE',  ( 0.0000000000000000000, -1.000000000000000000, 3.469446951953610245E-16 ) ) ;
#487 = ORIENTED_EDGE ( 'NONE', *, *, #266, .F. ) ;
#488 = STYLED_ITEM ( 'NONE', ( #666 ), #438 ) ;
#489 = ORIENTED_EDGE ( 'NONE', *, *, #194, .T. ) ;
#490 = AXIS2_PLACEMENT_3D ( 'NONE', #1252, #900, #471 ) ;
#491 = VECTOR ( 'NONE', #1350, 1000.000000000000000 ) ;
#492 = AXIS2_PLACEMENT_3D ( 'NONE', #422, #1318, #621 ) ;
#493 = ORIENTED_EDGE ( 'NONE', *, *, #1149, .T. ) ;
#494 = MECHANICAL_DESIGN_GEOMETRIC_PRESENTATION_REPRESENTATION (  '', ( #1289 ), #1389 ) ;
#495 = EDGE_CURVE ( 'NONE', #41, #1429, #1352, .T. ) ;
#496 = LINE ( 'NONE', #1053, #930 ) ;
#497 = ORIENTED_EDGE ( 'NONE', *, *, #407, .T. ) ;
#498 =( LENGTH_UNIT ( ) NAMED_UNIT ( * ) SI_UNIT ( .MILLI., .METRE. ) );
#499 = CARTESIAN_POINT ( 'NONE',  ( 0.2000000000000000111, -0.3400000000000000244, 0.3499999999999999778 ) ) ;
#500 = EDGE_LOOP ( 'NONE', ( #698, #702, #555, #164 ) ) ;
#501 = CARTESIAN_POINT ( 'NONE',  ( 0.2000000000000000111, 0.3400000000000000244, 0.3499999999999999778 ) ) ;
#502 = EDGE_CURVE ( 'NONE', #468, #372, #895, .T. ) ;
#503 = ORIENTED_EDGE ( 'NONE', *, *, #1133, .T. ) ;
#504 = FACE_OUTER_BOUND ( 'NONE', #455, .T. ) ;
#505 = PLANE ( 'NONE',  #743 ) ;
#506 = VERTEX_POINT ( 'NONE', #880 ) ;
#507 = FILL_AREA_STYLE ('',( #1059 ) ) ;
#508 = EDGE_CURVE ( 'NONE', #570, #229, #1345, .T. ) ;
#509 = SURFACE_STYLE_USAGE ( .BOTH. , #1190 ) ;
#510 = LINE ( 'NONE', #908, #607 ) ;
#511 = SURFACE_SIDE_STYLE ('',( #274 ) ) ;
#512 = VECTOR ( 'NONE', #367, 1000.000000000000000 ) ;
#513 = ORIENTED_EDGE ( 'NONE', *, *, #1118, .F. ) ;
#514 = VECTOR ( 'NONE', #646, 1000.000000000000000 ) ;
#515 = DIRECTION ( 'NONE',  ( -0.0000000000000000000, 0.0000000000000000000, 1.000000000000000000 ) ) ;
#516 = VECTOR ( 'NONE', #327, 1000.000000000000000 ) ;
#517 = LINE ( 'NONE', #761, #395 ) ;
#518 = FACE_OUTER_BOUND ( 'NONE', #500, .T. ) ;
#519 = CARTESIAN_POINT ( 'NONE',  ( 0.0000000000000000000, -0.3400000000000000244, 0.3499999999999999778 ) ) ;
#520 = EDGE_CURVE ( 'NONE', #989, #1150, #103, .T. ) ;
#521 = ORIENTED_EDGE ( 'NONE', *, *, #96, .F. ) ;
#522 = PLANE ( 'NONE',  #140 ) ;
#523 = PLANE ( 'NONE',  #602 ) ;
#524 = LINE ( 'NONE', #1298, #677 ) ;
#525 = CARTESIAN_POINT ( 'NONE',  ( 0.0000000000000000000, -0.3400000000000000244, 0.2999999999999999889 ) ) ;
#526 = CARTESIAN_POINT ( 'NONE',  ( -0.1214999999999999969, -0.2899999999999999800, 0.3300000000000000155 ) ) ;
#527 = LINE ( 'NONE', #413, #590 ) ;
#528 = PRODUCT_DEFINITION ( 'UNKNOWN', '', #316, #1058 ) ;
#529 = ORIENTED_EDGE ( 'NONE', *, *, #1393, .T. ) ;
#530 = DIRECTION ( 'NONE',  ( -0.0000000000000000000, -1.000000000000000000, 0.0000000000000000000 ) ) ;
#531 = ADVANCED_FACE ( 'NONE', ( #94 ), #673, .T. ) ;
#532 = CARTESIAN_POINT ( 'NONE',  ( 0.2500000000000000000, 0.3750000000000000000, 0.1749999999999999889 ) ) ;
#533 = PLANE ( 'NONE',  #1191 ) ;
#534 = DIRECTION ( 'NONE',  ( 0.0000000000000000000, -1.000000000000000000, 0.0000000000000000000 ) ) ;
#535 = LINE ( 'NONE', #626, #1362 ) ;
#536 = MECHANICAL_DESIGN_GEOMETRIC_PRESENTATION_REPRESENTATION (  '', ( #344 ), #371 ) ;
#537 = CARTESIAN_POINT ( 'NONE',  ( 0.2000000000000000111, 0.5000000000000000000, 0.3499999999999999778 ) ) ;
#538 = VECTOR ( 'NONE', #267, 1000.000000000000000 ) ;
#539 = SURFACE_SIDE_STYLE ('',( #918 ) ) ;
#540 = ORIENTED_EDGE ( 'NONE', *, *, #175, .F. ) ;
#541 = EDGE_CURVE ( 'NONE', #112, #269, #510, .T. ) ;
#542 = CARTESIAN_POINT ( 'NONE',  ( -0.2489999999999999714, 0.3400000000000000244, 0.3000000000000000444 ) ) ;
#543 = LINE ( 'NONE', #178, #1261 ) ;
#544 = CARTESIAN_POINT ( 'NONE',  ( 0.0000000000000000000, -0.4500000000000000666, 0.05000000000000019706 ) ) ;
#545 = LINE ( 'NONE', #641, #234 ) ;
#546 = DIRECTION ( 'NONE',  ( 0.0000000000000000000, -1.927470528863120035E-16, 1.000000000000000000 ) ) ;
#547 = CARTESIAN_POINT ( 'NONE',  ( -0.2500000000000000000, 0.3750000000000000000, 0.1749999999999999889 ) ) ;
#548 = SURFACE_STYLE_FILL_AREA ( #1324 ) ;
#549 = ADVANCED_FACE ( 'NONE', ( #1360 ), #797, .T. ) ;
#550 = ORIENTED_EDGE ( 'NONE', *, *, #1303, .F. ) ;
#551 = CARTESIAN_POINT ( 'NONE',  ( 0.0000000000000000000, 0.5000000000000000000, 1.647987302177969944E-16 ) ) ;
#552 = CARTESIAN_POINT ( 'NONE',  ( 0.0000000000000000000, -0.5000000000000000000, 0.3499999999999999778 ) ) ;
#553 = VERTEX_POINT ( 'NONE', #635 ) ;
#554 = CARTESIAN_POINT ( 'NONE',  ( -0.2500000000000000000, -0.5000000000000000000, 1.174552353525963055E-16 ) ) ;
#555 = ORIENTED_EDGE ( 'NONE', *, *, #1208, .F. ) ;
#556 = LINE ( 'NONE', #332, #911 ) ;
#557 = CARTESIAN_POINT ( 'NONE',  ( -0.2489999999999999714, 0.0000000000000000000, 0.05000000000000029421 ) ) ;
#558 = ORIENTED_EDGE ( 'NONE', *, *, #290, .T. ) ;
#559 = VECTOR ( 'NONE', #1117, 1000.000000000000000 ) ;
#560 = STYLED_ITEM ( 'NONE', ( #1086 ), #634 ) ;
#561 = VECTOR ( 'NONE', #530, 1000.000000000000000 ) ;
#562 = CARTESIAN_POINT ( 'NONE',  ( -0.2500000000000000000, -0.3750000000000000000, 0.2999999999999999889 ) ) ;
#563 = ORIENTED_EDGE ( 'NONE', *, *, #1172, .T. ) ;
#564 = FILL_AREA_STYLE_COLOUR ( '', #1028 ) ;
#565 = LINE ( 'NONE', #1132, #1074 ) ;
#566 = ADVANCED_FACE ( 'NONE', ( #854 ), #1311, .T. ) ;
#567 = FILL_AREA_STYLE_COLOUR ( '', #159 ) ;
#568 = ORIENTED_EDGE ( 'NONE', *, *, #1381, .T. ) ;
#569 = CARTESIAN_POINT ( 'NONE',  ( 0.2429999999999999383, 0.3200000000000001732, 0.2999999999999999889 ) ) ;
#570 = VERTEX_POINT ( 'NONE', #967 ) ;
#571 = DIRECTION ( 'NONE',  ( 1.000000000000000000, 0.0000000000000000000, -0.0000000000000000000 ) ) ;
#572 = FACE_OUTER_BOUND ( 'NONE', #732, .T. ) ;
#573 = ORIENTED_EDGE ( 'NONE', *, *, #1327, .F. ) ;
#574 = EDGE_CURVE ( 'NONE', #412, #924, #200, .T. ) ;
#575 = DIRECTION ( 'NONE',  ( 1.000000000000000000, 0.0000000000000000000, 0.0000000000000000000 ) ) ;
#576 = ORIENTED_EDGE ( 'NONE', *, *, #1208, .T. ) ;
#577 = CARTESIAN_POINT ( 'NONE',  ( 0.2500000000000000000, 0.2500000000000000000, 0.05000000000000021094 ) ) ;
#578 = DIRECTION ( 'NONE',  ( 1.000000000000000000, 0.0000000000000000000, 0.0000000000000000000 ) ) ;
#579 = FACE_OUTER_BOUND ( 'NONE', #694, .T. ) ;
#580 = VERTEX_POINT ( 'NONE', #762 ) ;
#581 = ADVANCED_FACE ( 'NONE', ( #756 ), #658, .T. ) ;
#582 = LINE ( 'NONE', #381, #1095 ) ;
#583 = EDGE_CURVE ( 'NONE', #1396, #924, #101, .T. ) ;
#584 = VECTOR ( 'NONE', #1148, 1000.000000000000000 ) ;
#585 = ORIENTED_EDGE ( 'NONE', *, *, #583, .T. ) ;
#586 = CARTESIAN_POINT ( 'NONE',  ( -0.2429999999999999938, 0.2600000000000000089, 0.3599999999999999867 ) ) ;
#587 = AXIS2_PLACEMENT_3D ( 'NONE', #960, #311, #974 ) ;
#588 = COLOUR_RGB ( '',0.03921568627450980338, 0.03921568627450980338, 0.03921568627450980338 ) ;
#589 = CARTESIAN_POINT ( 'NONE',  ( 0.2500000000000000000, 0.2500000000000000000, 0.1749999999999999889 ) ) ;
#590 = VECTOR ( 'NONE', #968, 1000.000000000000000 ) ;
#591 = VERTEX_POINT ( 'NONE', #1199 ) ;
#592 =( LENGTH_UNIT ( ) NAMED_UNIT ( * ) SI_UNIT ( .MILLI., .METRE. ) );
#593 = ADVANCED_FACE ( 'NONE', ( #68 ), #423, .T. ) ;
#594 = FILL_AREA_STYLE ('',( #262 ) ) ;
#595 = ORIENTED_EDGE ( 'NONE', *, *, #1164, .F. ) ;
#596 = DIRECTION ( 'NONE',  ( 0.0000000000000000000, 0.0000000000000000000, 1.000000000000000000 ) ) ;
#597 = ORIENTED_EDGE ( 'NONE', *, *, #212, .F. ) ;
#598 = PLANE ( 'NONE',  #676 ) ;
#599 = SURFACE_STYLE_USAGE ( .BOTH. , #511 ) ;
#600 = ORIENTED_EDGE ( 'NONE', *, *, #1308, .T. ) ;
#601 =( NAMED_UNIT ( * ) SI_UNIT ( $, .STERADIAN. ) SOLID_ANGLE_UNIT ( ) );
#602 = AXIS2_PLACEMENT_3D ( 'NONE', #964, #1219, #1210 ) ;
#603 = VERTEX_POINT ( 'NONE', #1206 ) ;
#604 = LINE ( 'NONE', #146, #40 ) ;
#605 = VERTEX_POINT ( 'NONE', #115 ) ;
#606 = AXIS2_PLACEMENT_3D ( 'NONE', #336, #1007, #99 ) ;
#607 = VECTOR ( 'NONE', #954, 1000.000000000000000 ) ;
#608 = EDGE_CURVE ( 'NONE', #1259, #882, #230, .T. ) ;
#609 = EDGE_LOOP ( 'NONE', ( #325, #181, #550, #156 ) ) ;
#610 = CARTESIAN_POINT ( 'NONE',  ( -0.2000000000000000111, -0.2699999999999997402, 0.3499999999999999778 ) ) ;
#611 = VERTEX_POINT ( 'NONE', #577 ) ;
#612 = DIRECTION ( 'NONE',  ( -1.000000000000000000, -0.0000000000000000000, -0.0000000000000000000 ) ) ;
#613 = LINE ( 'NONE', #842, #1313 ) ;
#614 = ORIENTED_EDGE ( 'NONE', *, *, #792, .F. ) ;
#615 = PLANE ( 'NONE',  #675 ) ;
#616 = CARTESIAN_POINT ( 'NONE',  ( 0.0000000000000000000, 0.4500000000000000666, 0.05000000000000029421 ) ) ;
#617 = CARTESIAN_POINT ( 'NONE',  ( -0.2500000000000000000, 0.3750000000000000000, 0.05000000000000021094 ) ) ;
#618 = ORIENTED_EDGE ( 'NONE', *, *, #23, .T. ) ;
#619 = FACE_OUTER_BOUND ( 'NONE', #669, .T. ) ;
#620 = DIRECTION ( 'NONE',  ( -0.0000000000000000000, 1.000000000000000000, 1.927470528863120035E-16 ) ) ;
#621 = DIRECTION ( 'NONE',  ( 0.0000000000000000000, -0.0000000000000000000, 1.000000000000000000 ) ) ;
#622 = EDGE_CURVE ( 'NONE', #271, #1271, #786, .T. ) ;
#623 = PLANE ( 'NONE',  #739 ) ;
#624 =( NAMED_UNIT ( * ) SI_UNIT ( $, .STERADIAN. ) SOLID_ANGLE_UNIT ( ) );
#625 = AXIS2_PLACEMENT_3D ( 'NONE', #280, #1177, #1411 ) ;
#626 = CARTESIAN_POINT ( 'NONE',  ( -0.1999999999999999833, -0.4500000000000000666, 0.2999999999999999889 ) ) ;
#627 = VECTOR ( 'NONE', #447, 1000.000000000000000 ) ;
#628 = ORIENTED_EDGE ( 'NONE', *, *, #915, .F. ) ;
#629 = VECTOR ( 'NONE', #476, 1000.000000000000000 ) ;
#630 = DIRECTION ( 'NONE',  ( 1.000000000000000000, 0.0000000000000000000, 0.0000000000000000000 ) ) ;
#631 = VECTOR ( 'NONE', #1153, 1000.000000000000000 ) ;
#632 = FACE_OUTER_BOUND ( 'NONE', #642, .T. ) ;
#633 = PLANE ( 'NONE',  #42 ) ;
#634 = ADVANCED_BREP_SHAPE_REPRESENTATION ( '703EB0B7-2396-4051-91D3-946B22CEEB90', ( #1128, #606 ), #1124 ) ;
#635 = CARTESIAN_POINT ( 'NONE',  ( -0.2500000000000000000, 0.4500000000000000666, 0.05000000000000021094 ) ) ;
#636 = DIRECTION ( 'NONE',  ( -0.0000000000000000000, -0.0000000000000000000, -1.000000000000000000 ) ) ;
#637 = ADVANCED_FACE ( 'NONE', ( #1235 ), #5, .T. ) ;
#638 = ORIENTED_EDGE ( 'NONE', *, *, #699, .T. ) ;
#639 = DIRECTION ( 'NONE',  ( 0.0000000000000000000, -0.0000000000000000000, -1.000000000000000000 ) ) ;
#640 = CARTESIAN_POINT ( 'NONE',  ( 0.2500000000000000000, 0.3750000000000000000, 1.626303258728256651E-16 ) ) ;
#641 = CARTESIAN_POINT ( 'NONE',  ( 0.2489999999999999714, 0.0000000000000000000, 0.05000000000000029421 ) ) ;
#642 = EDGE_LOOP ( 'NONE', ( #777, #1035, #1218, #254 ) ) ;
#643 = EDGE_CURVE ( 'NONE', #143, #820, #1032, .T. ) ;
#644 = FACE_OUTER_BOUND ( 'NONE', #322, .T. ) ;
#645 = ORIENTED_EDGE ( 'NONE', *, *, #1017, .F. ) ;
#646 = DIRECTION ( 'NONE',  ( 0.0000000000000000000, 1.000000000000000000, 0.0000000000000000000 ) ) ;
#647 = PLANE ( 'NONE',  #587 ) ;
#648 = SURFACE_STYLE_USAGE ( .BOTH. , #730 ) ;
#649 = DIRECTION ( 'NONE',  ( -1.000000000000000000, -0.0000000000000000000, 0.0000000000000000000 ) ) ;
#650 = EDGE_CURVE ( 'NONE', #1271, #1112, #109, .T. ) ;
#651 =( GEOMETRIC_REPRESENTATION_CONTEXT ( 3 ) GLOBAL_UNCERTAINTY_ASSIGNED_CONTEXT ( ( #359 ) ) GLOBAL_UNIT_ASSIGNED_CONTEXT ( ( #1056, #165, #378 ) ) REPRESENTATION_CONTEXT ( 'NONE', 'WORKASPACE' ) );
#652 = VECTOR ( 'NONE', #1085, 1000.000000000000000 ) ;
#653 = LINE ( 'NONE', #245, #20 ) ;
#654 = DIRECTION ( 'NONE',  ( -1.000000000000000000, -0.0000000000000000000, -0.0000000000000000000 ) ) ;
#655 = CARTESIAN_POINT ( 'NONE',  ( 0.0000000000000000000, -0.2500000000000000000, 0.05000000000000019706 ) ) ;
#656 = VECTOR ( 'NONE', #649, 1000.000000000000000 ) ;
#657 = SURFACE_STYLE_FILL_AREA ( #411 ) ;
#658 = PLANE ( 'NONE',  #1336 ) ;
#659 = CARTESIAN_POINT ( 'NONE',  ( 0.2489999999999999714, 0.2500000000000000000, 0.05000000000000029421 ) ) ;
#660 =( NAMED_UNIT ( * ) SI_UNIT ( $, .STERADIAN. ) SOLID_ANGLE_UNIT ( ) );
#661 = ORIENTED_EDGE ( 'NONE', *, *, #1070, .F. ) ;
#662 = CARTESIAN_POINT ( 'NONE',  ( -0.2000000000000000111, 0.2700000000000000178, 0.3499999999999999778 ) ) ;
#663 = ORIENTED_EDGE ( 'NONE', *, *, #915, .T. ) ;
#664 = DIRECTION ( 'NONE',  ( -0.0000000000000000000, 0.0000000000000000000, -1.000000000000000000 ) ) ;
#665 = SURFACE_STYLE_FILL_AREA ( #216 ) ;
#666 = PRESENTATION_STYLE_ASSIGNMENT (( #454 ) ) ;
#667 = ORIENTED_EDGE ( 'NONE', *, *, #407, .F. ) ;
#668 = DIRECTION ( 'NONE',  ( -1.000000000000000000, -0.0000000000000000000, -0.0000000000000000000 ) ) ;
#669 = EDGE_LOOP ( 'NONE', ( #513, #1046, #573, #1361 ) ) ;
#670 = EDGE_CURVE ( 'NONE', #263, #851, #556, .T. ) ;
#671 =( NAMED_UNIT ( * ) SI_UNIT ( $, .STERADIAN. ) SOLID_ANGLE_UNIT ( ) );
#672 = VECTOR ( 'NONE', #620, 1000.000000000000000 ) ;
#673 = PLANE ( 'NONE',  #741 ) ;
#674 = ORIENTED_EDGE ( 'NONE', *, *, #1254, .T. ) ;
#675 = AXIS2_PLACEMENT_3D ( 'NONE', #1223, #546, #431 ) ;
#676 = AXIS2_PLACEMENT_3D ( 'NONE', #723, #155, #260 ) ;
#677 = VECTOR ( 'NONE', #87, 1000.000000000000000 ) ;
#678 = ORIENTED_EDGE ( 'NONE', *, *, #1017, .T. ) ;
#679 = PLANE ( 'NONE',  #1285 ) ;
#680 = PRESENTATION_LAYER_ASSIGNMENT (  '', '', ( #1171 ) ) ;
#681 = DIRECTION ( 'NONE',  ( 0.0000000000000000000, -0.0000000000000000000, 1.000000000000000000 ) ) ;
#682 = ORIENTED_EDGE ( 'NONE', *, *, #343, .F. ) ;
#683 = CARTESIAN_POINT ( 'NONE',  ( 0.0000000000000000000, -0.3400000000000000244, 0.2999999999999999889 ) ) ;
#684 = ORIENTED_EDGE ( 'NONE', *, *, #810, .F. ) ;
#685 = CARTESIAN_POINT ( 'NONE',  ( -0.2429999999999999938, 0.3200000000000000067, 0.2999999999999999889 ) ) ;
#686 = ADVANCED_FACE ( 'NONE', ( #1365 ), #1120, .T. ) ;
#687 = VERTEX_POINT ( 'NONE', #1008 ) ;
#688 = ORIENTED_EDGE ( 'NONE', *, *, #755, .F. ) ;
#689 = CARTESIAN_POINT ( 'NONE',  ( -0.2500000000000000000, -0.3750000000000000000, 1.355252715606880543E-16 ) ) ;
#690 = DIRECTION ( 'NONE',  ( 0.0000000000000000000, 0.0000000000000000000, -1.000000000000000000 ) ) ;
#691 = VERTEX_POINT ( 'NONE', #1227 ) ;
#692 = DIRECTION ( 'NONE',  ( 0.0000000000000000000, -0.7071067811865480168, 0.7071067811865470176 ) ) ;
#693 = AXIS2_PLACEMENT_3D ( 'NONE', #1249, #480, #264 ) ;
#694 = EDGE_LOOP ( 'NONE', ( #1131, #818, #870, #1331, #1075, #909, #801, #1346 ) ) ;
#695 = PLANE ( 'NONE',  #277 ) ;
#696 = CARTESIAN_POINT ( 'NONE',  ( 0.2500000000000000000, 0.4500000000000000666, 0.2999999999999999889 ) ) ;
#697 = ORIENTED_EDGE ( 'NONE', *, *, #541, .F. ) ;
#698 = ORIENTED_EDGE ( 'NONE', *, *, #121, .F. ) ;
#699 = EDGE_CURVE ( 'NONE', #920, #269, #356, .T. ) ;
#700 = DIRECTION ( 'NONE',  ( 0.0000000000000000000, -0.7071067811865474617, -0.7071067811865474617 ) ) ;
#701 = CARTESIAN_POINT ( 'NONE',  ( 0.2489999999999999714, -0.3400000000000000244, 0.2999999999999999889 ) ) ;
#702 = ORIENTED_EDGE ( 'NONE', *, *, #83, .F. ) ;
#703 = CARTESIAN_POINT ( 'NONE',  ( 0.2000000000000000111, 0.3400000000000000244, 0.2999999999999999889 ) ) ;
#704 = ORIENTED_EDGE ( 'NONE', *, *, #1272, .T. ) ;
#705 = CARTESIAN_POINT ( 'NONE',  ( 0.2500000000000000000, 0.3750000000000000000, 0.05000000000000021094 ) ) ;
#706 = CARTESIAN_POINT ( 'NONE',  ( -0.2489999999999999714, 0.2500000000000000000, 0.05000000000000025258 ) ) ;
#707 = EDGE_CURVE ( 'NONE', #820, #1259, #1251, .T. ) ;
#708 = ORIENTED_EDGE ( 'NONE', *, *, #108, .T. ) ;
#709 = DIRECTION ( 'NONE',  ( 0.0000000000000000000, 1.653157485159759997E-16, -1.000000000000000000 ) ) ;
#710 = ORIENTED_EDGE ( 'NONE', *, *, #1089, .T. ) ;
#711 = VECTOR ( 'NONE', #1183, 1000.000000000000000 ) ;
#712 = CARTESIAN_POINT ( 'NONE',  ( 1.040834085586080066E-16, -2.775557561562889872E-16, 0.3599999999999999867 ) ) ;
#713 = PRODUCT_RELATED_PRODUCT_CATEGORY ( 'part', '', ( #1441 ) ) ;
#714 = VECTOR ( 'NONE', #596, 1000.000000000000000 ) ;
#715 = STYLED_ITEM ( 'NONE', ( #384 ), #1347 ) ;
#716 = FACE_OUTER_BOUND ( 'NONE', #1180, .T. ) ;
#717 = EDGE_CURVE ( 'NONE', #919, #271, #921, .T. ) ;
#718 = COLOUR_RGB ( '',0.03921568627450980338, 0.03921568627450980338, 0.03921568627450980338 ) ;
#719 = VECTOR ( 'NONE', #1160, 1000.000000000000000 ) ;
#720 = VERTEX_POINT ( 'NONE', #221 ) ;
#721 = EDGE_CURVE ( 'NONE', #1421, #913, #138, .T. ) ;
#722 = CARTESIAN_POINT ( 'NONE',  ( 0.0000000000000000000, -0.2500000000000000000, 0.05000000000000019706 ) ) ;
#723 = CARTESIAN_POINT ( 'NONE',  ( 0.0000000000000000000, 0.2500000000000000000, 1.540859630674859927E-16 ) ) ;
#724 = FILL_AREA_STYLE_COLOUR ( '', #279 ) ;
#725 = EDGE_LOOP ( 'NONE', ( #774, #1282, #825, #1370, #285 ) ) ;
#726 = EDGE_CURVE ( 'NONE', #767, #611, #24, .T. ) ;
#727 = LINE ( 'NONE', #1416, #1123 ) ;
#728 = VERTEX_POINT ( 'NONE', #1055 ) ;
#729 = FACE_OUTER_BOUND ( 'NONE', #1004, .T. ) ;
#730 = SURFACE_SIDE_STYLE ('',( #404 ) ) ;
#731 = LINE ( 'NONE', #879, #1241 ) ;
#732 = EDGE_LOOP ( 'NONE', ( #45, #463, #529, #857 ) ) ;
#733 = DIRECTION ( 'NONE',  ( 0.0000000000000000000, 1.000000000000000000, 0.0000000000000000000 ) ) ;
#734 = CLOSED_SHELL ( 'NONE', ( #1395, #998, #531, #1337, #581, #438, #775, #10, #686, #637, #39, #429, #354, #747, #168, #1339, #970, #1264, #945, #1329, #1082, #1414, #158, #736, #1468, #1140, #912, #233, #1347, #329, #1433, #50, #566, #1386, #593, #118, #1134, #421, #549, #1445, #456, #1111 ) ) ;
#735 = CARTESIAN_POINT ( 'NONE',  ( -0.1999999999999999833, -0.3199999999999999512, 0.3000000000000000444 ) ) ;
#736 = ADVANCED_FACE ( 'NONE', ( #504 ), #695, .T. ) ;
#737 = CARTESIAN_POINT ( 'NONE',  ( 0.0000000000000000000, 0.4500000000000000666, 0.2999999999999999889 ) ) ;
#738 = DIRECTION ( 'NONE',  ( -0.0000000000000000000, 1.000000000000000000, 1.927470528863120035E-16 ) ) ;
#739 = AXIS2_PLACEMENT_3D ( 'NONE', #873, #80, #848 ) ;
#740 = ORIENTED_EDGE ( 'NONE', *, *, #541, .T. ) ;
#741 = AXIS2_PLACEMENT_3D ( 'NONE', #830, #1062, #58 ) ;
#742 = LINE ( 'NONE', #78, #1384 ) ;
#743 = AXIS2_PLACEMENT_3D ( 'NONE', #1049, #831, #1405 ) ;
#744 = CARTESIAN_POINT ( 'NONE',  ( -0.2000000000000000111, 0.3400000000000000244, 0.3499999999999999778 ) ) ;
#745 = FILL_AREA_STYLE_COLOUR ( '', #813 ) ;
#746 = VERTEX_POINT ( 'NONE', #47 ) ;
#747 = ADVANCED_FACE ( 'NONE', ( #1371 ), #944, .T. ) ;
#748 = CARTESIAN_POINT ( 'NONE',  ( 0.0000000000000000000, 0.4500000000000000666, 0.2999999999999999889 ) ) ;
#749 = CARTESIAN_POINT ( 'NONE',  ( -0.2489999999999999714, 0.4500000000000000666, 0.05000000000000025258 ) ) ;
#750 = VERTEX_POINT ( 'NONE', #1412 ) ;
#751 = DIRECTION ( 'NONE',  ( 0.0000000000000000000, -1.000000000000000000, 3.469446951953610245E-16 ) ) ;
#752 = FACE_OUTER_BOUND ( 'NONE', #1364, .T. ) ;
#753 = DIRECTION ( 'NONE',  ( 0.0000000000000000000, 1.000000000000000000, -0.0000000000000000000 ) ) ;
#754 =( LENGTH_UNIT ( ) NAMED_UNIT ( * ) SI_UNIT ( .MILLI., .METRE. ) );
#755 = EDGE_CURVE ( 'NONE', #570, #750, #286, .T. ) ;
#756 = FACE_OUTER_BOUND ( 'NONE', #936, .T. ) ;
#757 = LINE ( 'NONE', #91, #1413 ) ;
#758 = DIRECTION ( 'NONE',  ( -1.000000000000000000, -0.0000000000000000000, -0.0000000000000000000 ) ) ;
#759 = LINE ( 'NONE', #240, #1073 ) ;
#760 = FILL_AREA_STYLE_COLOUR ( '', #950 ) ;
#761 = CARTESIAN_POINT ( 'NONE',  ( 0.0000000000000000000, -0.2500000000000000000, 1.387778780781450113E-16 ) ) ;
#762 = CARTESIAN_POINT ( 'NONE',  ( -0.2500000000000000000, -0.4500000000000000666, 0.05000000000000029421 ) ) ;
#763 = DIRECTION ( 'NONE',  ( -0.0000000000000000000, 1.387778780781439956E-15, -1.000000000000000000 ) ) ;
#764 = VECTOR ( 'NONE', #1302, 1000.000000000000000 ) ;
#765 =( LENGTH_UNIT ( ) NAMED_UNIT ( * ) SI_UNIT ( .MILLI., .METRE. ) );
#766 = VECTOR ( 'NONE', #1358, 1000.000000000000000 ) ;
#767 = VERTEX_POINT ( 'NONE', #965 ) ;
#768 = DIRECTION ( 'NONE',  ( 0.0000000000000000000, 0.0000000000000000000, 1.000000000000000000 ) ) ;
#769 = VECTOR ( 'NONE', #763, 1000.000000000000000 ) ;
#770 = ORIENTED_EDGE ( 'NONE', *, *, #194, .F. ) ;
#771 = FILL_AREA_STYLE_COLOUR ( '', #1000 ) ;
#772 = EDGE_CURVE ( 'NONE', #143, #358, #524, .T. ) ;
#773 = CARTESIAN_POINT ( 'NONE',  ( 0.2000000000000000111, -0.3400000000000000244, 0.3000000000000003220 ) ) ;
#774 = ORIENTED_EDGE ( 'NONE', *, *, #1320, .T. ) ;
#775 = ADVANCED_FACE ( 'NONE', ( #729 ), #633, .T. ) ;
#776 = DIRECTION ( 'NONE',  ( -0.0000000000000000000, -1.000000000000000000, 0.0000000000000000000 ) ) ;
#777 = ORIENTED_EDGE ( 'NONE', *, *, #219, .F. ) ;
#778 = CARTESIAN_POINT ( 'NONE',  ( 0.2000000000000000111, 0.3400000000000000244, 0.2999999999999999889 ) ) ;
#779 = LINE ( 'NONE', #557, #871 ) ;
#780 = PRESENTATION_STYLE_ASSIGNMENT (( #340 ) ) ;
#781 = ORIENTED_EDGE ( 'NONE', *, *, #622, .F. ) ;
#782 = CARTESIAN_POINT ( 'NONE',  ( 0.2000000000000000111, -0.3400000000000000244, 0.2999999999999999889 ) ) ;
#783 = EDGE_CURVE ( 'NONE', #197, #1150, #403, .T. ) ;
#784 = PRODUCT_CONTEXT ( 'NONE', #856, 'mechanical' ) ;
#785 = ORIENTED_EDGE ( 'NONE', *, *, #266, .T. ) ;
#786 = LINE ( 'NONE', #451, #978 ) ;
#787 = SURFACE_STYLE_USAGE ( .BOTH. , #917 ) ;
#788 = CARTESIAN_POINT ( 'NONE',  ( -0.2500000000000000000, 0.2500000000000000000, 0.05000000000000016931 ) ) ;
#789 = EDGE_LOOP ( 'NONE', ( #415, #1165, #1401, #827 ) ) ;
#790 = VECTOR ( 'NONE', #1189, 1000.000000000000000 ) ;
#791 = CARTESIAN_POINT ( 'NONE',  ( 0.1214999999999999969, 0.2700000000000000178, 0.3499999999999999778 ) ) ;
#792 = EDGE_CURVE ( 'NONE', #361, #1137, #860, .T. ) ;
#793 = ORIENTED_EDGE ( 'NONE', *, *, #290, .F. ) ;
#794 = DIRECTION ( 'NONE',  ( 0.0000000000000000000, -1.000000000000000000, -1.927470528863120035E-16 ) ) ;
#795 = LINE ( 'NONE', #1138, #516 ) ;
#796 = DIRECTION ( 'NONE',  ( 0.0000000000000000000, 1.000000000000000000, 0.0000000000000000000 ) ) ;
#797 = PLANE ( 'NONE',  #348 ) ;
#798 = ORIENTED_EDGE ( 'NONE', *, *, #93, .F. ) ;
#799 = CARTESIAN_POINT ( 'NONE',  ( 0.2500000000000000000, -0.3750000000000000000, 0.2999999999999999889 ) ) ;
#800 =( NAMED_UNIT ( * ) SI_UNIT ( $, .STERADIAN. ) SOLID_ANGLE_UNIT ( ) );
#801 = ORIENTED_EDGE ( 'NONE', *, *, #258, .F. ) ;
#802 = CARTESIAN_POINT ( 'NONE',  ( 0.2500000000000000000, -0.5000000000000000000, 0.1749999999999999889 ) ) ;
#803 = DIRECTION ( 'NONE',  ( 1.000000000000000000, 2.168404344971010347E-16, 0.0000000000000000000 ) ) ;
#804 = LINE ( 'NONE', #426, #892 ) ;
#805 = ORIENTED_EDGE ( 'NONE', *, *, #1308, .F. ) ;
#806 = LINE ( 'NONE', #703, #1146 ) ;
#807 = ORIENTED_EDGE ( 'NONE', *, *, #574, .T. ) ;
#808 = CARTESIAN_POINT ( 'NONE',  ( -0.2489999999999999714, 0.0000000000000000000, 0.2999999999999999889 ) ) ;
#809 = ORIENTED_EDGE ( 'NONE', *, *, #1232, .T. ) ;
#810 = EDGE_CURVE ( 'NONE', #924, #41, #951, .T. ) ;
#811 = LINE ( 'NONE', #799, #1409 ) ;
#812 = AXIS2_PLACEMENT_3D ( 'NONE', #465, #124, #226 ) ;
#813 = COLOUR_RGB ( '',0.7450980392156862919, 0.7450980392156862919, 0.7450980392156862919 ) ;
#814 = VECTOR ( 'NONE', #1167, 1000.000000000000000 ) ;
#815 = ORIENTED_EDGE ( 'NONE', *, *, #77, .T. ) ;
#816 = VECTOR ( 'NONE', #198, 1000.000000000000000 ) ;
#817 = FACE_OUTER_BOUND ( 'NONE', #966, .T. ) ;
#818 = ORIENTED_EDGE ( 'NONE', *, *, #1070, .T. ) ;
#819 = VECTOR ( 'NONE', #961, 1000.000000000000000 ) ;
#820 = VERTEX_POINT ( 'NONE', #744 ) ;
#821 = LINE ( 'NONE', #353, #512 ) ;
#822 = EDGE_CURVE ( 'NONE', #1406, #720, #398, .T. ) ;
#823 = ORIENTED_EDGE ( 'NONE', *, *, #721, .T. ) ;
#824 = CARTESIAN_POINT ( 'NONE',  ( 0.2429999999999999938, -0.2600000000000000089, 0.3599999999999999867 ) ) ;
#825 = ORIENTED_EDGE ( 'NONE', *, *, #707, .F. ) ;
#826 =( LENGTH_UNIT ( ) NAMED_UNIT ( * ) SI_UNIT ( .MILLI., .METRE. ) );
#827 = ORIENTED_EDGE ( 'NONE', *, *, #212, .T. ) ;
#828 = LINE ( 'NONE', #1276, #584 ) ;
#829 = EDGE_LOOP ( 'NONE', ( #382, #1198, #1063, #1415, #474 ) ) ;
#830 = CARTESIAN_POINT ( 'NONE',  ( 0.1214999999999999969, 0.2899999999999999800, 0.3300000000000000155 ) ) ;
#831 = DIRECTION ( 'NONE',  ( 1.000000000000000000, -0.0000000000000000000, 0.0000000000000000000 ) ) ;
#832 = ORIENTED_EDGE ( 'NONE', *, *, #67, .T. ) ;
#833 = CARTESIAN_POINT ( 'NONE',  ( -0.2500000000000000000, 0.3400000000000000244, 0.3499999999999999778 ) ) ;
#834 = MECHANICAL_DESIGN_GEOMETRIC_PRESENTATION_REPRESENTATION (  '', ( #862 ), #297 ) ;
#835 = EDGE_LOOP ( 'NONE', ( #217, #1269, #283, #1457, #11, #805 ) ) ;
#836 = DIRECTION ( 'NONE',  ( 0.0000000000000000000, -1.000000000000000000, 0.0000000000000000000 ) ) ;
#837 = SURFACE_STYLE_FILL_AREA ( #251 ) ;
#838 = VECTOR ( 'NONE', #1315, 1000.000000000000000 ) ;
#839 = EDGE_CURVE ( 'NONE', #746, #130, #410, .T. ) ;
#840 = AXIS2_PLACEMENT_3D ( 'NONE', #712, #1061, #57 ) ;
#841 = VECTOR ( 'NONE', #1195, 1000.000000000000000 ) ;
#842 = CARTESIAN_POINT ( 'NONE',  ( -0.2489999999999999714, 0.0000000000000000000, 0.05000000000000029421 ) ) ;
#843 = AXIS2_PLACEMENT_3D ( 'NONE', #172, #709, #157 ) ;
#844 = EDGE_LOOP ( 'NONE', ( #890, #33, #1145, #923 ) ) ;
#845 = CARTESIAN_POINT ( 'NONE',  ( 0.2489999999999999714, 0.4500000000000000666, 0.05000000000000029421 ) ) ;
#846 = CARTESIAN_POINT ( 'NONE',  ( 0.0000000000000000000, -0.4500000000000000666, 0.2999999999999999889 ) ) ;
#847 = DIRECTION ( 'NONE',  ( 0.0000000000000000000, -1.000000000000000000, -1.927470528863120035E-16 ) ) ;
#848 = DIRECTION ( 'NONE',  ( 0.0000000000000000000, -0.0000000000000000000, -1.000000000000000000 ) ) ;
#849 = SURFACE_STYLE_FILL_AREA ( #1293 ) ;
#850 = EDGE_CURVE ( 'NONE', #691, #893, #517, .T. ) ;
#851 = VERTEX_POINT ( 'NONE', #1435 ) ;
#852 = PLANE ( 'NONE',  #887 ) ;
#853 = CARTESIAN_POINT ( 'NONE',  ( -0.2489999999999999714, -0.4500000000000000666, 0.2999999999999999889 ) ) ;
#854 = FACE_OUTER_BOUND ( 'NONE', #1105, .T. ) ;
#855 = LINE ( 'NONE', #295, #373 ) ;
#856 = APPLICATION_CONTEXT ( 'automotive_design' ) ;
#857 = ORIENTED_EDGE ( 'NONE', *, *, #839, .T. ) ;
#858 = LINE ( 'NONE', #1182, #561 ) ;
#859 = EDGE_CURVE ( 'NONE', #1294, #1377, #959, .T. ) ;
#860 = LINE ( 'NONE', #973, #1003 ) ;
#861 =( NAMED_UNIT ( * ) PLANE_ANGLE_UNIT ( ) SI_UNIT ( $, .RADIAN. ) );
#862 = STYLED_ITEM ( 'NONE', ( #1256 ), #168 ) ;
#863 = ORIENTED_EDGE ( 'NONE', *, *, #783, .T. ) ;
#864 = VECTOR ( 'NONE', #111, 1000.000000000000000 ) ;
#865 = CARTESIAN_POINT ( 'NONE',  ( -0.2429999999999999938, -0.2600000000000000089, 0.3599999999999999867 ) ) ;
#866 = VECTOR ( 'NONE', #847, 1000.000000000000000 ) ;
#867 = ORIENTED_EDGE ( 'NONE', *, *, #772, .T. ) ;
#868 = AXIS2_PLACEMENT_3D ( 'NONE', #477, #1023, #239 ) ;
#869 = LINE ( 'NONE', #1431, #1357 ) ;
#870 = ORIENTED_EDGE ( 'NONE', *, *, #1118, .T. ) ;
#871 = VECTOR ( 'NONE', #1121, 1000.000000000000000 ) ;
#872 = LINE ( 'NONE', #877, #419 ) ;
#873 = CARTESIAN_POINT ( 'NONE',  ( 0.0000000000000000000, 0.4500000000000000666, 0.2999999999999999889 ) ) ;
#874 = CARTESIAN_POINT ( 'NONE',  ( -0.2500000000000000000, 0.5000000000000000000, 0.1749999999999999889 ) ) ;
#875 = DIRECTION ( 'NONE',  ( -1.000000000000000000, -0.0000000000000000000, -0.0000000000000000000 ) ) ;
#876 = PLANE ( 'NONE',  #625 ) ;
#877 = CARTESIAN_POINT ( 'NONE',  ( 0.0000000000000000000, 0.5000000000000000000, 1.647987302177969944E-16 ) ) ;
#878 = CARTESIAN_POINT ( 'NONE',  ( 0.2000000000000000111, 0.3400000000000000244, 0.2999999999999999889 ) ) ;
#879 = CARTESIAN_POINT ( 'NONE',  ( -0.2500000000000000000, -0.3750000000000000000, 0.05000000000000029421 ) ) ;
#880 = CARTESIAN_POINT ( 'NONE',  ( -0.2500000000000000000, 0.3400000000000000244, 0.3499999999999999778 ) ) ;
#881 = DIRECTION ( 'NONE',  ( 0.0000000000000000000, 0.0000000000000000000, 1.000000000000000000 ) ) ;
#882 = VERTEX_POINT ( 'NONE', #542 ) ;
#883 = CARTESIAN_POINT ( 'NONE',  ( -0.2500000000000000000, 0.4500000000000000666, 0.1749999999999999889 ) ) ;
#884 = ORIENTED_EDGE ( 'NONE', *, *, #453, .T. ) ;
#885 = CARTESIAN_POINT ( 'NONE',  ( 0.2500000000000000000, -0.3400000000000000244, 0.2999999999999999889 ) ) ;
#886 = EDGE_CURVE ( 'NONE', #1464, #989, #1211, .T. ) ;
#887 = AXIS2_PLACEMENT_3D ( 'NONE', #1188, #309, #1296 ) ;
#888 = FILL_AREA_STYLE ('',( #567 ) ) ;
#889 = PRESENTATION_LAYER_ASSIGNMENT (  '', '', ( #1359 ) ) ;
#890 = ORIENTED_EDGE ( 'NONE', *, *, #312, .F. ) ;
#891 = PLANE ( 'NONE',  #693 ) ;
#892 = VECTOR ( 'NONE', #875, 1000.000000000000000 ) ;
#893 = VERTEX_POINT ( 'NONE', #301 ) ;
#894 = FILL_AREA_STYLE ('',( #1245 ) ) ;
#895 = LINE ( 'NONE', #537, #228 ) ;
#896 = VERTEX_POINT ( 'NONE', #177 ) ;
#897 = DIRECTION ( 'NONE',  ( 0.0000000000000000000, 1.000000000000000000, 9.462128050782580924E-16 ) ) ;
#898 = ORIENTED_EDGE ( 'NONE', *, *, #1277, .F. ) ;
#899 = DIRECTION ( 'NONE',  ( -0.0000000000000000000, 1.000000000000000000, 0.0000000000000000000 ) ) ;
#900 = DIRECTION ( 'NONE',  ( 0.0000000000000000000, -1.000000000000000000, 1.387778780781450014E-15 ) ) ;
#901 = DIRECTION ( 'NONE',  ( 0.0000000000000000000, 1.000000000000000000, 0.0000000000000000000 ) ) ;
#902 = ORIENTED_EDGE ( 'NONE', *, *, #1303, .T. ) ;
#903 = CARTESIAN_POINT ( 'NONE',  ( -0.2500000000000000000, 0.2500000000000000000, 1.603715713468142057E-16 ) ) ;
#904 = ORIENTED_EDGE ( 'NONE', *, *, #1164, .T. ) ;
#905 = DIRECTION ( 'NONE',  ( -1.000000000000000000, -0.0000000000000000000, -0.0000000000000000000 ) ) ;
#906 = LINE ( 'NONE', #210, #120 ) ;
#907 = AXIS2_PLACEMENT_3D ( 'NONE', #449, #3, #897 ) ;
#908 = CARTESIAN_POINT ( 'NONE',  ( 0.0000000000000000000, -0.5000000000000000000, 1.084202172485504434E-16 ) ) ;
#909 = ORIENTED_EDGE ( 'NONE', *, *, #390, .F. ) ;
#910 =( GEOMETRIC_REPRESENTATION_CONTEXT ( 3 ) GLOBAL_UNCERTAINTY_ASSIGNED_CONTEXT ( ( #1407 ) ) GLOBAL_UNIT_ASSIGNED_CONTEXT ( ( #498, #1372, #1397 ) ) REPRESENTATION_CONTEXT ( 'NONE', 'WORKASPACE' ) );
#911 = VECTOR ( 'NONE', #126, 1000.000000000000000 ) ;
#912 = ADVANCED_FACE ( 'NONE', ( #191 ), #1325, .T. ) ;
#913 = VERTEX_POINT ( 'NONE', #983 ) ;
#914 = AXIS2_PLACEMENT_3D ( 'NONE', #424, #193, #1419 ) ;
#915 = EDGE_CURVE ( 'NONE', #882, #1137, #1444, .T. ) ;
#916 = DIRECTION ( 'NONE',  ( -0.0000000000000000000, -1.000000000000000000, -0.0000000000000000000 ) ) ;
#917 = SURFACE_SIDE_STYLE ('',( #339 ) ) ;
#918 = SURFACE_STYLE_FILL_AREA ( #315 ) ;
#919 = VERTEX_POINT ( 'NONE', #735 ) ;
#920 = VERTEX_POINT ( 'NONE', #1067 ) ;
#921 = LINE ( 'NONE', #243, #1310 ) ;
#922 = DIRECTION ( 'NONE',  ( 0.0000000000000000000, 1.000000000000000000, 4.818676322157800087E-17 ) ) ;
#923 = ORIENTED_EDGE ( 'NONE', *, *, #1320, .F. ) ;
#924 = VERTEX_POINT ( 'NONE', #427 ) ;
#925 = LINE ( 'NONE', #1376, #714 ) ;
#926 = ORIENTED_EDGE ( 'NONE', *, *, #1402, .T. ) ;
#927 = PRESENTATION_STYLE_ASSIGNMENT (( #1047 ) ) ;
#928 = ORIENTED_EDGE ( 'NONE', *, *, #303, .F. ) ;
#929 = LINE ( 'NONE', #958, #38 ) ;
#930 = VECTOR ( 'NONE', #144, 1000.000000000000000 ) ;
#931 = DIRECTION ( 'NONE',  ( -0.0000000000000000000, -0.0000000000000000000, 1.000000000000000000 ) ) ;
#932 = AXIS2_PLACEMENT_3D ( 'NONE', #1403, #389, #170 ) ;
#933 = FILL_AREA_STYLE_COLOUR ( '', #1437 ) ;
#934 = STYLED_ITEM ( 'NONE', ( #104 ), #998 ) ;
#935 = VECTOR ( 'NONE', #1088, 1000.000000000000000 ) ;
#936 = EDGE_LOOP ( 'NONE', ( #394, #145, #148, #1268, #1065, #1010, #483, #376 ) ) ;
#937 = EDGE_CURVE ( 'NONE', #1150, #948, #872, .T. ) ;
#938 = ORIENTED_EDGE ( 'NONE', *, *, #1101, .F. ) ;
#939 = VERTEX_POINT ( 'NONE', #205 ) ;
#940 = UNCERTAINTY_MEASURE_WITH_UNIT (LENGTH_MEASURE( 1.000000000000000082E-05 ), #592, 'distance_accuracy_value', 'NONE');
#941 = CARTESIAN_POINT ( 'NONE',  ( 0.2489999999999999714, -0.3400000000000000244, 0.2999999999999999889 ) ) ;
#942 = EDGE_CURVE ( 'NONE', #379, #570, #79, .T. ) ;
#943 = ORIENTED_EDGE ( 'NONE', *, *, #135, .F. ) ;
#944 = PLANE ( 'NONE',  #932 ) ;
#945 = ADVANCED_FACE ( 'NONE', ( #185 ), #73, .T. ) ;
#946 = CARTESIAN_POINT ( 'NONE',  ( 0.0000000000000000000, -0.2500000000000000000, 0.05000000000000019706 ) ) ;
#947 = SURFACE_SIDE_STYLE ('',( #849 ) ) ;
#948 = VERTEX_POINT ( 'NONE', #1217 ) ;
#949 = SURFACE_STYLE_FILL_AREA ( #507 ) ;
#950 = COLOUR_RGB ( '',0.9176470588235293713, 0.9176470588235293713, 0.9176470588235293713 ) ;
#951 = LINE ( 'NONE', #294, #652 ) ;
#952 = EDGE_CURVE ( 'NONE', #54, #580, #987, .T. ) ;
#953 = AXIS2_PLACEMENT_3D ( 'NONE', #737, #313, #81 ) ;
#954 = DIRECTION ( 'NONE',  ( 1.000000000000000000, 0.0000000000000000000, 0.0000000000000000000 ) ) ;
#955 = VECTOR ( 'NONE', #357, 1000.000000000000000 ) ;
#956 = EDGE_LOOP ( 'NONE', ( #1248, #1143, #487, #128 ) ) ;
#957 = UNCERTAINTY_MEASURE_WITH_UNIT (LENGTH_MEASURE( 1.000000000000000082E-05 ), #1330, 'distance_accuracy_value', 'NONE');
#958 = CARTESIAN_POINT ( 'NONE',  ( -0.2500000000000000000, -0.5000000000000000000, 0.3499999999999999778 ) ) ;
#959 = LINE ( 'NONE', #1103, #1126 ) ;
#960 = CARTESIAN_POINT ( 'NONE',  ( -0.2500000000000000000, -0.3750000000000000000, 0.1749999999999999889 ) ) ;
#961 = DIRECTION ( 'NONE',  ( -1.000000000000000000, -0.0000000000000000000, -0.0000000000000000000 ) ) ;
#962 = EDGE_LOOP ( 'NONE', ( #902, #785, #1388, #628, #926, #576, #1201, #710 ) ) ;
#963 = DIRECTION ( 'NONE',  ( -0.0000000000000000000, 3.469446951953610245E-16, 1.000000000000000000 ) ) ;
#964 = CARTESIAN_POINT ( 'NONE',  ( 0.2000000000000000111, 0.3400000000000000244, 0.2999999999999999889 ) ) ;
#965 = CARTESIAN_POINT ( 'NONE',  ( 0.2500000000000000000, 0.4500000000000000666, 0.05000000000000025258 ) ) ;
#966 = EDGE_LOOP ( 'NONE', ( #386, #1278, #100, #1447, #809 ) ) ;
#967 = CARTESIAN_POINT ( 'NONE',  ( 0.2489999999999999714, -0.4500000000000000666, 0.05000000000000028033 ) ) ;
#968 = DIRECTION ( 'NONE',  ( -0.0000000000000000000, -1.000000000000000000, 0.0000000000000000000 ) ) ;
#969 = EDGE_LOOP ( 'NONE', ( #1454, #1374, #1426, #1157, #798, #638, #289, #600 ) ) ;
#970 = ADVANCED_FACE ( 'NONE', ( #579 ), #1247, .T. ) ;
#971 = LINE ( 'NONE', #833, #838 ) ;
#972 = ORIENTED_EDGE ( 'NONE', *, *, #1381, .F. ) ;
#973 = CARTESIAN_POINT ( 'NONE',  ( -0.2489999999999999714, 0.0000000000000000000, 0.2999999999999999889 ) ) ;
#974 = DIRECTION ( 'NONE',  ( 0.0000000000000000000, 0.0000000000000000000, 1.000000000000000000 ) ) ;
#975 = VECTOR ( 'NONE', #630, 1000.000000000000000 ) ;
#976 = LINE ( 'NONE', #659, #935 ) ;
#977 = PRESENTATION_LAYER_ASSIGNMENT (  '', '', ( #715 ) ) ;
#978 = VECTOR ( 'NONE', #1244, 1000.000000000000000 ) ;
#979 =( NAMED_UNIT ( * ) SI_UNIT ( $, .STERADIAN. ) SOLID_ANGLE_UNIT ( ) );
#980 =( NAMED_UNIT ( * ) PLANE_ANGLE_UNIT ( ) SI_UNIT ( $, .RADIAN. ) );
#981 = ORIENTED_EDGE ( 'NONE', *, *, #467, .F. ) ;
#982 = EDGE_CURVE ( 'NONE', #334, #379, #906, .T. ) ;
#983 = CARTESIAN_POINT ( 'NONE',  ( -0.2430000000000000215, 0.3200000000000000067, 0.3000000000000000444 ) ) ;
#984 = FACE_OUTER_BOUND ( 'NONE', #306, .T. ) ;
#985 = DIRECTION ( 'NONE',  ( 0.0000000000000000000, 1.000000000000000000, 0.0000000000000000000 ) ) ;
#986 = CARTESIAN_POINT ( 'NONE',  ( 0.0000000000000000000, 0.2500000000000000000, 0.05000000000000019706 ) ) ;
#987 = LINE ( 'NONE', #16, #766 ) ;
#988 = FACE_OUTER_BOUND ( 'NONE', #844, .T. ) ;
#989 = VERTEX_POINT ( 'NONE', #1451 ) ;
#990 = EDGE_CURVE ( 'NONE', #361, #54, #759, .T. ) ;
#991 = CARTESIAN_POINT ( 'NONE',  ( 0.0000000000000000000, -0.4500000000000000666, 0.05000000000000030115 ) ) ;
#992 = CARTESIAN_POINT ( 'NONE',  ( 0.2429999999999999383, 0.2600000000000000089, 0.3599999999999999867 ) ) ;
#993 = EDGE_LOOP ( 'NONE', ( #770, #1399, #114, #1043 ) ) ;
#994 = PLANE ( 'NONE',  #37 ) ;
#995 = VERTEX_POINT ( 'NONE', #432 ) ;
#996 = DIRECTION ( 'NONE',  ( 0.0000000000000000000, 0.7071067811865474617, -0.7071067811865474617 ) ) ;
#997 = DIRECTION ( 'NONE',  ( -0.0000000000000000000, -1.000000000000000000, 0.0000000000000000000 ) ) ;
#998 = ADVANCED_FACE ( 'NONE', ( #1443 ), #141, .T. ) ;
#999 = VECTOR ( 'NONE', #776, 1000.000000000000000 ) ;
#1000 = COLOUR_RGB ( '',0.9176470588235293713, 0.9176470588235293713, 0.9176470588235293713 ) ;
#1001 = VECTOR ( 'NONE', #375, 1000.000000000000000 ) ;
#1002 = DIRECTION ( 'NONE',  ( 0.0000000000000000000, 1.000000000000000000, -0.0000000000000000000 ) ) ;
#1003 = VECTOR ( 'NONE', #753, 1000.000000000000000 ) ;
#1004 = EDGE_LOOP ( 'NONE', ( #898, #1383, #225, #1220 ) ) ;
#1005 = LINE ( 'NONE', #683, #559 ) ;
#1006 = AXIS2_PLACEMENT_3D ( 'NONE', #551, #1428, #1187 ) ;
#1007 = DIRECTION ( 'NONE',  ( 0.0000000000000000000, 0.0000000000000000000, 1.000000000000000000 ) ) ;
#1008 = CARTESIAN_POINT ( 'NONE',  ( 0.2000000000000000111, -0.3199999999999994515, 0.2999999999999999889 ) ) ;
#1009 = EDGE_CURVE ( 'NONE', #130, #107, #804, .T. ) ;
#1010 = ORIENTED_EDGE ( 'NONE', *, *, #292, .T. ) ;
#1011 = DIRECTION ( 'NONE',  ( -1.000000000000000000, -0.0000000000000000000, -0.0000000000000000000 ) ) ;
#1012 = APPLICATION_PROTOCOL_DEFINITION ( 'draft international standard', 'automotive_design', 1998, #1185 ) ;
#1013 = ORIENTED_EDGE ( 'NONE', *, *, #699, .F. ) ;
#1014 = FILL_AREA_STYLE ('',( #564 ) ) ;
#1015 = PRESENTATION_STYLE_ASSIGNMENT (( #787 ) ) ;
#1016 = CARTESIAN_POINT ( 'NONE',  ( 0.0000000000000000000, 0.4500000000000000666, 0.2999999999999999889 ) ) ;
#1017 = EDGE_CURVE ( 'NONE', #591, #920, #1253, .T. ) ;
#1018 = ORIENTED_EDGE ( 'NONE', *, *, #942, .T. ) ;
#1019 = UNCERTAINTY_MEASURE_WITH_UNIT (LENGTH_MEASURE( 1.000000000000000082E-05 ), #1113, 'distance_accuracy_value', 'NONE');
#1020 = EDGE_CURVE ( 'NONE', #1057, #995, #1024, .T. ) ;
#1021 = CARTESIAN_POINT ( 'NONE',  ( 0.2500000000000000000, -0.3750000000000000000, 0.1749999999999999889 ) ) ;
#1022 = ORIENTED_EDGE ( 'NONE', *, *, #783, .F. ) ;
#1023 = DIRECTION ( 'NONE',  ( 0.0000000000000000000, -1.000000000000000000, 1.387778780781450014E-15 ) ) ;
#1024 = LINE ( 'NONE', #1016, #1267 ) ;
#1025 = VERTEX_POINT ( 'NONE', #1209 ) ;
#1026 = COLOUR_RGB ( '',0.9176470588235293713, 0.9176470588235293713, 0.9176470588235293713 ) ;
#1027 = VECTOR ( 'NONE', #399, 1000.000000000000000 ) ;
#1028 = COLOUR_RGB ( '',0.9176470588235293713, 0.9176470588235293713, 0.9176470588235293713 ) ;
#1029 = CARTESIAN_POINT ( 'NONE',  ( 0.0000000000000000000, -0.2500000000000000000, 0.05000000000000019706 ) ) ;
#1030 = ORIENTED_EDGE ( 'NONE', *, *, #982, .T. ) ;
#1031 = VECTOR ( 'NONE', #430, 1000.000000000000000 ) ;
#1032 = LINE ( 'NONE', #1467, #1438 ) ;
#1033 = PLANE ( 'NONE',  #490 ) ;
#1034 = CARTESIAN_POINT ( 'NONE',  ( -0.2500000000000000000, 0.2500000000000000000, 0.1749999999999999889 ) ) ;
#1035 = ORIENTED_EDGE ( 'NONE', *, *, #1246, .F. ) ;
#1036 = EDGE_LOOP ( 'NONE', ( #236, #1077, #1349, #238, #863, #1141, #7, #220 ) ) ;
#1037 = CARTESIAN_POINT ( 'NONE',  ( 0.0000000000000000000, -0.3400000000000000244, 0.2999999999999999889 ) ) ;
#1038 = CARTESIAN_POINT ( 'NONE',  ( 0.2489999999999999714, 0.2500000000000000000, 0.05000000000000027339 ) ) ;
#1039 = ORIENTED_EDGE ( 'NONE', *, *, #303, .T. ) ;
#1040 = CARTESIAN_POINT ( 'NONE',  ( 0.0000000000000000000, 0.2500000000000000000, 1.558540622947912624E-16 ) ) ;
#1041 = LINE ( 'NONE', #35, #1258 ) ;
#1042 = SURFACE_SIDE_STYLE ('',( #837 ) ) ;
#1043 = ORIENTED_EDGE ( 'NONE', *, *, #670, .T. ) ;
#1044 =( NAMED_UNIT ( * ) PLANE_ANGLE_UNIT ( ) SI_UNIT ( $, .RADIAN. ) );
#1045 = AXIS2_PLACEMENT_3D ( 'NONE', #778, #571, #664 ) ;
#1046 = ORIENTED_EDGE ( 'NONE', *, *, #175, .T. ) ;
#1047 = SURFACE_STYLE_USAGE ( .BOTH. , #1042 ) ;
#1048 = VECTOR ( 'NONE', #796, 1000.000000000000000 ) ;
#1049 = CARTESIAN_POINT ( 'NONE',  ( 0.2489999999999999714, 0.0000000000000000000, 0.1749999999999999889 ) ) ;
#1050 = EDGE_CURVE ( 'NONE', #269, #691, #653, .T. ) ;
#1051 = ORIENTED_EDGE ( 'NONE', *, *, #56, .F. ) ;
#1052 = EDGE_CURVE ( 'NONE', #107, #1429, #350, .T. ) ;
#1053 = CARTESIAN_POINT ( 'NONE',  ( -0.2429999999999999938, 0.3200000000000000067, 0.2999999999999999889 ) ) ;
#1054 = ORIENTED_EDGE ( 'NONE', *, *, #255, .T. ) ;
#1055 = CARTESIAN_POINT ( 'NONE',  ( 0.2500000000000000000, -0.3400000000000000244, 0.2999999999999999889 ) ) ;
#1056 =( LENGTH_UNIT ( ) NAMED_UNIT ( * ) SI_UNIT ( .MILLI., .METRE. ) );
#1057 = VERTEX_POINT ( 'NONE', #1100 ) ;
#1058 = PRODUCT_DEFINITION_CONTEXT ( 'detailed design', #1185, 'design' ) ;
#1059 = FILL_AREA_STYLE_COLOUR ( '', #1026 ) ;
#1060 = EDGE_CURVE ( 'NONE', #611, #197, #95, .T. ) ;
#1061 = DIRECTION ( 'NONE',  ( 0.0000000000000000000, 0.0000000000000000000, 1.000000000000000000 ) ) ;
#1062 = DIRECTION ( 'NONE',  ( -0.0000000000000000000, 0.7071067811865470176, 0.7071067811865480168 ) ) ;
#1063 = ORIENTED_EDGE ( 'NONE', *, *, #670, .F. ) ;
#1064 = CARTESIAN_POINT ( 'NONE',  ( 0.2500000000000000000, 0.3750000000000000000, 0.2999999999999999889 ) ) ;
#1065 = ORIENTED_EDGE ( 'NONE', *, *, #1430, .F. ) ;
#1066 = CARTESIAN_POINT ( 'NONE',  ( -0.2500000000000000000, -0.3400000000000000244, 0.2999999999999999889 ) ) ;
#1067 = CARTESIAN_POINT ( 'NONE',  ( 0.2500000000000000000, -0.5000000000000000000, 0.3499999999999999778 ) ) ;
#1068 = DIRECTION ( 'NONE',  ( 0.0000000000000000000, 0.7071067811865479058, 0.7071067811865472397 ) ) ;
#1069 = PRESENTATION_LAYER_ASSIGNMENT (  '', '', ( #324 ) ) ;
#1070 = EDGE_CURVE ( 'NONE', #52, #458, #133, .T. ) ;
#1071 = DIRECTION ( 'NONE',  ( -1.000000000000000000, -0.0000000000000000000, -0.0000000000000000000 ) ) ;
#1072 = CARTESIAN_POINT ( 'NONE',  ( 0.2000000000000000111, -0.2699999999999999623, 0.3499999999999999223 ) ) ;
#1073 = VECTOR ( 'NONE', #85, 1000.000000000000000 ) ;
#1074 = VECTOR ( 'NONE', #578, 1000.000000000000000 ) ;
#1075 = ORIENTED_EDGE ( 'NONE', *, *, #312, .T. ) ;
#1076 = DIRECTION ( 'NONE',  ( -1.000000000000000000, -0.0000000000000000000, -0.0000000000000000000 ) ) ;
#1077 = ORIENTED_EDGE ( 'NONE', *, *, #365, .T. ) ;
#1078 = DIRECTION ( 'NONE',  ( 0.0000000000000000000, 0.0000000000000000000, 1.000000000000000000 ) ) ;
#1079 = DIRECTION ( 'NONE',  ( -0.0000000000000000000, 0.7071067811865480168, -0.7071067811865470176 ) ) ;
#1080 = DIRECTION ( 'NONE',  ( 0.0000000000000000000, -0.0000000000000000000, 1.000000000000000000 ) ) ;
#1081 = FACE_OUTER_BOUND ( 'NONE', #1424, .T. ) ;
#1082 = ADVANCED_FACE ( 'NONE', ( #380 ), #505, .T. ) ;
#1083 = ORIENTED_EDGE ( 'NONE', *, *, #1430, .T. ) ;
#1084 = DIRECTION ( 'NONE',  ( 0.0000000000000000000, -1.000000000000000000, -3.469446951953610245E-16 ) ) ;
#1085 = DIRECTION ( 'NONE',  ( -0.0000000000000000000, -1.000000000000000000, -0.0000000000000000000 ) ) ;
#1086 = PRESENTATION_STYLE_ASSIGNMENT (( #509 ) ) ;
#1087 =( NAMED_UNIT ( * ) PLANE_ANGLE_UNIT ( ) SI_UNIT ( $, .RADIAN. ) );
#1088 = DIRECTION ( 'NONE',  ( 1.000000000000000000, -0.0000000000000000000, 0.0000000000000000000 ) ) ;
#1089 = EDGE_CURVE ( 'NONE', #1355, #1406, #613, .T. ) ;
#1090 = ORIENTED_EDGE ( 'NONE', *, *, #583, .F. ) ;
#1091 = CARTESIAN_POINT ( 'NONE',  ( 0.2489999999999999714, -0.4500000000000000666, 0.2999999999999999889 ) ) ;
#1092 = CARTESIAN_POINT ( 'NONE',  ( 0.2489999999999999714, 0.0000000000000000000, 0.05000000000000029421 ) ) ;
#1093 = VECTOR ( 'NONE', #1011, 1000.000000000000000 ) ;
#1094 = EDGE_LOOP ( 'NONE', ( #867, #815, #153, #938, #1274, #249, #1054, #1224 ) ) ;
#1095 = VECTOR ( 'NONE', #692, 1000.000000000000000 ) ;
#1096 = FACE_OUTER_BOUND ( 'NONE', #125, .T. ) ;
#1097 =( GEOMETRIC_REPRESENTATION_CONTEXT ( 3 ) GLOBAL_UNCERTAINTY_ASSIGNED_CONTEXT ( ( #1392 ) ) GLOBAL_UNIT_ASSIGNED_CONTEXT ( ( #223, #1236, #671 ) ) REPRESENTATION_CONTEXT ( 'NONE', 'WORKASPACE' ) );
#1098 = AXIS2_PLACEMENT_3D ( 'NONE', #436, #534, #75 ) ;
#1099 = CARTESIAN_POINT ( 'NONE',  ( 0.0000000000000000000, -0.2500000000000000000, 1.540859630674859927E-16 ) ) ;
#1100 = CARTESIAN_POINT ( 'NONE',  ( -0.2489999999999999714, 0.4500000000000000666, 0.2999999999999999889 ) ) ;
#1101 = EDGE_CURVE ( 'NONE', #439, #1421, #392, .T. ) ;
#1102 = CARTESIAN_POINT ( 'NONE',  ( 0.2489999999999999714, 0.3400000000000000244, 0.3000000000000000444 ) ) ;
#1103 = CARTESIAN_POINT ( 'NONE',  ( 1.040834085586080066E-16, -0.2600000000000000089, 0.3599999999999999867 ) ) ;
#1104 = FACE_OUTER_BOUND ( 'NONE', #1240, .T. ) ;
#1105 = EDGE_LOOP ( 'NONE', ( #540, #661, #1391, #331, #563, #595 ) ) ;
#1106 = CARTESIAN_POINT ( 'NONE',  ( -0.1999999999999999833, 0.3400000000000000244, 0.3000000000000000999 ) ) ;
#1107 = CARTESIAN_POINT ( 'NONE',  ( 0.2000000000000000111, 0.2700000000000000733, 0.3499999999999999778 ) ) ;
#1108 = DIRECTION ( 'NONE',  ( 1.000000000000000000, 0.0000000000000000000, 0.0000000000000000000 ) ) ;
#1109 = VERTEX_POINT ( 'NONE', #1038 ) ;
#1110 = FACE_OUTER_BOUND ( 'NONE', #969, .T. ) ;
#1111 = ADVANCED_FACE ( 'NONE', ( #716 ), #1179, .T. ) ;
#1112 = VERTEX_POINT ( 'NONE', #499 ) ;
#1113 =( LENGTH_UNIT ( ) NAMED_UNIT ( * ) SI_UNIT ( .MILLI., .METRE. ) );
#1114 = SURFACE_SIDE_STYLE ('',( #665 ) ) ;
#1115 = PLANE ( 'NONE',  #1263 ) ;
#1116 = ORIENTED_EDGE ( 'NONE', *, *, #495, .F. ) ;
#1117 = DIRECTION ( 'NONE',  ( -1.000000000000000000, -0.0000000000000000000, -0.0000000000000000000 ) ) ;
#1118 = EDGE_CURVE ( 'NONE', #458, #553, #1281, .T. ) ;
#1119 = ORIENTED_EDGE ( 'NONE', *, *, #374, .T. ) ;
#1120 = PLANE ( 'NONE',  #1045 ) ;
#1121 = DIRECTION ( 'NONE',  ( -0.0000000000000000000, -1.000000000000000000, 0.0000000000000000000 ) ) ;
#1122 = VECTOR ( 'NONE', #768, 1000.000000000000000 ) ;
#1123 = VECTOR ( 'NONE', #1423, 1000.000000000000000 ) ;
#1124 =( GEOMETRIC_REPRESENTATION_CONTEXT ( 3 ) GLOBAL_UNCERTAINTY_ASSIGNED_CONTEXT ( ( #1181 ) ) GLOBAL_UNIT_ASSIGNED_CONTEXT ( ( #754, #1204, #319 ) ) REPRESENTATION_CONTEXT ( 'NONE', 'WORKASPACE' ) );
#1125 = VECTOR ( 'NONE', #1162, 1000.000000000000000 ) ;
#1126 = VECTOR ( 'NONE', #1292, 1000.000000000000000 ) ;
#1127 = ORIENTED_EDGE ( 'NONE', *, *, #755, .T. ) ;
#1128 = MANIFOLD_SOLID_BREP ( '\X2\04220432043504400434043E0435\X0\ \X2\04420435043B043E\X0\1', #734 ) ;
#1129 = LINE ( 'NONE', #204, #273 ) ;
#1130 = VECTOR ( 'NONE', #1139, 1000.000000000000000 ) ;
#1131 = ORIENTED_EDGE ( 'NONE', *, *, #1420, .T. ) ;
#1132 = CARTESIAN_POINT ( 'NONE',  ( 0.0000000000000000000, 0.3399999999999999689, 0.2999999999999999889 ) ) ;
#1133 = EDGE_CURVE ( 'NONE', #448, #334, #1390, .T. ) ;
#1134 = ADVANCED_FACE ( 'NONE', ( #268 ), #314, .T. ) ;
#1135 = VERTEX_POINT ( 'NONE', #288 ) ;
#1136 = FACE_OUTER_BOUND ( 'NONE', #1333, .T. ) ;
#1137 = VERTEX_POINT ( 'NONE', #1312 ) ;
#1138 = CARTESIAN_POINT ( 'NONE',  ( -0.2500000000000000000, -0.2500000000000000000, 0.1749999999999999889 ) ) ;
#1139 = DIRECTION ( 'NONE',  ( 0.0000000000000000000, 0.0000000000000000000, -1.000000000000000000 ) ) ;
#1140 = ADVANCED_FACE ( 'NONE', ( #1096 ), #76, .T. ) ;
#1141 = ORIENTED_EDGE ( 'NONE', *, *, #520, .F. ) ;
#1142 = LINE ( 'NONE', #248, #1125 ) ;
#1143 = ORIENTED_EDGE ( 'NONE', *, *, #990, .F. ) ;
#1144 = DIRECTION ( 'NONE',  ( -0.0000000000000000000, 0.7071067811865480168, 0.7071067811865470176 ) ) ;
#1145 = ORIENTED_EDGE ( 'NONE', *, *, #1402, .F. ) ;
#1146 = VECTOR ( 'NONE', #1156, 1000.000000000000000 ) ;
#1147 = MECHANICAL_DESIGN_GEOMETRIC_PRESENTATION_REPRESENTATION (  '', ( #324 ), #442 ) ;
#1148 = DIRECTION ( 'NONE',  ( -0.0000000000000000000, -1.000000000000000000, 0.0000000000000000000 ) ) ;
#1149 = EDGE_CURVE ( 'NONE', #1109, #412, #545, .T. ) ;
#1150 = VERTEX_POINT ( 'NONE', #1439 ) ;
#1151 = STYLED_ITEM ( 'NONE', ( #1015 ), #1337 ) ;
#1152 = CARTESIAN_POINT ( 'NONE',  ( 0.2489999999999999714, 0.4500000000000000666, 0.05000000000000030115 ) ) ;
#1153 = DIRECTION ( 'NONE',  ( 0.0000000000000000000, 1.000000000000000000, -0.0000000000000000000 ) ) ;
#1154 = ORIENTED_EDGE ( 'NONE', *, *, #56, .T. ) ;
#1155 = UNCERTAINTY_MEASURE_WITH_UNIT (LENGTH_MEASURE( 1.000000000000000082E-05 ), #826, 'distance_accuracy_value', 'NONE');
#1156 = DIRECTION ( 'NONE',  ( 0.0000000000000000000, -0.0000000000000000000, 1.000000000000000000 ) ) ;
#1157 = ORIENTED_EDGE ( 'NONE', *, *, #1232, .F. ) ;
#1158 = EDGE_CURVE ( 'NONE', #263, #919, #535, .T. ) ;
#1159 =( NAMED_UNIT ( * ) SI_UNIT ( $, .STERADIAN. ) SOLID_ANGLE_UNIT ( ) );
#1160 = DIRECTION ( 'NONE',  ( 1.000000000000000000, 0.0000000000000000000, 0.0000000000000000000 ) ) ;
#1161 = VERTEX_POINT ( 'NONE', #749 ) ;
#1162 = DIRECTION ( 'NONE',  ( -0.0000000000000000000, -1.000000000000000000, 0.0000000000000000000 ) ) ;
#1163 = ORIENTED_EDGE ( 'NONE', *, *, #93, .T. ) ;
#1164 = EDGE_CURVE ( 'NONE', #1355, #1109, #976, .T. ) ;
#1165 = ORIENTED_EDGE ( 'NONE', *, *, #255, .F. ) ;
#1166 = UNCERTAINTY_MEASURE_WITH_UNIT (LENGTH_MEASURE( 1.000000000000000082E-05 ), #765, 'distance_accuracy_value', 'NONE');
#1167 = DIRECTION ( 'NONE',  ( 0.0000000000000000000, -1.000000000000000000, -1.927470528863120035E-16 ) ) ;
#1168 = PRESENTATION_LAYER_ASSIGNMENT (  '', '', ( #344 ) ) ;
#1169 = STYLED_ITEM ( 'NONE', ( #927 ), #1395 ) ;
#1170 = ORIENTED_EDGE ( 'NONE', *, *, #1089, .F. ) ;
#1171 = STYLED_ITEM ( 'NONE', ( #1379 ), #1128 ) ;
#1172 = EDGE_CURVE ( 'NONE', #611, #1109, #188, .T. ) ;
#1173 = DIRECTION ( 'NONE',  ( 0.0000000000000000000, 0.0000000000000000000, 1.000000000000000000 ) ) ;
#1174 = EDGE_CURVE ( 'NONE', #896, #948, #1192, .T. ) ;
#1175 = ORIENTED_EDGE ( 'NONE', *, *, #502, .T. ) ;
#1176 = DIRECTION ( 'NONE',  ( 1.000000000000000000, 0.0000000000000000000, 0.0000000000000000000 ) ) ;
#1177 = DIRECTION ( 'NONE',  ( -0.0000000000000000000, 0.0000000000000000000, 1.000000000000000000 ) ) ;
#1178 = EDGE_LOOP ( 'NONE', ( #189, #1290, #479, #832 ) ) ;
#1179 = PLANE ( 'NONE',  #843 ) ;
#1180 = EDGE_LOOP ( 'NONE', ( #697, #308, #338, #481 ) ) ;
#1181 = UNCERTAINTY_MEASURE_WITH_UNIT (LENGTH_MEASURE( 1.000000000000000082E-05 ), #754, 'distance_accuracy_value', 'NONE');
#1182 = CARTESIAN_POINT ( 'NONE',  ( -0.2500000000000000000, 0.3750000000000000000, 0.2999999999999999889 ) ) ;
#1183 = DIRECTION ( 'NONE',  ( 1.000000000000000000, 0.0000000000000000000, -0.0000000000000000000 ) ) ;
#1184 = CARTESIAN_POINT ( 'NONE',  ( 0.2429999999999999938, -0.3200000000000000067, 0.2999999999999999889 ) ) ;
#1185 = APPLICATION_CONTEXT ( 'automotive_design' ) ;
#1186 = DIRECTION ( 'NONE',  ( -0.0000000000000000000, -0.0000000000000000000, 1.000000000000000000 ) ) ;
#1187 = DIRECTION ( 'NONE',  ( 0.0000000000000000000, -0.0000000000000000000, 1.000000000000000000 ) ) ;
#1188 = CARTESIAN_POINT ( 'NONE',  ( -0.2000000000000000111, 0.3400000000000000244, 0.3499999999999999778 ) ) ;
#1189 = DIRECTION ( 'NONE',  ( 0.0000000000000000000, 0.0000000000000000000, -1.000000000000000000 ) ) ;
#1190 = SURFACE_SIDE_STYLE ('',( #657 ) ) ;
#1191 = AXIS2_PLACEMENT_3D ( 'NONE', #525, #428, #304 ) ;
#1192 = LINE ( 'NONE', #874, #473 ) ;
#1193 = PRESENTATION_LAYER_ASSIGNMENT (  '', '', ( #1151 ) ) ;
#1194 = DIRECTION ( 'NONE',  ( 0.0000000000000000000, 1.000000000000000000, 0.0000000000000000000 ) ) ;
#1195 = DIRECTION ( 'NONE',  ( -2.168404344971010347E-16, 1.000000000000000000, 0.0000000000000000000 ) ) ;
#1196 = CARTESIAN_POINT ( 'NONE',  ( 0.2500000000000000000, 0.3400000000000000244, 0.3499999999999999778 ) ) ;
#1197 = EDGE_CURVE ( 'NONE', #506, #820, #757, .T. ) ;
#1198 = ORIENTED_EDGE ( 'NONE', *, *, #453, .F. ) ;
#1199 = CARTESIAN_POINT ( 'NONE',  ( -0.2500000000000000000, -0.5000000000000000000, 0.3499999999999999778 ) ) ;
#1200 = DIRECTION ( 'NONE',  ( -0.0000000000000000000, 1.000000000000000000, 1.927470528863120035E-16 ) ) ;
#1201 = ORIENTED_EDGE ( 'NONE', *, *, #1327, .T. ) ;
#1202 = PLANE ( 'NONE',  #299 ) ;
#1203 = DIRECTION ( 'NONE',  ( -1.000000000000000000, -0.0000000000000000000, 0.0000000000000000000 ) ) ;
#1204 =( NAMED_UNIT ( * ) PLANE_ANGLE_UNIT ( ) SI_UNIT ( $, .RADIAN. ) );
#1205 = PRODUCT_DEFINITION_SHAPE ( 'NONE', 'NONE',  #528 ) ;
#1206 = CARTESIAN_POINT ( 'NONE',  ( -0.2429999999999999938, -0.3200000000000000067, 0.2999999999999999889 ) ) ;
#1207 = DIRECTION ( 'NONE',  ( 1.000000000000000000, 0.0000000000000000000, 0.0000000000000000000 ) ) ;
#1208 = EDGE_CURVE ( 'NONE', #1057, #1161, #1300, .T. ) ;
#1209 = CARTESIAN_POINT ( 'NONE',  ( -0.2500000000000000000, -0.3400000000000000244, 0.2999999999999999889 ) ) ;
#1210 = DIRECTION ( 'NONE',  ( -0.0000000000000000000, 0.0000000000000000000, -1.000000000000000000 ) ) ;
#1211 = LINE ( 'NONE', #1417, #1215 ) ;
#1212 =( LENGTH_UNIT ( ) NAMED_UNIT ( * ) SI_UNIT ( .MILLI., .METRE. ) );
#1213 = LINE ( 'NONE', #1455, #1031 ) ;
#1214 = VECTOR ( 'NONE', #612, 1000.000000000000000 ) ;
#1215 = VECTOR ( 'NONE', #1305, 1000.000000000000000 ) ;
#1216 = COLOUR_RGB ( '',0.7450980392156862919, 0.7450980392156862919, 0.7450980392156862919 ) ;
#1217 = CARTESIAN_POINT ( 'NONE',  ( -0.2500000000000000000, 0.5000000000000000000, 1.633531273211494415E-16 ) ) ;
#1218 = ORIENTED_EDGE ( 'NONE', *, *, #650, .T. ) ;
#1219 = DIRECTION ( 'NONE',  ( 1.000000000000000000, 0.0000000000000000000, -0.0000000000000000000 ) ) ;
#1220 = ORIENTED_EDGE ( 'NONE', *, *, #707, .T. ) ;
#1221 = CARTESIAN_POINT ( 'NONE',  ( 0.2000000000000000111, 0.3400000000000000244, 0.3499999999999999778 ) ) ;
#1222 = LINE ( 'NONE', #460, #328 ) ;
#1223 = CARTESIAN_POINT ( 'NONE',  ( 0.2489999999999999714, -0.4500000000000000666, 0.2999999999999999889 ) ) ;
#1224 = ORIENTED_EDGE ( 'NONE', *, *, #135, .T. ) ;
#1225 = CARTESIAN_POINT ( 'NONE',  ( 0.2500000000000000000, 0.5000000000000000000, 0.3499999999999999778 ) ) ;
#1226 = ORIENTED_EDGE ( 'NONE', *, *, #1280, .F. ) ;
#1227 = CARTESIAN_POINT ( 'NONE',  ( 0.2500000000000000000, -0.2500000000000000000, 1.185394375250819578E-16 ) ) ;
#1228 = LINE ( 'NONE', #132, #955 ) ;
#1229 = SURFACE_STYLE_FILL_AREA ( #888 ) ;
#1230 = ORIENTED_EDGE ( 'NONE', *, *, #383, .F. ) ;
#1231 = DIRECTION ( 'NONE',  ( -0.0000000000000000000, 0.0000000000000000000, -1.000000000000000000 ) ) ;
#1232 = EDGE_CURVE ( 'NONE', #1301, #728, #201, .T. ) ;
#1233 = ORIENTED_EDGE ( 'NONE', *, *, #292, .F. ) ;
#1234 = EDGE_CURVE ( 'NONE', #1135, #580, #1449, .T. ) ;
#1235 = FACE_OUTER_BOUND ( 'NONE', #1257, .T. ) ;
#1236 =( NAMED_UNIT ( * ) PLANE_ANGLE_UNIT ( ) SI_UNIT ( $, .RADIAN. ) );
#1237 = VECTOR ( 'NONE', #1442, 1000.000000000000000 ) ;
#1238 = VECTOR ( 'NONE', #1079, 1000.000000000000000 ) ;
#1239 = DIRECTION ( 'NONE',  ( -0.0000000000000000000, 0.0000000000000000000, -1.000000000000000000 ) ) ;
#1240 = EDGE_LOOP ( 'NONE', ( #1226, #211, #1154, #105, #674, #433, #1262, #793 ) ) ;
#1241 = VECTOR ( 'NONE', #1328, 1000.000000000000000 ) ;
#1242 = DIRECTION ( 'NONE',  ( 1.000000000000000000, 0.0000000000000000000, 0.0000000000000000000 ) ) ;
#1243 = ORIENTED_EDGE ( 'NONE', *, *, #643, .F. ) ;
#1244 = DIRECTION ( 'NONE',  ( 1.000000000000000000, 1.249286453892758019E-16, -1.249286453892759744E-16 ) ) ;
#1245 = FILL_AREA_STYLE_COLOUR ( '', #66 ) ;
#1246 = EDGE_CURVE ( 'NONE', #1271, #687, #1213, .T. ) ;
#1247 = PLANE ( 'NONE',  #444 ) ;
#1248 = ORIENTED_EDGE ( 'NONE', *, *, #952, .F. ) ;
#1249 = CARTESIAN_POINT ( 'NONE',  ( -0.2489999999999999714, 0.0000000000000000000, 0.1749999999999999889 ) ) ;
#1250 = ORIENTED_EDGE ( 'NONE', *, *, #508, .T. ) ;
#1251 = LINE ( 'NONE', #215, #629 ) ;
#1252 = CARTESIAN_POINT ( 'NONE',  ( 0.0000000000000000000, 0.3400000000000000244, 0.3499999999999999778 ) ) ;
#1253 = LINE ( 'NONE', #552, #186 ) ;
#1254 = EDGE_CURVE ( 'NONE', #580, #720, #731, .T. ) ;
#1255 = ORIENTED_EDGE ( 'NONE', *, *, #1174, .F. ) ;
#1256 = PRESENTATION_STYLE_ASSIGNMENT (( #28 ) ) ;
#1257 = EDGE_LOOP ( 'NONE', ( #401, #450, #60, #214, #981, #485, #503, #123 ) ) ;
#1258 = VECTOR ( 'NONE', #931, 1000.000000000000000 ) ;
#1259 = VERTEX_POINT ( 'NONE', #1106 ) ;
#1260 = CARTESIAN_POINT ( 'NONE',  ( 0.2000000000000000111, 0.3400000000000000244, 0.2999999999999999889 ) ) ;
#1261 = VECTOR ( 'NONE', #1068, 1000.000000000000000 ) ;
#1262 = ORIENTED_EDGE ( 'NONE', *, *, #1344, .T. ) ;
#1263 = AXIS2_PLACEMENT_3D ( 'NONE', #1099, #901, #681 ) ;
#1264 = ADVANCED_FACE ( 'NONE', ( #1081 ), #102, .T. ) ;
#1265 = VECTOR ( 'NONE', #916, 1000.000000000000000 ) ;
#1266 = ORIENTED_EDGE ( 'NONE', *, *, #32, .F. ) ;
#1267 = VECTOR ( 'NONE', #1323, 1000.000000000000000 ) ;
#1268 = ORIENTED_EDGE ( 'NONE', *, *, #859, .F. ) ;
#1269 = ORIENTED_EDGE ( 'NONE', *, *, #1317, .F. ) ;
#1270 = LINE ( 'NONE', #1363, #1334 ) ;
#1271 = VERTEX_POINT ( 'NONE', #1072 ) ;
#1272 = EDGE_CURVE ( 'NONE', #1301, #1112, #69, .T. ) ;
#1273 = LINE ( 'NONE', #946, #1214 ) ;
#1274 = ORIENTED_EDGE ( 'NONE', *, *, #1462, .T. ) ;
#1275 = VERTEX_POINT ( 'NONE', #405 ) ;
#1276 = CARTESIAN_POINT ( 'NONE',  ( -0.2500000000000000000, 0.5000000000000000000, 0.3499999999999999778 ) ) ;
#1277 = EDGE_CURVE ( 'NONE', #358, #1259, #855, .T. ) ;
#1278 = ORIENTED_EDGE ( 'NONE', *, *, #1133, .F. ) ;
#1279 = DIRECTION ( 'NONE',  ( 1.000000000000000000, 0.0000000000000000000, 0.0000000000000000000 ) ) ;
#1280 = EDGE_CURVE ( 'NONE', #1275, #591, #527, .T. ) ;
#1281 = LINE ( 'NONE', #617, #631 ) ;
#1282 = ORIENTED_EDGE ( 'NONE', *, *, #608, .F. ) ;
#1283 = PRESENTATION_LAYER_ASSIGNMENT (  '', '', ( #862 ) ) ;
#1284 = LINE ( 'NONE', #387, #252 ) ;
#1285 = AXIS2_PLACEMENT_3D ( 'NONE', #349, #803, #13 ) ;
#1286 = VECTOR ( 'NONE', #996, 1000.000000000000114 ) ;
#1287 = ORIENTED_EDGE ( 'NONE', *, *, #374, .F. ) ;
#1288 =( GEOMETRIC_REPRESENTATION_CONTEXT ( 3 ) GLOBAL_UNCERTAINTY_ASSIGNED_CONTEXT ( ( #957 ) ) GLOBAL_UNIT_ASSIGNED_CONTEXT ( ( #1330, #980, #660 ) ) REPRESENTATION_CONTEXT ( 'NONE', 'WORKASPACE' ) );
#1289 = STYLED_ITEM ( 'NONE', ( #53 ), #1082 ) ;
#1290 = ORIENTED_EDGE ( 'NONE', *, *, #383, .T. ) ;
#1291 = CARTESIAN_POINT ( 'NONE',  ( 0.0000000000000000000, 0.3399999999999999689, 0.2999999999999999889 ) ) ;
#1292 = DIRECTION ( 'NONE',  ( 1.000000000000000000, 0.0000000000000000000, -0.0000000000000000000 ) ) ;
#1293 = FILL_AREA_STYLE ('',( #724 ) ) ;
#1294 = VERTEX_POINT ( 'NONE', #865 ) ;
#1295 = EDGE_CURVE ( 'NONE', #750, #1406, #1461, .T. ) ;
#1296 = DIRECTION ( 'NONE',  ( 0.0000000000000000000, 0.0000000000000000000, 1.000000000000000000 ) ) ;
#1297 = DIRECTION ( 'NONE',  ( 0.0000000000000000000, -1.387778780781439956E-15, 1.000000000000000000 ) ) ;
#1298 = CARTESIAN_POINT ( 'NONE',  ( -0.2000000000000000111, 0.2899999999999999800, 0.3300000000000000155 ) ) ;
#1299 = CARTESIAN_POINT ( 'NONE',  ( -0.2429999999999999938, 0.2600000000000000089, 0.3599999999999999867 ) ) ;
#1300 = LINE ( 'NONE', #180, #1463 ) ;
#1301 = VERTEX_POINT ( 'NONE', #1366 ) ;
#1302 = DIRECTION ( 'NONE',  ( 0.0000000000000000000, 0.0000000000000000000, -1.000000000000000000 ) ) ;
#1303 = EDGE_CURVE ( 'NONE', #1406, #1135, #779, .T. ) ;
#1304 =( GEOMETRIC_REPRESENTATION_CONTEXT ( 3 ) GLOBAL_UNCERTAINTY_ASSIGNED_CONTEXT ( ( #167 ) ) GLOBAL_UNIT_ASSIGNED_CONTEXT ( ( #321, #1450, #979 ) ) REPRESENTATION_CONTEXT ( 'NONE', 'WORKASPACE' ) );
#1305 = DIRECTION ( 'NONE',  ( 0.0000000000000000000, 1.000000000000000000, -0.0000000000000000000 ) ) ;
#1306 = PLANE ( 'NONE',  #393 ) ;
#1307 = VECTOR ( 'NONE', #1279, 1000.000000000000000 ) ;
#1308 = EDGE_CURVE ( 'NONE', #691, #261, #1228, .T. ) ;
#1309 = ORIENTED_EDGE ( 'NONE', *, *, #1149, .F. ) ;
#1310 = VECTOR ( 'NONE', #1144, 1000.000000000000000 ) ;
#1311 = PLANE ( 'NONE',  #1098 ) ;
#1312 = CARTESIAN_POINT ( 'NONE',  ( -0.2489999999999999714, -0.3400000000000000244, 0.2999999999999999889 ) ) ;
#1313 = VECTOR ( 'NONE', #48, 1000.000000000000000 ) ;
#1314 = ORIENTED_EDGE ( 'NONE', *, *, #1277, .T. ) ;
#1315 = DIRECTION ( 'NONE',  ( 0.0000000000000000000, -1.387778780781450014E-15, -1.000000000000000000 ) ) ;
#1316 = ORIENTED_EDGE ( 'NONE', *, *, #150, .T. ) ;
#1317 = EDGE_CURVE ( 'NONE', #720, #893, #795, .T. ) ;
#1318 = DIRECTION ( 'NONE',  ( 0.0000000000000000000, 1.000000000000000000, 0.0000000000000000000 ) ) ;
#1319 = DIRECTION ( 'NONE',  ( 0.0000000000000000000, -1.261617073437680020E-15, -1.000000000000000000 ) ) ;
#1320 = EDGE_CURVE ( 'NONE', #2, #882, #565, .T. ) ;
#1321 = DIRECTION ( 'NONE',  ( -0.0000000000000000000, -0.0000000000000000000, -1.000000000000000000 ) ) ;
#1322 = CARTESIAN_POINT ( 'NONE',  ( 0.2500000000000000000, 0.5000000000000000000, 1.647987302177969944E-16 ) ) ;
#1323 = DIRECTION ( 'NONE',  ( -1.000000000000000000, -0.0000000000000000000, -0.0000000000000000000 ) ) ;
#1324 = FILL_AREA_STYLE ('',( #760 ) ) ;
#1325 = PLANE ( 'NONE',  #492 ) ;
#1326 = DIRECTION ( 'NONE',  ( 0.0000000000000000000, 1.000000000000000000, -1.261617073437680020E-15 ) ) ;
#1327 = EDGE_CURVE ( 'NONE', #1161, #1355, #1222, .T. ) ;
#1328 = DIRECTION ( 'NONE',  ( 0.0000000000000000000, 1.000000000000000000, -0.0000000000000000000 ) ) ;
#1329 = ADVANCED_FACE ( 'NONE', ( #446 ), #232, .T. ) ;
#1330 =( LENGTH_UNIT ( ) NAMED_UNIT ( * ) SI_UNIT ( .MILLI., .METRE. ) );
#1331 = ORIENTED_EDGE ( 'NONE', *, *, #121, .T. ) ;
#1332 = LINE ( 'NONE', #106, #86 ) ;
#1333 = EDGE_LOOP ( 'NONE', ( #682, #667, #684, #1090 ) ) ;
#1334 = VECTOR ( 'NONE', #1387, 1000.000000000000000 ) ;
#1335 = PLANE ( 'NONE',  #347 ) ;
#1336 = AXIS2_PLACEMENT_3D ( 'NONE', #526, #179, #1418 ) ;
#1337 = ADVANCED_FACE ( 'NONE', ( #572 ), #679, .T. ) ;
#1338 = VECTOR ( 'NONE', #59, 1000.000000000000000 ) ;
#1339 = ADVANCED_FACE ( 'NONE', ( #452 ), #1033, .T. ) ;
#1340 = EDGE_LOOP ( 'NONE', ( #49, #134, #597, #1116, #497 ) ) ;
#1341 = SURFACE_SIDE_STYLE ('',( #548 ) ) ;
#1342 = ORIENTED_EDGE ( 'NONE', *, *, #608, .T. ) ;
#1343 = DIRECTION ( 'NONE',  ( 0.0000000000000000000, -1.927470528863120035E-16, 1.000000000000000000 ) ) ;
#1344 = EDGE_CURVE ( 'NONE', #893, #112, #244, .T. ) ;
#1345 = LINE ( 'NONE', #425, #1237 ) ;
#1346 = ORIENTED_EDGE ( 'NONE', *, *, #1174, .T. ) ;
#1347 = ADVANCED_FACE ( 'NONE', ( #25 ), #1335, .T. ) ;
#1348 = LINE ( 'NONE', #883, #1122 ) ;
#1349 = ORIENTED_EDGE ( 'NONE', *, *, #726, .T. ) ;
#1350 = DIRECTION ( 'NONE',  ( 0.0000000000000000000, 0.0000000000000000000, -1.000000000000000000 ) ) ;
#1351 = CARTESIAN_POINT ( 'NONE',  ( 0.2489999999999999714, -0.2500000000000000555, 0.05000000000000026645 ) ) ;
#1352 = LINE ( 'NONE', #1456, #864 ) ;
#1353 = ORIENTED_EDGE ( 'NONE', *, *, #1172, .F. ) ;
#1354 = LINE ( 'NONE', #791, #1093 ) ;
#1355 = VERTEX_POINT ( 'NONE', #706 ) ;
#1356 = CARTESIAN_POINT ( 'NONE',  ( 0.2489999999999999714, 0.3400000000000000799, 0.3000000000000001554 ) ) ;
#1357 = VECTOR ( 'NONE', #1194, 1000.000000000000000 ) ;
#1358 = DIRECTION ( 'NONE',  ( -0.0000000000000000000, -0.0000000000000000000, -1.000000000000000000 ) ) ;
#1359 = STYLED_ITEM ( 'NONE', ( #187 ), #581 ) ;
#1360 = FACE_OUTER_BOUND ( 'NONE', #22, .T. ) ;
#1361 = ORIENTED_EDGE ( 'NONE', *, *, #83, .T. ) ;
#1362 = VECTOR ( 'NONE', #1200, 1000.000000000000000 ) ;
#1363 = CARTESIAN_POINT ( 'NONE',  ( 0.0000000000000000000, 0.2500000000000000000, 0.05000000000000012768 ) ) ;
#1364 = EDGE_LOOP ( 'NONE', ( #1243, #943, #1175, #1316, #247, #1039, #166, #27 ) ) ;
#1365 = FACE_OUTER_BOUND ( 'NONE', #789, .T. ) ;
#1366 = CARTESIAN_POINT ( 'NONE',  ( 0.2500000000000000000, -0.3400000000000000244, 0.3500000000000003109 ) ) ;
#1367 = EDGE_CURVE ( 'NONE', #261, #750, #1273, .T. ) ;
#1368 = ORIENTED_EDGE ( 'NONE', *, *, #520, .T. ) ;
#1369 = CARTESIAN_POINT ( 'NONE',  ( 0.2500000000000000000, 0.2500000000000000000, 1.603715713468142057E-16 ) ) ;
#1370 = ORIENTED_EDGE ( 'NONE', *, *, #1197, .F. ) ;
#1371 = FACE_OUTER_BOUND ( 'NONE', #829, .T. ) ;
#1372 =( NAMED_UNIT ( * ) PLANE_ANGLE_UNIT ( ) SI_UNIT ( $, .RADIAN. ) );
#1373 = EDGE_CURVE ( 'NONE', #728, #334, #171, .T. ) ;
#1374 = ORIENTED_EDGE ( 'NONE', *, *, #8, .T. ) ;
#1375 = UNCERTAINTY_MEASURE_WITH_UNIT (LENGTH_MEASURE( 1.000000000000000082E-05 ), #74, 'distance_accuracy_value', 'NONE');
#1376 = CARTESIAN_POINT ( 'NONE',  ( -0.2489999999999999714, -0.4500000000000000666, 0.1749999999999999889 ) ) ;
#1377 = VERTEX_POINT ( 'NONE', #824 ) ;
#1378 = CARTESIAN_POINT ( 'NONE',  ( -0.2489999999999999714, -0.2500000000000000000, 0.05000000000000023870 ) ) ;
#1379 = PRESENTATION_STYLE_ASSIGNMENT (( #599 ) ) ;
#1380 = VECTOR ( 'NONE', #575, 1000.000000000000000 ) ;
#1381 = EDGE_CURVE ( 'NONE', #412, #767, #1404, .T. ) ;
#1382 = MECHANICAL_DESIGN_GEOMETRIC_PRESENTATION_REPRESENTATION (  '', ( #560 ), #418 ) ;
#1383 = ORIENTED_EDGE ( 'NONE', *, *, #772, .F. ) ;
#1384 = VECTOR ( 'NONE', #182, 1000.000000000000000 ) ;
#1385 = VECTOR ( 'NONE', #1071, 1000.000000000000000 ) ;
#1386 = ADVANCED_FACE ( 'NONE', ( #30 ), #598, .T. ) ;
#1387 = DIRECTION ( 'NONE',  ( 1.000000000000000000, 0.0000000000000000000, 0.0000000000000000000 ) ) ;
#1388 = ORIENTED_EDGE ( 'NONE', *, *, #792, .T. ) ;
#1389 =( GEOMETRIC_REPRESENTATION_CONTEXT ( 3 ) GLOBAL_UNCERTAINTY_ASSIGNED_CONTEXT ( ( #1155 ) ) GLOBAL_UNIT_ASSIGNED_CONTEXT ( ( #826, #281, #385 ) ) REPRESENTATION_CONTEXT ( 'NONE', 'WORKASPACE' ) );
#1390 = LINE ( 'NONE', #701, #719 ) ;
#1391 = ORIENTED_EDGE ( 'NONE', *, *, #222, .T. ) ;
#1392 = UNCERTAINTY_MEASURE_WITH_UNIT (LENGTH_MEASURE( 1.000000000000000082E-05 ), #223, 'distance_accuracy_value', 'NONE');
#1393 = EDGE_CURVE ( 'NONE', #1377, #746, #604, .T. ) ;
#1394 = LINE ( 'NONE', #257, #814 ) ;
#1395 = ADVANCED_FACE ( 'NONE', ( #272 ), #369, .T. ) ;
#1396 = VERTEX_POINT ( 'NONE', #696 ) ;
#1397 =( NAMED_UNIT ( * ) SI_UNIT ( $, .STERADIAN. ) SOLID_ANGLE_UNIT ( ) );
#1398 = SURFACE_STYLE_USAGE ( .BOTH. , #947 ) ;
#1399 = ORIENTED_EDGE ( 'NONE', *, *, #717, .F. ) ;
#1400 = CARTESIAN_POINT ( 'NONE',  ( -0.2489999999999999714, -0.4500000000000000666, 0.2999999999999999889 ) ) ;
#1401 = ORIENTED_EDGE ( 'NONE', *, *, #1052, .T. ) ;
#1402 = EDGE_CURVE ( 'NONE', #882, #1057, #362, .T. ) ;
#1403 = CARTESIAN_POINT ( 'NONE',  ( 0.0000000000000000000, -0.3400000000000000244, 0.2999999999999999889 ) ) ;
#1404 = LINE ( 'NONE', #616, #1307 ) ;
#1405 = DIRECTION ( 'NONE',  ( 0.0000000000000000000, 0.0000000000000000000, -1.000000000000000000 ) ) ;
#1406 = VERTEX_POINT ( 'NONE', #1378 ) ;
#1407 = UNCERTAINTY_MEASURE_WITH_UNIT (LENGTH_MEASURE( 1.000000000000000082E-05 ), #498, 'distance_accuracy_value', 'NONE');
#1408 = SURFACE_SIDE_STYLE ('',( #949 ) ) ;
#1409 = VECTOR ( 'NONE', #34, 1000.000000000000000 ) ;
#1410 = VECTOR ( 'NONE', #250, 1000.000000000000000 ) ;
#1411 = DIRECTION ( 'NONE',  ( 1.000000000000000000, 0.0000000000000000000, 0.0000000000000000000 ) ) ;
#1412 = CARTESIAN_POINT ( 'NONE',  ( 0.2489999999999999714, -0.2500000000000000000, 0.05000000000000028033 ) ) ;
#1413 = VECTOR ( 'NONE', #1207, 1000.000000000000000 ) ;
#1414 = ADVANCED_FACE ( 'NONE', ( #817 ), #533, .T. ) ;
#1415 = ORIENTED_EDGE ( 'NONE', *, *, #108, .F. ) ;
#1416 = CARTESIAN_POINT ( 'NONE',  ( -0.1214999999999999969, -0.3200000000000000067, 0.2999999999999999889 ) ) ;
#1417 = CARTESIAN_POINT ( 'NONE',  ( 0.2500000000000000000, 0.5000000000000000000, 0.3499999999999999778 ) ) ;
#1418 = DIRECTION ( 'NONE',  ( 0.0000000000000000000, -0.7071067811865480168, -0.7071067811865470176 ) ) ;
#1419 = DIRECTION ( 'NONE',  ( 0.0000000000000000000, 1.000000000000000000, -1.261617073437680020E-15 ) ) ;
#1420 = EDGE_CURVE ( 'NONE', #948, #52, #199, .T. ) ;
#1421 = VERTEX_POINT ( 'NONE', #1299 ) ;
#1422 = UNCERTAINTY_MEASURE_WITH_UNIT (LENGTH_MEASURE( 1.000000000000000082E-05 ), #1212, 'distance_accuracy_value', 'NONE');
#1423 = DIRECTION ( 'NONE',  ( 1.000000000000000000, 1.249286453892758019E-16, -1.249286453892759744E-16 ) ) ;
#1424 = EDGE_LOOP ( 'NONE', ( #4, #1255, #928, #1368 ) ) ;
#1425 = DIRECTION ( 'NONE',  ( -1.000000000000000000, -0.0000000000000000000, -0.0000000000000000000 ) ) ;
#1426 = ORIENTED_EDGE ( 'NONE', *, *, #282, .T. ) ;
#1427 = FILL_AREA_STYLE_COLOUR ( '', #588 ) ;
#1428 = DIRECTION ( 'NONE',  ( 0.0000000000000000000, 1.000000000000000000, 0.0000000000000000000 ) ) ;
#1429 = VERTEX_POINT ( 'NONE', #878 ) ;
#1430 = EDGE_CURVE ( 'NONE', #603, #1294, #543, .T. ) ;
#1431 = CARTESIAN_POINT ( 'NONE',  ( 0.2489999999999999714, 0.0000000000000000000, 0.05000000000000029421 ) ) ;
#1432 = ORIENTED_EDGE ( 'NONE', *, *, #365, .F. ) ;
#1433 = ADVANCED_FACE ( 'NONE', ( #518 ), #623, .T. ) ;
#1434 = VECTOR ( 'NONE', #1239, 1000.000000000000000 ) ;
#1435 = CARTESIAN_POINT ( 'NONE',  ( -0.2000000000000000111, -0.3400000000000000244, 0.3500000000000003109 ) ) ;
#1436 = APPLICATION_PROTOCOL_DEFINITION ( 'draft international standard', 'automotive_design', 1998, #856 ) ;
#1437 = COLOUR_RGB ( '',0.03921568627450980338, 0.03921568627450980338, 0.03921568627450980338 ) ;
#1438 = VECTOR ( 'NONE', #899, 1000.000000000000000 ) ;
#1439 = CARTESIAN_POINT ( 'NONE',  ( 0.2500000000000000000, 0.5000000000000000000, 1.640759287694732180E-16 ) ) ;
#1440 = VECTOR ( 'NONE', #1173, 1000.000000000000000 ) ;
#1441 = PRODUCT ( '703EB0B7-2396-4051-91D3-946B22CEEB90', '703EB0B7-2396-4051-91D3-946B22CEEB90', '', ( #784 ) ) ;
#1442 = DIRECTION ( 'NONE',  ( 1.000000000000000000, 0.0000000000000000000, 0.0000000000000000000 ) ) ;
#1443 = FACE_OUTER_BOUND ( 'NONE', #276, .T. ) ;
#1444 = LINE ( 'NONE', #853, #866 ) ;
#1445 = ADVANCED_FACE ( 'NONE', ( #984 ), #1306, .T. ) ;
#1446 = CARTESIAN_POINT ( 'NONE',  ( 0.0000000000000000000, -0.4500000000000000666, 0.2999999999999999889 ) ) ;
#1447 = ORIENTED_EDGE ( 'NONE', *, *, #1272, .F. ) ;
#1448 = CARTESIAN_POINT ( 'NONE',  ( 0.2489999999999999714, 0.4500000000000000666, 0.1749999999999999889 ) ) ;
#1449 = LINE ( 'NONE', #991, #656 ) ;
#1450 =( NAMED_UNIT ( * ) PLANE_ANGLE_UNIT ( ) SI_UNIT ( $, .RADIAN. ) );
#1451 = CARTESIAN_POINT ( 'NONE',  ( 0.2500000000000000000, 0.5000000000000000000, 0.3499999999999999778 ) ) ;
#1452 = EDGE_LOOP ( 'NONE', ( #1233, #241, #242, #1314, #1342, #663, #708, #137 ) ) ;
#1453 = CARTESIAN_POINT ( 'NONE',  ( -0.2500000000000000000, -0.4500000000000000666, 0.2999999999999999889 ) ) ;
#1454 = ORIENTED_EDGE ( 'NONE', *, *, #275, .T. ) ;
#1455 = CARTESIAN_POINT ( 'NONE',  ( 0.2000000000000000111, -0.2899999999999999245, 0.3299999999999999600 ) ) ;
#1456 = CARTESIAN_POINT ( 'NONE',  ( 0.2489999999999999714, 0.3400000000000000799, 0.3000000000000001554 ) ) ;
#1457 = ORIENTED_EDGE ( 'NONE', *, *, #1295, .F. ) ;
#1458 = DIRECTION ( 'NONE',  ( 0.0000000000000000000, 0.0000000000000000000, -1.000000000000000000 ) ) ;
#1459 = ORIENTED_EDGE ( 'NONE', *, *, #810, .T. ) ;
#1460 = SURFACE_STYLE_FILL_AREA ( #1014 ) ;
#1461 = LINE ( 'NONE', #1351, #46 ) ;
#1462 = EDGE_CURVE ( 'NONE', #439, #130, #287, .T. ) ;
#1463 = VECTOR ( 'NONE', #636, 1000.000000000000000 ) ;
#1464 = VERTEX_POINT ( 'NONE', #1196 ) ;
#1465 = PLANE ( 'NONE',  #907 ) ;
#1466 = ORIENTED_EDGE ( 'NONE', *, *, #8, .F. ) ;
#1467 = CARTESIAN_POINT ( 'NONE',  ( -0.2000000000000000111, 0.3400000000000000244, 0.3499999999999999778 ) ) ;
#1468 = ADVANCED_FACE ( 'NONE', ( #1104 ), #647, .T. ) ;
ENDSEC;
END-ISO-10303-21;
